Timestamp,Pernyataan Kesediaan Menjadi Responden (Informed Consent),Inisial Nama,No HP (WhatsApp),Domisili,Jenis Kelamin,Usia,Pendidikan Terakhir,Status Pernikahan,Status Pekerjaan,Rata-rata Pendapatan Keluarga Perbulan (Rp),Usia Pernikahan,Usia Saat Menikah,Jumlah Anak,Status Tempat Tinggal,Alasan bercerai,Usia pernikahan sebelum bercerai,Usia saat menikah,Usia saat bercerai,Jumlah anak,Status Tempat Tinggal,Alasan perceraian terakhir,Usia saat bercerai,Usia pernikahan perceraian terakhir,Usia saat menikah pada pernikahan saat ini,Usia pernikahan saat ini,Jumlah anak,Status Tempat Tinggal,"1. Jika pertengkaran saya dan pasangan mulai memanas, dan salah satu dari kita meminta maaf maka masalah tidak akan berlarut.","2. Ketika keadaan menjadi sulit, saya tahu bahwa saya dan pasangan dapat  mengabaikan perbedaan diantara kami.","3. Dalam situasi tertentu, saya dan pasangan dapat mendiskusikan kembali masalah yang diperdebatkan dan memperbaikinya.","4. Saat terjadi pertengkaran, saya percaya bahwa komunikasi dengan pasangan pada akhirnya dapat menyelesaikan masalah.",5. Waktu yang saya habiskan bersama pasangan merupakan momen yang istimewa bagi kami.,6. Saya dan pasangan menghabiskan waktu bersama dirumah.,"7. Dirumah, saya dan pasangan tidak hanya sekadar berbagi tempat yang sama, melainkan sebuah keluarga yang erat.",8. Saya menikmati saat-saat liburan bersama pasangan.,9. Saya menikmati bepergian bersama pasangan.,10. Saya dan pasangan memiliki tujuan yang sama.,11. Saya merasa bahwa perjalanan hidup saya dan pasangan akan tetap berjalan searah dan saling mendukung hingga masa depan.,12. Saya dan pasangan memiliki pandangan yang serupa tentang privasi.,13. Saya dan pasangan memiliki selera hiburan yang serupa.,"14. Saya dan pasangan memiliki tujuan dan prioritas yang sama terhadap orang-orang yang penting bagi kami (anak, teman dan lainnya).",15. Saya dan pasangan memiliki impian  hidup yang sama dan selaras.,16.  Saya dan pasangan memiliki pandangan yang sama tentang cinta. ,17. Saya dan pasangan memiliki pandangan yang sama tentang bagaimana cara untuk bahagia.,18.  Saya dan pasangan memiliki pandangan yang serupa tentang bagaimana seharusnya menjalani sebuah pernikahan. ,19.  Saya dan pasangan memiliki pandangan yang sama mengenai pembagian peran dalam pernikahan.,20. Saya dan pasangan memiliki nilai-nilai yang sama mengenai arti sebuah kepercayaan dalam hubungan.,21. Saya tahu apa yang disukai pasangan saya,22. Saya tahu bagaimana pasangan saya ingin dirawat ketika sedang sakit.,23. Saya mengetahui makanan favorit pasangan saya.,24. Saya mengetahui berbagai tekanan atau masalah yang sedang dihadapi pasangan saya.,25. Saya memahami perasaan dan pikiran pasangan saya,26. Saya tahu hal-hal yang membuat pasangan saya khawatir.,27. Saya mengetahui sumber stres yang sedang dialami pasangan saya sehari-hari,28. Saya mengetahui harapan dan keinginan pasangan saya.,29. Saya mengenal pasangan saya dengan sangat baik.,30. Saya mengetahui siapa saja teman-teman dan lingkungan pergaulan pasangan saya.,"31. Saat bertengkar dengan pasangan, saya merasa cenderung bersikap agresif. ","32. Dalam pertengkaran, saya menggunakan kalimat “kamu selalu” atau “kamu tidak pernah”.","33. Ketika bertengkar, saya menyinggung tentang kepribadian negatif / hal negatif / kekurangan dalam diri pasangan saya.","34. Ketika bertengkar, saya menggunakan kata kata menyakitkan / umpatan.","35.  Ketika bertengkar, saya menghina pasangan saya. ","36. Dalam pertengkaran, saya merendahkan pasangan.","37. Dalam pertengkaran, saya dan pasangan tidak berakhir damai. ",38. Saya tidak menyukai cara pasangan memulai sebuah topik pembicaraan.,39. Pertengkaran terjadi secara tiba-tiba.,"40. Bahkan sebelum memahami apa yang terjadi, saya dan pasangan sudah mulai bertengkar","41. Saat berbicara dengan pasangan tentang suatu masalah, ketenangan saya bisa tiba-tiba hilang.","42.  Ketika bertengkar dengan pasangan, saya hanya menutup diri dan tidak mengatakan sepatah kata pun.",43. Saya memilih membisu/menutup diri hanya demi meredam suasana.,44. Saya berpikir bahwa meninggalkan rumah untuk sementara waktu akan menjadi hal yang baik.,"45. Daripada bertengkar dengan pasangan, saya lebih memilih untuk mendiamkannya/ tidak merespon lagi.","46. Sekalipun saya berada di pihak yang benar,  saya memilih untuk tidak merespon pasangan saat terjadi pertengkaran. ","47. Saat bertengkar dengan pasangan, saya memilih untuk menarik diri karena khawatir akan lepas kendali.","48. Dalam pertengkaran dengan pasangan, saya merasa bahwa saya yang benar.","49. Hal-hal yang dituduhkan pasangan kepada saya, tidak ada hubungan dengan saya.",50. Sebenarnya bukan saya yang bersalah atas hal-hal yang dituduhkan kepada saya,51. Saya bukan pihak yang bersalah atas masalah-masalah di rumah.,52.Saya secara blakblakan memberi tahu kekurangan pasangan.,"53. Dalam pertengkaran, saya mengungkit kekurangan pasangan saya.",54. Saya mengatakan kepada pasangan mengenai ketidakmampuan atau kelemahannya.,1. Menurut saya seorang suami wajar menampar istrinya jika melakukan kesalahan.,2. Menurut saya seorang suami perlu mengintai seluruh aktivitas istrinya dari jauh,3. Menurut saya suami boleh menyadap alat komunikasi istrinya,4. Menurut saya seorang suami tidak boleh menyalahkan istri atas segala permasalahan yang ada di dalam keluarga,5. Menurut saya seorang suami pantas menghina istri karena menganggap tidak becus mengurus anak dan rumah tangga,6. Menurut saya seorang suami tidak boleh mencekik istrinya saat terjadi pertengkaran,"7. Menurut saya jika seorang istri yang menyebabkan terjadinya pertengkaran, maka suami boleh mengancam dengan kepalan tangan untuk menghentikan perilaku istrinya",8. Saya merasa seorang suami boleh berbicara dengan nada keras pada istri yang melakukan kesalahan,9.Menurut saya seorang suami menghubungi istrinya setiap saat kerena rasa cemburu,10. Menurut saya seorang suami boleh memarahi isstri dengan kata-kata kasar,11. Saya merasa kesal jika melihat seorang suami membentak istri saat melakukan kesalahan,12. Saya merasa kesal jika mendengar suami memaksa istrinya melakukan kekerasan seksual secara tidak wajar,13. Saya merasa biasa saja saat melihat seorang suami mendorong istri sampai terjatuh,14. Saya marah jika mengetahui suami memaksa istrinya untuk melakukan hubungan seksual walaupun dalam keadaan sakit ataupun lelah,15. Saya merasa kesal jika mengetahui ada seorang suami yang melacak keberadaan istrinya menggunakan handphone setiap saat karena curiga,16. Saya biasa saja saat melihat seorang suami yang merendahkan istrinya,17. Saya marah seorang suami melakukan hal yang dapat melukai istrinya,18. Saya akan marah jika mengetahui suami mencaci istrinya,19. Saya merasa kesal jika suami memaksa istrinya melakukan hubungan seksual saat datang bulan,20. Saya tersulut emosi ketika suami mengancam istri dengan kepalan,21. Saya tidak suka saat melihat seorang suami yang memberikan komentar yang dapat melukai persaan istri,22. Saya senang bila seorang suami memperdulikan istri yang dalam keadaan sakit,23. Saya akan menasehati jika melihat seorang suami merusak barang-barang milik istrinya karena curiga,24. Saya merasa biasa saja jika mengetahui suami memaksa melakukan kekerasan pada saat berhubungan intim hingga merasa kesakitan,25. Tidak masalah bagi saya jika ada suami yang memaksa istri melakukan hubungan seksual sementara istri tidak menginginkannya,26. Saya akan membiarkan jika melihat suami memarahi istri dengan kata-kata kasar,27. Saya akan mencari bantuan jika seorang suami mengancamkan membunuh istrinya saat terjadi pertengkaran,28. Saya akan menesehati jika seorang suami yang terus menerus menelpon istrinya karena curiga,29. Saya akan membiarkan jika seorang suami menendang istrinya dengan keras terhadap istri,30. Saya akan melapor ke polisi jika saya mengetahui adanya perlakuan seorang suami yang secara sengaja melukai istrinya,31. Saya akan bertindak jika mengetahui suami memaksa istri untuk melakukan hubungan seksual dengan orang lain sebagai alasan untuk memenuhi kebutuhan ekonomi,32. Saya akan menolong jika saya melihatseorang suami menganiaya istrinya,33. Saya tidak akan membiarkan jika seorang suami menghubungi istrinya setiap saat karena rasa cemburu,"34. Saya tidak peduli jika seorang suami menghina istrinya dengan sebutan yang tidak menyenangkan seperti tolol, bodoh, jelek dan lain-lain",35. Saya akan melapor jika seorang suami mengurung atau menyekap istrinya dalam ruangan,36. Saya tidak akan membiarkan seorang suami jika suami mendorong kepala istrinya dengan keras,37. Saya akan menasehati jika suami memaksa istri melakukan hubungan seksual,38. Saya akan mencari bantuan jika suami melakukan suatu hal untuk menakuti istrinya,39. Saya tidak akan menghalangi jika ada suami meraba-raba atau menyentuh bagian sensitif istri secara paksa hingga terluka,40. Saya akan menasehati istri untuk menyampaikan pendapatnya apabila merasa tidak nyaman dalam berhubungan seksual,1. Seberapa tingkat stress keuangan Anda hari ini?,2. Seberapa puas anda dengan kondisi keuangan Anda saat ini?,3. Bagaimana perasaan Anda mengenai kondisi keuangan Anda saat ini?,4. Seberapa sering Anda merasa khawatir tidak dapat memenuhi biaya hidup bulanan seperti biasanya?,5. Seberapa yakin Anda bisa mendapatkan uang untuk mengatasi keadaan darurat keuangan yang membutuhkan sekitar Rp15.000.000?,"6. Seberapa sering Anda mengurungkan niat untuk pergi makan di luar, menonton film, atau melakukan sesuatu yang lain karena merasa tidak mampu?","7. Seberapa sering Anda merasa hanya memiliki uang yang cukup untuk hidup, dan hidup dari gaji ke gaji?",8. Seberapa stress Anda terhadap keuangan pribadi Anda secara umum?,Nama Enumerator (inisial),Column 131
16/08/2026 13:50:28,"Ya, Saya bersedia",JL,081360299868,Kopelma darussalam ,Perempuan,60,S1,Menikah,IRT,>20 jt,35,25,6,Rumah Sendiri,,,,,,,,,,,,,,Sering,Sering,Sering,Sering,Sering,Sering,Sering,Selalu,Selalu,Selalu,Selalu,Sering,Sering,Selalu,Selalu,Selalu,Selalu,Selalu,Selalu,Sering,Selalu,Selalu,Selalu,Sering,Selalu,Selalu,Selalu,Selalu,Selalu,Kadang-kadang,Jarang,Jarang,Tidak Pernah,Tidak Pernah,Tidak Pernah,Tidak Pernah,Jarang,Jarang,Tidak Pernah,Tidak Pernah,Tidak Pernah,Kadang-kadang,Kadang-kadang,Tidak Pernah,Kadang-kadang,Jarang,Kadang-kadang,Jarang,Tidak Pernah,Tidak Pernah,Kadang-kadang,Kadang-kadang,Jarang,Jarang,Sangat Tidak Setuju,Tidak Setuju,Tidak Setuju,Setuju,Sangat Tidak Setuju,Sangat Setuju,Sangat Tidak Setuju,Tidak Setuju,Tidak Setuju,Sangat Tidak Setuju,Setuju,Setuju,Sangat Tidak Setuju,Setuju,Setuju,Tidak Setuju,Setuju,Setuju,Sangat Setuju,Sangat Setuju,Setuju,Sangat Setuju,Setuju,Sangat Tidak Setuju,Tidak Setuju,Sangat Tidak Setuju,Setuju,Setuju,Sangat Tidak Setuju,Sangat Setuju,Sangat Setuju,Sangat Setuju,Setuju,Tidak Setuju,Sangat Setuju,Sangat Setuju,Setuju,Setuju,Tidak Setuju,Setuju,9,9,8,9,8,7,7,9,AL,
16/08/2026 13:56:14,"Ya, Saya bersedia",YM,+62 822-3976-6928,Baiturrahman,Perempuan,27,S1,Menikah,irt,>10 jt,3 tahun,25,-,rumah ortu,,,,,,,,,,,,,,Sering,Kadang-kadang,Sering,Selalu,Selalu,Sering,Sering,Selalu,Selalu,Sering,Sering,Kadang-kadang,Kadang-kadang,Sering,Sering,Sering,Sering,Kadang-kadang,Kadang-kadang,Sering,Sering,Selalu,Selalu,Sering,Sering,Sering,Kadang-kadang,Sering,Sering,Kadang-kadang,Kadang-kadang,Jarang,Jarang,Tidak Pernah,Tidak Pernah,Tidak Pernah,Tidak Pernah,Tidak Pernah,Tidak Pernah,Tidak Pernah,Tidak Pernah,Tidak Pernah,Jarang,Jarang,Tidak Pernah,Tidak Pernah,Jarang,Kadang-kadang,Tidak Pernah,Tidak Pernah,Kadang-kadang,Kadang-kadang,Jarang,Jarang,Sangat Tidak Setuju,Tidak Setuju,Sangat Tidak Setuju,Tidak Setuju,Sangat Tidak Setuju,Sangat Setuju,Sangat Tidak Setuju,Tidak Setuju,Tidak Setuju,Sangat Tidak Setuju,Setuju,Sangat Setuju,Sangat Tidak Setuju,Sangat Setuju,Setuju,Sangat Tidak Setuju,Sangat Setuju,Sangat Setuju,Sangat Setuju,Setuju,Setuju,Sangat Setuju,Setuju,Sangat Tidak Setuju,Sangat Tidak Setuju,Sangat Tidak Setuju,Sangat Setuju,Setuju,Sangat Tidak Setuju,Setuju,Sangat Setuju,Sangat Setuju,Setuju,Sangat Tidak Setuju,Sangat Setuju,Sangat Setuju,Sangat Setuju,Sangat Setuju,Sangat Tidak Setuju,Sangat Setuju,8,7,8,10,10,9,10,8,AL,
16/08/2026 14:02:41,"Ya, Saya bersedia",MY,081263107146,KOPELMA DARUSSALAM,Laki-laki,60,S3,Menikah,pns,30 jt,35 th,25 th,6,orangtua/ warisan,,,,,,,,,,,,,,Tidak pernah,Selalu,Selalu,Selalu,Selalu,Selalu,Selalu,Selalu,Selalu,Selalu,Selalu,Selalu,Selalu,Selalu,Selalu,Selalu,Selalu,Selalu,Selalu,Selalu,Selalu,Selalu,Selalu,Selalu,Selalu,Selalu,Selalu,Selalu,Selalu,Selalu,Kadang-kadang,Tidak Pernah,Tidak Pernah,Tidak Pernah,Tidak Pernah,Tidak Pernah,Tidak Pernah,Tidak Pernah,Tidak Pernah,Tidak Pernah,Jarang,Sering,Sering,Jarang,Sering,Sering,Sering,Jarang,Kadang-kadang,Kadang-kadang,Kadang-kadang,Kadang-kadang,Tidak Pernah,Jarang,Sangat Tidak Setuju,Sangat Tidak Setuju,Sangat Tidak Setuju,Tidak Setuju,Sangat Tidak Setuju,Sangat Setuju,Sangat Tidak Setuju,Sangat Tidak Setuju,Tidak Setuju,Sangat Tidak Setuju,Sangat Setuju,Sangat Setuju,Sangat Tidak Setuju,Sangat Setuju,Sangat Setuju,Sangat Tidak Setuju,Sangat Setuju,Sangat Setuju,Sangat Setuju,Sangat Setuju,Sangat Setuju,Sangat Tidak Setuju,Sangat Setuju,Sangat Tidak Setuju,Sangat Tidak Setuju,Sangat Tidak Setuju,Sangat Setuju,Sangat Setuju,Sangat Tidak Setuju,Setuju,Sangat Setuju,Sangat Setuju,Sangat Setuju,Tidak Setuju,Setuju,Sangat Setuju,Setuju,Setuju,Sangat Tidak Setuju,Setuju,10,10,10,10,10,10,10,10,AL,
16/08/2026 14:07:29,"Ya, Saya bersedia",K,-,"Baiturrahman, Banda Aceh",Laki-laki,30,S2,Menikah,pns,>10 jt,3,27,-,Rumah Keluarga,,,,,,,,,,,,,,Kadang-kadang,Sering,Sering,Selalu,Selalu,Sering,Selalu,Selalu,Selalu,Selalu,Selalu,Sering,Sering,Selalu,Selalu,Selalu,Selalu,Sering,Sering,Sering,Selalu,Selalu,Selalu,Selalu,Sering,Sering,Sering,Sering,Selalu,Selalu,Tidak Pernah,Jarang,Tidak Pernah,Tidak Pernah,Tidak Pernah,Tidak Pernah,Jarang,Jarang,Tidak Pernah,Tidak Pernah,Tidak Pernah,Tidak Pernah,Kadang-kadang,Tidak Pernah,Jarang,Tidak Pernah,Tidak Pernah,Tidak Pernah,Tidak Pernah,Jarang,Jarang,Kadang-kadang,Tidak Pernah,Tidak Pernah,Sangat Tidak Setuju,Sangat Tidak Setuju,Sangat Tidak Setuju,Sangat Setuju,Sangat Tidak Setuju,Sangat Setuju,Sangat Tidak Setuju,Sangat Tidak Setuju,Sangat Tidak Setuju,Sangat Tidak Setuju,Sangat Setuju,Sangat Setuju,Sangat Tidak Setuju,Sangat Setuju,Sangat Setuju,Sangat Tidak Setuju,Sangat Setuju,Sangat Setuju,Sangat Setuju,Sangat Setuju,Sangat Setuju,Sangat Setuju,Setuju,Sangat Tidak Setuju,Sangat Tidak Setuju,Sangat Tidak Setuju,Sangat Setuju,Setuju,Sangat Tidak Setuju,Sangat Setuju,Sangat Setuju,Sangat Setuju,Setuju,Sangat Tidak Setuju,Sangat Setuju,Sangat Setuju,Setuju,Setuju,Sangat Tidak Setuju,Sangat Setuju,9,9,8,8,9,8,8,8,AL,
16/08/2026 17:31:06,"Ya, Saya bersedia",Cut Julia,081247606883,Banda Aceh,Perempuan,50,S1,Pernah Bercerai,PNS,7.000.000,,,,,,,,,,,Suami Meninggal,41,15,-,-,2,Rumah Sendiri,Sering,Sering,Sering,Sering,Sering,Sering,Sering,Sering,Sering,Sering,Sering,Sering,Kadang-kadang,Sering,Sering,Sering,Sering,Sering,Sering,Sering,Sering,Sering,Sering,Sering,Sering,Sering,Sering,Sering,Sering,Sering,Jarang,Jarang,Jarang,Jarang,Jarang,Jarang,Tidak Pernah,Jarang,Jarang,Tidak Pernah,Jarang,Jarang,Jarang,Tidak Pernah,Jarang,Kadang-kadang,Kadang-kadang,Kadang-kadang,Kadang-kadang,Kadang-kadang,Kadang-kadang,Kadang-kadang,Jarang,Jarang,Sangat Tidak Setuju,Tidak Setuju,Sangat Tidak Setuju,Setuju,Sangat Tidak Setuju,Sangat Setuju,Sangat Tidak Setuju,Tidak Setuju,Tidak Setuju,Tidak Setuju,Setuju,Sangat Setuju,Sangat Tidak Setuju,Sangat Setuju,Sangat Setuju,Tidak Setuju,Sangat Setuju,Setuju,Sangat Setuju,Sangat Setuju,Setuju,Sangat Setuju,Setuju,Sangat Tidak Setuju,Sangat Tidak Setuju,Tidak Setuju,Sangat Setuju,Setuju,Sangat Tidak Setuju,Sangat Setuju,Sangat Setuju,Sangat Setuju,Setuju,Tidak Setuju,Sangat Setuju,Sangat Setuju,Sangat Setuju,Setuju,Sangat Tidak Setuju,Setuju,8,8,8,8,10,8,8,8,JC,
16/08/2026 19:59:21,"Ya, Saya bersedia",NFA,-,Banda Aceh,Perempuan,37,S2,Menikah,WiraSwasta,5 jt,12,25,3,Rumah Sewa,,,,,,,,,,,,,,Selalu,Sering,Sering,Selalu,Selalu,Sering,Selalu,Selalu,Sering,Sering,Sering,Sering,Sering,Sering,Sering,Sering,Sering,Sering,Sering,Sering,Sering,Sering,Selalu,Sering,Sering,Sering,Sering,Sering,Sering,Sering,Jarang,Kadang-kadang,Jarang,Tidak Pernah,Tidak Pernah,Tidak Pernah,Tidak Pernah,Tidak Pernah,Tidak Pernah,Tidak Pernah,Tidak Pernah,Jarang,Jarang,Tidak Pernah,Kadang-kadang,Sering,Sering,Kadang-kadang,Tidak Pernah,Tidak Pernah,Tidak Pernah,Kadang-kadang,Tidak Pernah,Tidak Pernah,Sangat Tidak Setuju,Sangat Tidak Setuju,Sangat Tidak Setuju,Sangat Setuju,Sangat Tidak Setuju,Sangat Setuju,Sangat Tidak Setuju,Sangat Tidak Setuju,Sangat Tidak Setuju,Sangat Tidak Setuju,Sangat Setuju,Sangat Setuju,Sangat Tidak Setuju,Sangat Setuju,Sangat Setuju,Sangat Tidak Setuju,Sangat Setuju,Sangat Setuju,Sangat Setuju,Sangat Setuju,Sangat Setuju,Sangat Setuju,Sangat Setuju,Sangat Tidak Setuju,Sangat Tidak Setuju,Sangat Tidak Setuju,Sangat Setuju,Setuju,Sangat Tidak Setuju,Sangat Setuju,Sangat Setuju,Sangat Setuju,Sangat Setuju,Sangat Tidak Setuju,Sangat Setuju,Sangat Setuju,Sangat Setuju,Sangat Setuju,Sangat Tidak Setuju,Sangat Setuju,5,5,5,5,5,5,8,5,Junicha,
16/08/2026 22:34:23,"Ya, Saya bersedia",F,082213422337,Aceh Besar,Perempuan,47,SMA,Menikah,IRT,-,25,21,4,Rumah Sendiri,,,,,,,,,,,,,,Sering,Kadang-kadang,Sering,Selalu,Sering,Sering,Selalu,Sering,Selalu,Selalu,Selalu,Sering,Kadang-kadang,Selalu,Selalu,Selalu,Selalu,Sering,Sering,Sering,Selalu,Sering,Selalu,Kadang-kadang,Sering,Sering,Kadang-kadang,Kadang-kadang,Selalu,Sering,Tidak Pernah,Jarang,Jarang,Tidak Pernah,Tidak Pernah,Tidak Pernah,Jarang,Kadang-kadang,Kadang-kadang,Jarang,Jarang,Kadang-kadang,Kadang-kadang,Tidak Pernah,Kadang-kadang,Kadang-kadang,Kadang-kadang,Jarang,Kadang-kadang,Kadang-kadang,Jarang,Jarang,Jarang,Jarang,Tidak Setuju,Tidak Setuju,Setuju,Sangat Setuju,Tidak Setuju,Sangat Setuju,Tidak Setuju,Tidak Setuju,Tidak Setuju,Tidak Setuju,Setuju,Setuju,Tidak Setuju,Sangat Setuju,Setuju,Tidak Setuju,Setuju,Sangat Setuju,Sangat Setuju,Setuju,Sangat Setuju,Setuju,Setuju,Tidak Setuju,Tidak Setuju,Tidak Setuju,Sangat Setuju,Setuju,Sangat Tidak Setuju,Setuju,Sangat Setuju,Setuju,Setuju,Sangat Tidak Setuju,Setuju,Setuju,Setuju,Setuju,Tidak Setuju,Setuju,5,4,3,2,1,2,2,5,F,
17/08/2026 12:46:15,"Ya, Saya bersedia",Dian,081397668378,Banda Aceh,Perempuan,47,S1,Menikah,Ibu rumah tangga,25-35 juta,28 tahun,19 tahun,2,Rumah Sendiri,,,,,,,,,,,,,,Tidak pernah,Jarang,Kadang-kadang,Kadang-kadang,Selalu,Jarang,Selalu,Kadang-kadang,Jarang,Sering,Selalu,Sering,Jarang,Selalu,Selalu,Kadang-kadang,Kadang-kadang,Kadang-kadang,Jarang,Sering,Sering,Selalu,Selalu,Jarang,Tidak Pernah,Jarang,Jarang,Kadang-kadang,Tidak Pernah,Selalu,Tidak Pernah,Jarang,Tidak Pernah,Tidak Pernah,Tidak Pernah,Tidak Pernah,Kadang-kadang,Sering,Selalu,Kadang-kadang,Sering,Sering,Selalu,Sering,Selalu,Selalu,Sering,Kadang-kadang,Sering,Sering,Sering,Tidak Pernah,Tidak Pernah,Tidak Pernah,Tidak Setuju,Setuju,Setuju,Setuju,Tidak Setuju,Setuju,Tidak Setuju,Tidak Setuju,Setuju,Tidak Setuju,Tidak Setuju,Setuju,Tidak Setuju,Tidak Setuju,Tidak Setuju,Tidak Setuju,Setuju,Setuju,Setuju,Setuju,Setuju,Sangat Setuju,Sangat Tidak Setuju,Tidak Setuju,Setuju,Setuju,Tidak Setuju,Tidak Setuju,Setuju,Tidak Setuju,Tidak Setuju,Tidak Setuju,Tidak Setuju,Tidak Setuju,Tidak Setuju,Tidak Setuju,Tidak Setuju,Tidak Setuju,Setuju,Tidak Setuju,8,8,8,10,9,7,2,9,Aliya,
17/08/2026 22:39:00,"Ya, Saya bersedia",Rina,081360088069,Banda Aceh ,Perempuan,45,S2,Menikah,PNS,8 juta,17 tahun,27,4 orang,Rumah Sendiri,,,,,,,,,,,,,,Selalu,Sering,Selalu,Selalu,Selalu,Sering,Selalu,Selalu,Selalu,Selalu,Selalu,Selalu,Kadang-kadang,Selalu,Selalu,Selalu,Selalu,Selalu,Selalu,Selalu,Sering,Sering,Selalu,Sering,Selalu,Sering,Kadang-kadang,Sering,Selalu,Selalu,Kadang-kadang,Tidak Pernah,Jarang,Tidak Pernah,Tidak Pernah,Tidak Pernah,Tidak Pernah,Jarang,Kadang-kadang,Tidak Pernah,Jarang,Kadang-kadang,Kadang-kadang,Tidak Pernah,Kadang-kadang,Kadang-kadang,Tidak Pernah,Kadang-kadang,Jarang,Tidak Pernah,Kadang-kadang,Tidak Pernah,Tidak Pernah,Jarang,Sangat Tidak Setuju,Tidak Setuju,Sangat Tidak Setuju,Setuju,Sangat Tidak Setuju,Sangat Setuju,Sangat Tidak Setuju,Sangat Tidak Setuju,Setuju,Sangat Tidak Setuju,Sangat Setuju,Sangat Setuju,Sangat Tidak Setuju,Sangat Setuju,Tidak Setuju,Sangat Tidak Setuju,Sangat Setuju,Sangat Setuju,Sangat Setuju,Sangat Setuju,Sangat Setuju,Sangat Setuju,Sangat Setuju,Sangat Tidak Setuju,Tidak Setuju,Sangat Tidak Setuju,Sangat Setuju,Tidak Setuju,Sangat Tidak Setuju,Sangat Setuju,Sangat Setuju,Sangat Setuju,Tidak Setuju,Sangat Tidak Setuju,Sangat Setuju,Sangat Setuju,Tidak Setuju,Sangat Setuju,Tidak Setuju,Sangat Setuju,10,10,10,9,9,10,9,9,Aliya,
18/08/2026 6:18:13,"Ya, Saya bersedia",AH,081360012813,Banda Aceh ,Perempuan,42 th,S1,Menikah,ASN,5 jt,20 tahun,22,6,Rumah Sendiri,,,,,,,,,,,,,,Selalu,Selalu,Sering,Selalu,Selalu,Kadang-kadang,Sering,Kadang-kadang,Sering,Selalu,Selalu,Sering,Sering,Selalu,Sering,Sering,Sering,Sering,Selalu,Selalu,Sering,Sering,Sering,Sering,Sering,Sering,Sering,Sering,Sering,Selalu,Jarang,Tidak Pernah,Jarang,Tidak Pernah,Tidak Pernah,Tidak Pernah,Tidak Pernah,Tidak Pernah,Tidak Pernah,Tidak Pernah,Tidak Pernah,Jarang,Jarang,Tidak Pernah,Tidak Pernah,Jarang,Jarang,Tidak Pernah,Tidak Pernah,Tidak Pernah,Tidak Pernah,Jarang,Tidak Pernah,Tidak Pernah,Sangat Tidak Setuju,Sangat Tidak Setuju,Sangat Tidak Setuju,Setuju,Sangat Tidak Setuju,Sangat Setuju,Sangat Tidak Setuju,Sangat Tidak Setuju,Sangat Tidak Setuju,Sangat Tidak Setuju,Sangat Setuju,Sangat Setuju,Sangat Tidak Setuju,Sangat Setuju,Sangat Setuju,Sangat Tidak Setuju,Sangat Setuju,Sangat Setuju,Sangat Setuju,Sangat Setuju,Sangat Setuju,Sangat Setuju,Sangat Setuju,Sangat Tidak Setuju,Sangat Tidak Setuju,Sangat Tidak Setuju,Sangat Setuju,Sangat Setuju,Sangat Tidak Setuju,Sangat Setuju,Sangat Setuju,Sangat Setuju,Sangat Setuju,Sangat Tidak Setuju,Sangat Setuju,Sangat Setuju,Sangat Setuju,Sangat Setuju,Sangat Tidak Setuju,Sangat Setuju,9,10,10,9,9,8,9,9,Aliya,
18/08/2026 7:01:03,"Ya, Saya bersedia",NF,081316920425,Ulee Kareng Banda Aceh,Perempuan,43,S1,Menikah,Ibu Rumah Tangga nyambi jualan online,3juta,20 tahun,23 tahun,4,Rumah Sewa,,,,,,,,,,,,,,Jarang,Jarang,Jarang,Jarang,Selalu,Sering,Tidak Pernah,Sering,Sering,Sering,Selalu,Selalu,Kadang-kadang,Selalu,Sering,Sering,Sering,Sering,Sering,Sering,Selalu,Selalu,Selalu,Selalu,Selalu,Selalu,Selalu,Selalu,Selalu,Selalu,Jarang,Jarang,Jarang,Tidak Pernah,Tidak Pernah,Tidak Pernah,Tidak Pernah,Jarang,Tidak Pernah,Tidak Pernah,Tidak Pernah,Tidak Pernah,Tidak Pernah,Tidak Pernah,Tidak Pernah,Tidak Pernah,Tidak Pernah,Tidak Pernah,Tidak Pernah,Tidak Pernah,Tidak Pernah,Kadang-kadang,Tidak Pernah,Jarang,Sangat Tidak Setuju,Sangat Tidak Setuju,Sangat Tidak Setuju,Setuju,Sangat Tidak Setuju,Sangat Tidak Setuju,Sangat Tidak Setuju,Sangat Tidak Setuju,Tidak Setuju,Sangat Tidak Setuju,Sangat Setuju,Sangat Setuju,Sangat Tidak Setuju,Setuju,Sangat Setuju,Tidak Setuju,Sangat Setuju,Sangat Setuju,Sangat Setuju,Sangat Setuju,Sangat Setuju,Sangat Setuju,Setuju,Sangat Tidak Setuju,Sangat Tidak Setuju,Tidak Setuju,Sangat Setuju,Tidak Setuju,Sangat Tidak Setuju,Setuju,Setuju,Setuju,Setuju,Sangat Tidak Setuju,Setuju,Sangat Setuju,Sangat Setuju,Sangat Setuju,Tidak Setuju,Setuju,8,8,8,8,8,8,8,8,Aliya,
18/08/2026 9:04:27,"Ya, Saya bersedia",Diana,082367760779,Banda Aceh,Perempuan,48,S2,Menikah,Dosen,5000000,26,23,2,Rumah Keluarga,,,,,,,,,,,,,,Kadang-kadang,Sering,Kadang-kadang,Kadang-kadang,Kadang-kadang,Kadang-kadang,Sering,Selalu,Selalu,Selalu,Selalu,Kadang-kadang,Kadang-kadang,Selalu,Selalu,Kadang-kadang,Kadang-kadang,Kadang-kadang,Kadang-kadang,Jarang,Kadang-kadang,Sering,Selalu,Sering,Kadang-kadang,Kadang-kadang,Sering,Selalu,Sering,Selalu,Sering,Sering,Sering,Jarang,Tidak Pernah,Jarang,Tidak Pernah,Jarang,Kadang-kadang,Kadang-kadang,Jarang,Kadang-kadang,Kadang-kadang,Jarang,Kadang-kadang,Kadang-kadang,Kadang-kadang,Sering,Jarang,Kadang-kadang,Kadang-kadang,Jarang,Kadang-kadang,Kadang-kadang,Sangat Tidak Setuju,Tidak Setuju,Tidak Setuju,Setuju,Tidak Setuju,Sangat Setuju,Sangat Tidak Setuju,Sangat Tidak Setuju,Setuju,Sangat Tidak Setuju,Sangat Setuju,Sangat Setuju,Sangat Tidak Setuju,Sangat Setuju,Sangat Setuju,Sangat Tidak Setuju,Sangat Setuju,Sangat Setuju,Sangat Setuju,Sangat Setuju,Sangat Setuju,Sangat Setuju,Tidak Setuju,Sangat Tidak Setuju,Sangat Tidak Setuju,Sangat Tidak Setuju,Sangat Setuju,Setuju,Sangat Tidak Setuju,Sangat Setuju,Sangat Setuju,Sangat Setuju,Setuju,Sangat Tidak Setuju,Sangat Setuju,Sangat Setuju,Sangat Setuju,Sangat Setuju,Sangat Tidak Setuju,Sangat Setuju,4,7,6,5,3,6,5,6,Ab,
18/08/2026 10:06:25,"Ya, Saya bersedia",NH,085260708575,Aceh Besar,Perempuan,46,S2,Menikah,PNS,16 Juta,22 Tahun,25 Tahun,4 Orang,Rumah Sendiri,,,,,,,,,,,,,,Kadang-kadang,Sering,Sering,Selalu,Sering,Sering,Selalu,Sering,Sering,Kadang-kadang,Selalu,Kadang-kadang,Jarang,Selalu,Sering,Sering,Sering,Sering,Sering,Selalu,Sering,Sering,Sering,Selalu,Selalu,Selalu,Selalu,Selalu,Selalu,Sering,Kadang-kadang,Kadang-kadang,Tidak Pernah,Tidak Pernah,Tidak Pernah,Tidak Pernah,Tidak Pernah,Tidak Pernah,Tidak Pernah,Tidak Pernah,Tidak Pernah,Tidak Pernah,Jarang,Tidak Pernah,Kadang-kadang,Kadang-kadang,Kadang-kadang,Jarang,Tidak Pernah,Kadang-kadang,Kadang-kadang,Jarang,Tidak Pernah,Kadang-kadang,Sangat Tidak Setuju,Sangat Tidak Setuju,Sangat Tidak Setuju,Sangat Setuju,Sangat Tidak Setuju,Sangat Setuju,Sangat Tidak Setuju,Sangat Tidak Setuju,Sangat Tidak Setuju,Sangat Tidak Setuju,Sangat Setuju,Sangat Setuju,Sangat Tidak Setuju,Sangat Setuju,Sangat Tidak Setuju,Sangat Tidak Setuju,Sangat Setuju,Sangat Setuju,Sangat Setuju,Sangat Setuju,Sangat Setuju,Sangat Setuju,Setuju,Sangat Tidak Setuju,Tidak Setuju,Sangat Tidak Setuju,Sangat Setuju,Setuju,Sangat Tidak Setuju,Sangat Setuju,Sangat Setuju,Sangat Setuju,Setuju,Sangat Tidak Setuju,Sangat Setuju,Sangat Setuju,Setuju,Sangat Setuju,Sangat Tidak Setuju,Setuju,9,9,9,9,9,6,7,8,ALIYA,
18/08/2026 10:11:39,"Ya, Saya bersedia",NE,08126907864,Banda Aceh,Perempuan,52,S1,Menikah,PNS,15 juta,26 tahun,25,1,Rumah Sendiri,,,,,,,,,,,,,,Selalu,Selalu,Selalu,Selalu,Sering,Sering,Sering,Selalu,Selalu,Sering,Sering,Selalu,Kadang-kadang,Selalu,Sering,Kadang-kadang,Sering,Sering,Sering,Selalu,Sering,Selalu,Selalu,Kadang-kadang,Sering,Sering,Sering,Sering,Sering,Kadang-kadang,Jarang,Kadang-kadang,Jarang,Tidak Pernah,Tidak Pernah,Tidak Pernah,Tidak Pernah,Kadang-kadang,Tidak Pernah,Tidak Pernah,Tidak Pernah,Kadang-kadang,Kadang-kadang,Jarang,Sering,Sering,Sering,Kadang-kadang,Selalu,Kadang-kadang,Kadang-kadang,Jarang,Jarang,Jarang,Sangat Tidak Setuju,Sangat Tidak Setuju,Sangat Tidak Setuju,Sangat Setuju,Sangat Tidak Setuju,Sangat Setuju,Tidak Setuju,Setuju,Sangat Tidak Setuju,Sangat Tidak Setuju,Sangat Setuju,Sangat Setuju,Sangat Tidak Setuju,Sangat Setuju,Sangat Setuju,Sangat Tidak Setuju,Sangat Setuju,Sangat Setuju,Sangat Setuju,Sangat Setuju,Sangat Setuju,Sangat Setuju,Sangat Setuju,Sangat Tidak Setuju,Sangat Tidak Setuju,Sangat Tidak Setuju,Sangat Setuju,Sangat Setuju,Sangat Tidak Setuju,Sangat Setuju,Sangat Setuju,Sangat Setuju,Sangat Setuju,Sangat Tidak Setuju,Sangat Setuju,Sangat Setuju,Sangat Setuju,Sangat Setuju,Sangat Tidak Setuju,Sangat Setuju,10,10,10,10,10,9,9,10,ALIYA,
18/08/2026 13:05:18,"Ya, Saya bersedia",Nelly Feryanti ,081315293242,Aceh besar,Perempuan,43 tahun ,S1,Menikah,IRT ,20 jt,21 thn ,23 tahun ,2,Rumah Sendiri,,,,,,,,,,,,,,Kadang-kadang,Jarang,Sering,Sering,Selalu,Selalu,Selalu,Selalu,Sering,Kadang-kadang,Selalu,Kadang-kadang,Sering,Selalu,Selalu,Sering,Selalu,Sering,Sering,Sering,Selalu,Selalu,Selalu,Jarang,Kadang-kadang,Sering,Kadang-kadang,Sering,Selalu,Selalu,Sering,Kadang-kadang,Tidak Pernah,Tidak Pernah,Tidak Pernah,Tidak Pernah,Tidak Pernah,Kadang-kadang,Kadang-kadang,Tidak Pernah,Kadang-kadang,Sering,Sering,Kadang-kadang,Sering,Sering,Kadang-kadang,Kadang-kadang,Kadang-kadang,Kadang-kadang,Kadang-kadang,Tidak Pernah,Tidak Pernah,Tidak Pernah,Sangat Tidak Setuju,Sangat Tidak Setuju,Sangat Tidak Setuju,Sangat Setuju,Sangat Tidak Setuju,Sangat Setuju,Sangat Setuju,Tidak Setuju,Tidak Setuju,Sangat Tidak Setuju,Setuju,Sangat Setuju,Sangat Tidak Setuju,Sangat Setuju,Setuju,Sangat Tidak Setuju,Sangat Setuju,Sangat Tidak Setuju,Setuju,Sangat Setuju,Sangat Setuju,Sangat Setuju,Setuju,Tidak Setuju,Setuju,Tidak Setuju,Sangat Setuju,Setuju,Sangat Tidak Setuju,Setuju,Sangat Setuju,Setuju,Setuju,Sangat Tidak Setuju,Setuju,Sangat Setuju,Setuju,Setuju,Tidak Setuju,Setuju,10,10,9,9,8,8,8,9,NF,
18/08/2026 13:36:06,"Ya, Saya bersedia",Liya,082297743575,Banda Aceh,Perempuan,34,S1,Menikah,IRT,3.000.000,7,36,1,Rumah Keluarga,,,,,,,,,,,,,,Kadang-kadang,Sering,Kadang-kadang,Kadang-kadang,Sering,Sering,Sering,Sering,Sering,Sering,Sering,Sering,Kadang-kadang,Kadang-kadang,Sering,Sering,Kadang-kadang,Sering,Kadang-kadang,Kadang-kadang,Kadang-kadang,Sering,Sering,Kadang-kadang,Kadang-kadang,Kadang-kadang,Tidak Pernah,Kadang-kadang,Kadang-kadang,Kadang-kadang,Tidak Pernah,Tidak Pernah,Tidak Pernah,Tidak Pernah,Tidak Pernah,Tidak Pernah,Tidak Pernah,Tidak Pernah,Tidak Pernah,Tidak Pernah,Kadang-kadang,Kadang-kadang,Jarang,Tidak Pernah,Kadang-kadang,Tidak Pernah,Tidak Pernah,Tidak Pernah,Tidak Pernah,Tidak Pernah,Tidak Pernah,Tidak Pernah,Tidak Pernah,Kadang-kadang,Sangat Tidak Setuju,Tidak Setuju,Sangat Tidak Setuju,Setuju,Sangat Tidak Setuju,Sangat Setuju,Sangat Tidak Setuju,Tidak Setuju,Tidak Setuju,Tidak Setuju,Setuju,Sangat Setuju,Tidak Setuju,Sangat Setuju,Setuju,Tidak Setuju,Setuju,Setuju,Sangat Setuju,Sangat Setuju,Setuju,Setuju,Setuju,Tidak Setuju,Tidak Setuju,Tidak Setuju,Setuju,Setuju,Tidak Setuju,Setuju,Sangat Setuju,Sangat Setuju,Setuju,Sangat Tidak Setuju,Setuju,Setuju,Setuju,Setuju,Tidak Setuju,Sangat Setuju,8,8,8,5,2,7,7,7,LN,
18/08/2026 18:32:52,"Ya, Saya bersedia",Amir,081269020192,Banda Aceh,Laki-laki,35,S2,Menikah,ASN,6 Jt,4 Thn,31,0,Rumah Sendiri,,,,,,,,,,,,,,Selalu,Selalu,Selalu,Selalu,Selalu,Selalu,Selalu,Selalu,Selalu,Selalu,Selalu,Selalu,Selalu,Selalu,Selalu,Selalu,Selalu,Selalu,Selalu,Selalu,Selalu,Selalu,Selalu,Selalu,Selalu,Selalu,Selalu,Selalu,Selalu,Tidak Pernah,Tidak Pernah,Tidak Pernah,Tidak Pernah,Tidak Pernah,Tidak Pernah,Tidak Pernah,Tidak Pernah,Tidak Pernah,Tidak Pernah,Tidak Pernah,Tidak Pernah,Tidak Pernah,Tidak Pernah,Tidak Pernah,Selalu,Tidak Pernah,Selalu,Tidak Pernah,Tidak Pernah,Tidak Pernah,Tidak Pernah,Tidak Pernah,Tidak Pernah,Selalu,Sangat Tidak Setuju,Sangat Tidak Setuju,Sangat Tidak Setuju,Sangat Setuju,Sangat Tidak Setuju,Sangat Setuju,Sangat Tidak Setuju,Sangat Tidak Setuju,Sangat Tidak Setuju,Sangat Tidak Setuju,Sangat Tidak Setuju,Sangat Tidak Setuju,Sangat Tidak Setuju,Sangat Tidak Setuju,Sangat Tidak Setuju,Sangat Tidak Setuju,Sangat Tidak Setuju,Sangat Tidak Setuju,Sangat Tidak Setuju,Sangat Tidak Setuju,Sangat Tidak Setuju,Sangat Setuju,Sangat Setuju,Sangat Tidak Setuju,Sangat Tidak Setuju,Sangat Tidak Setuju,Sangat Setuju,Sangat Setuju,Sangat Tidak Setuju,Sangat Setuju,Sangat Setuju,Sangat Setuju,Sangat Tidak Setuju,Sangat Tidak Setuju,Sangat Setuju,Sangat Setuju,Sangat Setuju,Sangat Setuju,Sangat Tidak Setuju,Sangat Setuju,10,10,1,10,1,1,10,10,Am,
19/08/2026 7:44:49,"Ya, Saya bersedia",RO,08116810127,Banda Aceh,Perempuan,55 tahun,S3,Menikah,Dosen,15.000.000,28 tahun,27 tahun,2,Rumah Sendiri,,,,,,,,,,,,,,Selalu,Kadang-kadang,Kadang-kadang,Selalu,Selalu,Selalu,Selalu,Selalu,Selalu,Selalu,Selalu,Selalu,Kadang-kadang,Selalu,Selalu,Kadang-kadang,Kadang-kadang,Sering,Sering,Kadang-kadang,Selalu,Selalu,Selalu,Selalu,Selalu,Selalu,Selalu,Selalu,Selalu,Selalu,Kadang-kadang,Kadang-kadang,Kadang-kadang,Jarang,Jarang,Jarang,Jarang,Jarang,Jarang,Jarang,Kadang-kadang,Tidak Pernah,Tidak Pernah,Tidak Pernah,Tidak Pernah,Tidak Pernah,Tidak Pernah,Jarang,Kadang-kadang,Kadang-kadang,Kadang-kadang,Kadang-kadang,Kadang-kadang,Jarang,Sangat Tidak Setuju,Sangat Tidak Setuju,Sangat Tidak Setuju,Sangat Setuju,Sangat Tidak Setuju,Sangat Setuju,Sangat Tidak Setuju,Sangat Tidak Setuju,Sangat Tidak Setuju,Sangat Tidak Setuju,Sangat Setuju,Sangat Setuju,Sangat Tidak Setuju,Sangat Setuju,Sangat Setuju,Sangat Tidak Setuju,Sangat Setuju,Sangat Setuju,Sangat Setuju,Sangat Setuju,Sangat Setuju,Sangat Setuju,Sangat Setuju,Sangat Tidak Setuju,Sangat Tidak Setuju,Sangat Tidak Setuju,Sangat Setuju,Sangat Setuju,Sangat Tidak Setuju,Sangat Setuju,Sangat Setuju,Sangat Setuju,Sangat Setuju,Sangat Tidak Setuju,Sangat Setuju,Sangat Setuju,Sangat Setuju,Sangat Setuju,Sangat Tidak Setuju,Sangat Setuju,8,8,8,6,8,6,6,8,ALIYA,
19/08/2026 8:43:18,"Ya, Saya bersedia",K,082233596745,Lhong Raya,Perempuan,28,S1,Menikah,Guru,5.000.000,4 tahun,23 tahun,1,Rumah Sendiri,,,,,,,,,,,,,,Selalu,Sering,Selalu,Selalu,Selalu,Selalu,Selalu,Selalu,Selalu,Selalu,Selalu,Selalu,Sering,Selalu,Sering,Selalu,Sering,Selalu,Selalu,Selalu,Selalu,Selalu,Selalu,Selalu,Selalu,Selalu,Selalu,Selalu,Selalu,Selalu,Tidak Pernah,Jarang,Tidak Pernah,Tidak Pernah,Tidak Pernah,Tidak Pernah,Tidak Pernah,Tidak Pernah,Tidak Pernah,Tidak Pernah,Tidak Pernah,Jarang,Jarang,Tidak Pernah,Jarang,Jarang,Jarang,Jarang,Tidak Pernah,Tidak Pernah,Tidak Pernah,Tidak Pernah,Tidak Pernah,Jarang,Sangat Tidak Setuju,Setuju,Sangat Setuju,Setuju,Sangat Tidak Setuju,Sangat Tidak Setuju,Tidak Setuju,Tidak Setuju,Tidak Setuju,Sangat Tidak Setuju,Setuju,Sangat Setuju,Sangat Tidak Setuju,Setuju,Tidak Setuju,Sangat Tidak Setuju,Setuju,Setuju,Sangat Setuju,Setuju,Setuju,Sangat Setuju,Setuju,Tidak Setuju,Tidak Setuju,Tidak Setuju,Sangat Setuju,Tidak Setuju,Sangat Tidak Setuju,Setuju,Sangat Setuju,Setuju,Tidak Setuju,Tidak Setuju,Sangat Setuju,Sangat Setuju,Setuju,Setuju,Tidak Setuju,Setuju,8,9,8,8,6,9,9,9,NS,
19/08/2026 14:51:28,"Ya, Saya bersedia",Naila Fauziah ,085330386588,Aceh Besar,Perempuan,46 Tahun,S1,Menikah,Guru,8 juta,20 tahun,20 tahun,4,Rumah Sendiri,,,,,,,,,,,,,,Jarang,Kadang-kadang,Kadang-kadang,Sering,Sering,Sering,Sering,Selalu,Sering,Kadang-kadang,Sering,Sering,Kadang-kadang,Kadang-kadang,Kadang-kadang,Sering,Kadang-kadang,Kadang-kadang,Kadang-kadang,Sering,Sering,Sering,Sering,Kadang-kadang,Kadang-kadang,Sering,Kadang-kadang,Kadang-kadang,Sering,Kadang-kadang,Kadang-kadang,Kadang-kadang,Kadang-kadang,Tidak Pernah,Tidak Pernah,Jarang,Jarang,Kadang-kadang,Kadang-kadang,Kadang-kadang,Jarang,Jarang,Jarang,Tidak Pernah,Kadang-kadang,Jarang,Kadang-kadang,Kadang-kadang,Jarang,Jarang,Kadang-kadang,Jarang,Jarang,Jarang,Sangat Tidak Setuju,Tidak Setuju,Tidak Setuju,Tidak Setuju,Tidak Setuju,Sangat Setuju,Sangat Tidak Setuju,Sangat Tidak Setuju,Tidak Setuju,Sangat Tidak Setuju,Setuju,Setuju,Tidak Setuju,Setuju,Setuju,Sangat Tidak Setuju,Sangat Setuju,Setuju,Sangat Setuju,Setuju,Sangat Setuju,Sangat Setuju,Sangat Setuju,Sangat Tidak Setuju,Tidak Setuju,Sangat Tidak Setuju,Sangat Setuju,Sangat Setuju,Sangat Tidak Setuju,Sangat Setuju,Sangat Setuju,Sangat Setuju,Setuju,Sangat Setuju,Sangat Setuju,Sangat Setuju,Setuju,Sangat Setuju,Sangat Tidak Setuju,Setuju,3,8,8,7,7,8,7,8,Nisrina,
19/08/2026 15:06:28,"Ya, Saya bersedia",Naila,085330386588,Banda Aceh ,Perempuan,45 tahun,S1,Menikah,Guru,8 juta,20 tahun,21 tahun,4,Rumah Sendiri,,,,,,,,,,,,,,Jarang,Kadang-kadang,Sering,Sering,Sering,Sering,Kadang-kadang,Sering,Sering,Sering,Sering,Sering,Kadang-kadang,Sering,Kadang-kadang,Sering,Kadang-kadang,Sering,Kadang-kadang,Sering,Sering,Sering,Sering,Kadang-kadang,Kadang-kadang,Kadang-kadang,Kadang-kadang,Kadang-kadang,Sering,Sering,Kadang-kadang,Kadang-kadang,Kadang-kadang,Tidak Pernah,Tidak Pernah,Tidak Pernah,Kadang-kadang,Jarang,Kadang-kadang,Kadang-kadang,Jarang,Kadang-kadang,Kadang-kadang,Tidak Pernah,Kadang-kadang,Kadang-kadang,Kadang-kadang,Kadang-kadang,Kadang-kadang,Kadang-kadang,Kadang-kadang,Jarang,Jarang,Kadang-kadang,Tidak Setuju,Tidak Setuju,Tidak Setuju,Setuju,Tidak Setuju,Sangat Setuju,Tidak Setuju,Tidak Setuju,Tidak Setuju,Sangat Tidak Setuju,Sangat Setuju,Sangat Setuju,Tidak Setuju,Sangat Setuju,Sangat Setuju,Tidak Setuju,Sangat Setuju,Sangat Setuju,Sangat Setuju,Sangat Setuju,Sangat Setuju,Sangat Setuju,Sangat Setuju,Sangat Tidak Setuju,Tidak Setuju,Sangat Tidak Setuju,Sangat Setuju,Setuju,Sangat Tidak Setuju,Sangat Setuju,Sangat Setuju,Sangat Setuju,Setuju,Tidak Setuju,Sangat Setuju,Sangat Setuju,Sangat Setuju,Sangat Setuju,Tidak Setuju,Sangat Setuju,7,8,8,8,8,8,8,8,Nisrina,
19/08/2026 22:05:46,"Ya, Saya bersedia",Nad,082273488913,Lhong Raya,Perempuan,27,S1,Menikah,Guru,6.000.000,4 tahun,23,1,Rumah Sewa,,,,,,,,,,,,,,Jarang,Jarang,Sering,Selalu,Selalu,Selalu,Selalu,Sering,Selalu,Selalu,Selalu,Selalu,Selalu,Selalu,Selalu,Selalu,Selalu,Selalu,Selalu,Selalu,Sering,Selalu,Sering,Selalu,Selalu,Selalu,Selalu,Sering,Selalu,Selalu,Jarang,Jarang,Kadang-kadang,Kadang-kadang,Jarang,Tidak Pernah,Tidak Pernah,Tidak Pernah,Jarang,Jarang,Sering,Sering,Sering,Jarang,Sering,Jarang,Selalu,Kadang-kadang,Jarang,Jarang,Jarang,Tidak Pernah,Jarang,Sering,Sangat Tidak Setuju,Sangat Tidak Setuju,Sangat Tidak Setuju,Setuju,Sangat Tidak Setuju,Sangat Tidak Setuju,Sangat Tidak Setuju,Sangat Tidak Setuju,Tidak Setuju,Sangat Tidak Setuju,Sangat Tidak Setuju,Sangat Tidak Setuju,Sangat Tidak Setuju,Tidak Setuju,Tidak Setuju,Tidak Setuju,Tidak Setuju,Tidak Setuju,Sangat Tidak Setuju,Tidak Setuju,Tidak Setuju,Sangat Setuju,Setuju,Tidak Setuju,Setuju,Tidak Setuju,Setuju,Tidak Setuju,Sangat Tidak Setuju,Setuju,Sangat Tidak Setuju,Setuju,Tidak Setuju,Sangat Tidak Setuju,Setuju,Setuju,Setuju,Setuju,Tidak Setuju,Setuju,7,4,4,2,3,4,2,3,NS,
19/08/2026 22:23:38,"Ya, Saya bersedia",CM,081269589554,Kp. keuramat,Perempuan,44,S1,Cerai Hidup,MUA,8.000.000,,,,,Konflik berkepanjangan,3 tahun,33 tahun,36 tahun,1,Rumah Keluarga,,,,,,,,Kadang-kadang,Jarang,Kadang-kadang,Sering,Kadang-kadang,Sering,Jarang,Kadang-kadang,Kadang-kadang,Jarang,Jarang,Sering,Selalu,Selalu,Jarang,Jarang,Kadang-kadang,Jarang,Jarang,Kadang-kadang,Selalu,Selalu,Selalu,Selalu,Sering,Selalu,Selalu,Selalu,Selalu,Selalu,Jarang,Jarang,Jarang,Tidak Pernah,Tidak Pernah,Tidak Pernah,Kadang-kadang,Jarang,Sering,Sering,Sering,Jarang,Jarang,Kadang-kadang,Kadang-kadang,Sering,Sering,Tidak Pernah,Sering,Sering,Kadang-kadang,Kadang-kadang,Tidak Pernah,Tidak Pernah,Sangat Tidak Setuju,Setuju,Tidak Setuju,Sangat Setuju,Tidak Setuju,Sangat Tidak Setuju,Sangat Tidak Setuju,Sangat Tidak Setuju,Tidak Setuju,Sangat Tidak Setuju,Setuju,Sangat Setuju,Sangat Tidak Setuju,Sangat Setuju,Tidak Setuju,Sangat Tidak Setuju,Sangat Setuju,Setuju,Sangat Setuju,Sangat Setuju,Sangat Setuju,Sangat Setuju,Sangat Setuju,Sangat Tidak Setuju,Tidak Setuju,Tidak Setuju,Sangat Setuju,Setuju,Sangat Tidak Setuju,Sangat Setuju,Sangat Setuju,Sangat Setuju,Setuju,Tidak Setuju,Sangat Setuju,Sangat Setuju,Setuju,Setuju,Sangat Tidak Setuju,Sangat Setuju,6,7,5,5,4,5,5,6,NS,
19/08/2026 23:00:54,"Ya, Saya bersedia",SZ,081360391840,Kp. keuramat,Perempuan,45,S2,Menikah,PNS,20.000.000,8,37,1,Rumah Sendiri,,,,,,,,,,,,,,Sering,Selalu,Selalu,Selalu,Selalu,Kadang-kadang,Sering,Selalu,Sering,Kadang-kadang,Sering,Kadang-kadang,Kadang-kadang,Sering,Kadang-kadang,Sering,Selalu,Sering,Sering,Selalu,Kadang-kadang,Kadang-kadang,Sering,Kadang-kadang,Kadang-kadang,Sering,Kadang-kadang,Kadang-kadang,Sering,Kadang-kadang,Sering,Sering,Kadang-kadang,Tidak Pernah,Tidak Pernah,Tidak Pernah,Tidak Pernah,Kadang-kadang,Jarang,Tidak Pernah,Tidak Pernah,Tidak Pernah,Tidak Pernah,Tidak Pernah,Kadang-kadang,Jarang,Jarang,Kadang-kadang,Tidak Pernah,Tidak Pernah,Jarang,Kadang-kadang,Tidak Pernah,Tidak Pernah,Tidak Setuju,Tidak Setuju,Tidak Setuju,Setuju,Tidak Setuju,Tidak Setuju,Tidak Setuju,Setuju,Tidak Setuju,Tidak Setuju,Setuju,Tidak Setuju,Sangat Setuju,Sangat Setuju,Sangat Tidak Setuju,Sangat Tidak Setuju,Sangat Setuju,Sangat Setuju,Sangat Setuju,Sangat Setuju,Tidak Setuju,Sangat Setuju,Sangat Setuju,Sangat Tidak Setuju,Sangat Tidak Setuju,Sangat Tidak Setuju,Sangat Setuju,Sangat Setuju,Sangat Tidak Setuju,Sangat Setuju,Sangat Setuju,Sangat Setuju,Setuju,Sangat Tidak Setuju,Sangat Tidak Setuju,Sangat Tidak Setuju,Setuju,Setuju,Tidak Setuju,Setuju,8,8,4,5,7,5,7,8,NAS,
20/08/2026 9:19:11,"Ya, Saya bersedia",DM,085260291447,"Lamcot, Aceh Besar",Perempuan,50 th,SMA,Menikah,Ibu Rumah Tangga,5 juta,24 th,26 th,5,Rumah Sendiri,,,,,,,,,,,,,,Selalu,Tidak Pernah,Sering,Selalu,Selalu,Sering,Selalu,Sering,Sering,Selalu,Sering,Sering,Selalu,Selalu,Selalu,Sering,Sering,Selalu,Kadang-kadang,Selalu,Selalu,Selalu,Selalu,Selalu,Selalu,Sering,Sering,Selalu,Selalu,Selalu,Tidak Pernah,Tidak Pernah,Tidak Pernah,Tidak Pernah,Tidak Pernah,Tidak Pernah,Tidak Pernah,Kadang-kadang,Jarang,Tidak Pernah,Tidak Pernah,Tidak Pernah,Jarang,Tidak Pernah,Jarang,Selalu,Tidak Pernah,Tidak Pernah,Tidak Pernah,Tidak Pernah,Jarang,Tidak Pernah,Tidak Pernah,Tidak Pernah,Tidak Setuju,Tidak Setuju,Tidak Setuju,Setuju,Sangat Tidak Setuju,Sangat Tidak Setuju,Sangat Tidak Setuju,Tidak Setuju,Tidak Setuju,Sangat Tidak Setuju,Setuju,Sangat Setuju,Sangat Tidak Setuju,Setuju,Setuju,Tidak Setuju,Setuju,Setuju,Sangat Setuju,Sangat Setuju,Setuju,Setuju,Setuju,Tidak Setuju,Tidak Setuju,Tidak Setuju,Sangat Setuju,Setuju,Sangat Tidak Setuju,Setuju,Setuju,Setuju,Setuju,Sangat Tidak Setuju,Setuju,Sangat Setuju,Setuju,Setuju,Tidak Setuju,Setuju,9,9,9,9,9,5,8,9,NS,
20/08/2026 9:44:06,"Ya, Saya bersedia",Mila,085263278233,Banda Aceh,Perempuan,47 tahun,S2,Menikah,Asn,10000000,20 tahun,26 tahun,4,Rumah Dinas,,,,,,,,,,,,,,Selalu,Selalu,Kadang-kadang,Sering,Sering,Sering,Kadang-kadang,Kadang-kadang,Kadang-kadang,Selalu,Selalu,Sering,Kadang-kadang,Selalu,Sering,Sering,Kadang-kadang,Kadang-kadang,Sering,Selalu,Selalu,Selalu,Selalu,Selalu,Selalu,Selalu,Selalu,Selalu,Selalu,Kadang-kadang,Jarang,Sering,Kadang-kadang,Jarang,Tidak Pernah,Tidak Pernah,Jarang,Kadang-kadang,Sering,Kadang-kadang,Kadang-kadang,Selalu,Selalu,Jarang,Sering,Sering,Sering,Kadang-kadang,Sering,Sering,Sering,Jarang,Jarang,Kadang-kadang,Sangat Tidak Setuju,Tidak Setuju,Tidak Setuju,Sangat Setuju,Sangat Tidak Setuju,Sangat Setuju,Sangat Tidak Setuju,Sangat Tidak Setuju,Tidak Setuju,Sangat Tidak Setuju,Sangat Setuju,Sangat Setuju,Sangat Tidak Setuju,Sangat Tidak Setuju,Setuju,Sangat Tidak Setuju,Sangat Setuju,Sangat Setuju,Sangat Setuju,Sangat Setuju,Sangat Setuju,Sangat Setuju,Sangat Setuju,Sangat Tidak Setuju,Sangat Tidak Setuju,Sangat Tidak Setuju,Sangat Setuju,Setuju,Sangat Tidak Setuju,Sangat Setuju,Sangat Setuju,Sangat Setuju,Sangat Setuju,Sangat Tidak Setuju,Sangat Setuju,Sangat Setuju,Setuju,Sangat Setuju,Sangat Setuju,Setuju,5,5,5,3,4,3,3,3,Ns,
20/08/2026 10:03:58,"Ya, Saya bersedia",S,0895395590505,kuta raja,Perempuan,39,S1,Menikah,IRT,6.000.000,16 thun,23 thun,3 org,Rumah Sendiri,,,,,,,,,,,,,,Kadang-kadang,Jarang,Sering,Sering,Selalu,Kadang-kadang,Selalu,Sering,Sering,Kadang-kadang,Sering,Kadang-kadang,Sering,Selalu,Selalu,Selalu,Sering,Sering,Sering,Selalu,Selalu,Selalu,Selalu,Kadang-kadang,Kadang-kadang,Jarang,Jarang,Selalu,Selalu,Sering,Kadang-kadang,Kadang-kadang,Jarang,Tidak Pernah,Jarang,Tidak Pernah,Tidak Pernah,Kadang-kadang,Jarang,Tidak Pernah,Jarang,Sering,Sering,Jarang,Kadang-kadang,Sering,Sering,Kadang-kadang,Jarang,Jarang,Jarang,Kadang-kadang,Tidak Pernah,Jarang,Sangat Tidak Setuju,Sangat Tidak Setuju,Tidak Setuju,Setuju,Sangat Tidak Setuju,Sangat Tidak Setuju,Tidak Setuju,Tidak Setuju,Tidak Setuju,Sangat Tidak Setuju,Sangat Setuju,Sangat Setuju,Tidak Setuju,Sangat Setuju,Sangat Setuju,Sangat Tidak Setuju,Sangat Setuju,Sangat Setuju,Sangat Setuju,Setuju,Setuju,Sangat Setuju,Setuju,Tidak Setuju,Tidak Setuju,Tidak Setuju,Sangat Setuju,Setuju,Sangat Setuju,Sangat Setuju,Sangat Setuju,Setuju,Setuju,Tidak Setuju,Sangat Setuju,Sangat Setuju,Setuju,Setuju,Tidak Setuju,Setuju,5,4,6,4,5,3,4,5,NS,
21/08/2026 12:10:37,"Ya, Saya bersedia",Z,081272889778,Banda Aceh,Laki-laki,58,SMA,Menikah,Tidak bekerja,0,27 thn,27,3,Rumah Sendiri,,,,,,,,,,,,,,Jarang,Tidak Pernah,Sering,Selalu,Selalu,Selalu,Selalu,Sering,Sering,Selalu,Selalu,Selalu,Kadang-kadang,Selalu,Selalu,Selalu,Selalu,Selalu,Selalu,Selalu,Selalu,Selalu,Selalu,Selalu,Selalu,Selalu,Selalu,Selalu,Selalu,Selalu,Tidak Pernah,Tidak Pernah,Tidak Pernah,Tidak Pernah,Tidak Pernah,Tidak Pernah,Tidak Pernah,Tidak Pernah,Tidak Pernah,Tidak Pernah,Tidak Pernah,Tidak Pernah,Tidak Pernah,Tidak Pernah,Tidak Pernah,Tidak Pernah,Tidak Pernah,Tidak Pernah,Tidak Pernah,Tidak Pernah,Tidak Pernah,Tidak Pernah,Tidak Pernah,Tidak Pernah,Sangat Tidak Setuju,Sangat Tidak Setuju,Sangat Tidak Setuju,Sangat Tidak Setuju,Sangat Tidak Setuju,Sangat Tidak Setuju,Sangat Tidak Setuju,Sangat Tidak Setuju,Sangat Tidak Setuju,Sangat Tidak Setuju,Sangat Setuju,Sangat Setuju,Sangat Tidak Setuju,Sangat Setuju,Sangat Setuju,Sangat Tidak Setuju,Sangat Setuju,Sangat Setuju,Sangat Setuju,Sangat Setuju,Sangat Setuju,Sangat Setuju,Sangat Setuju,Sangat Tidak Setuju,Sangat Tidak Setuju,Sangat Tidak Setuju,Sangat Setuju,Sangat Setuju,Sangat Tidak Setuju,Sangat Setuju,Sangat Setuju,Sangat Setuju,Sangat Tidak Setuju,Sangat Tidak Setuju,Sangat Setuju,Sangat Setuju,Sangat Setuju,Sangat Setuju,Sangat Tidak Setuju,Sangat Setuju,10,10,10,10,10,10,10,10,Thalita,
21/08/2026 19:29:33,"Ya, Saya bersedia",Tr,085275821993,Banda Aceh,Perempuan,58,S1,Menikah,PNS,Rp. 8. 000. 000,34 Tahun,24,3,Rumah Sendiri,,,,,,,,,,,,,,Kadang-kadang,Sering,Tidak Pernah,Jarang,Kadang-kadang,Kadang-kadang,Sering,Jarang,Jarang,Kadang-kadang,Jarang,Kadang-kadang,Tidak Pernah,Sering,Jarang,Jarang,Jarang,Kadang-kadang,Sering,Jarang,Sering,Sering,Sering,Kadang-kadang,Sering,Sering,Kadang-kadang,Kadang-kadang,Sering,Sering,Sering,Sering,Kadang-kadang,Sering,Jarang,Sering,Kadang-kadang,Jarang,Kadang-kadang,Jarang,Kadang-kadang,Jarang,Tidak Pernah,Kadang-kadang,Kadang-kadang,Jarang,Kadang-kadang,Sering,Jarang,Kadang-kadang,Kadang-kadang,Jarang,Kadang-kadang,Sering,Sangat Tidak Setuju,Tidak Setuju,Sangat Tidak Setuju,Sangat Setuju,Tidak Setuju,Sangat Setuju,Tidak Setuju,Sangat Tidak Setuju,Tidak Setuju,Sangat Tidak Setuju,Setuju,Setuju,Sangat Tidak Setuju,Setuju,Sangat Setuju,Tidak Setuju,Setuju,Setuju,Setuju,Tidak Setuju,Sangat Setuju,Setuju,Tidak Setuju,Tidak Setuju,Tidak Setuju,Setuju,Setuju,Tidak Setuju,Tidak Setuju,Tidak Setuju,Setuju,Setuju,Tidak Setuju,Tidak Setuju,Setuju,Setuju,Setuju,Setuju,Tidak Setuju,Setuju,2,4,3,2,4,4,3,3,DJ,
23/08/2026 17:54:10,"Ya, Saya bersedia",Mk,085260326312,Banda aceb,Laki-laki,28,S2,Menikah,Polri,8.000.000,4 tahun,24 tahun,1,Rumah Sendiri,,,,,,,,,,,,,,Selalu,Tidak Pernah,Selalu,Selalu,Selalu,Selalu,Selalu,Selalu,Selalu,Selalu,Selalu,Selalu,Selalu,Selalu,Selalu,Selalu,Selalu,Selalu,Selalu,Selalu,Selalu,Selalu,Selalu,Selalu,Selalu,Selalu,Selalu,Selalu,Selalu,Selalu,Tidak Pernah,Tidak Pernah,Tidak Pernah,Tidak Pernah,Tidak Pernah,Tidak Pernah,Tidak Pernah,Tidak Pernah,Tidak Pernah,Tidak Pernah,Tidak Pernah,Tidak Pernah,Tidak Pernah,Tidak Pernah,Tidak Pernah,Tidak Pernah,Tidak Pernah,Tidak Pernah,Tidak Pernah,Tidak Pernah,Tidak Pernah,Tidak Pernah,Tidak Pernah,Tidak Pernah,Sangat Tidak Setuju,Sangat Tidak Setuju,Sangat Tidak Setuju,Sangat Setuju,Sangat Tidak Setuju,Sangat Setuju,Sangat Tidak Setuju,Sangat Tidak Setuju,Sangat Tidak Setuju,Sangat Tidak Setuju,Sangat Setuju,Sangat Setuju,Sangat Tidak Setuju,Sangat Setuju,Sangat Setuju,Sangat Tidak Setuju,Sangat Setuju,Sangat Setuju,Sangat Setuju,Sangat Setuju,Sangat Setuju,Sangat Setuju,Sangat Setuju,Sangat Tidak Setuju,Sangat Tidak Setuju,Sangat Tidak Setuju,Sangat Setuju,Sangat Setuju,Sangat Tidak Setuju,Sangat Setuju,Sangat Setuju,Sangat Setuju,Sangat Setuju,Sangat Tidak Setuju,Sangat Setuju,Sangat Setuju,Sangat Setuju,Sangat Setuju,Sangat Tidak Setuju,Sangat Setuju,10,10,10,10,10,10,10,10,Mk,
24/08/2026 11:11:28,"Ya, Saya bersedia",rm,082247331997,ulee lheue banda aceh ,Perempuan,29,S1,Menikah,irt,tidak mengisi ,4,25,L,Rumah Sewa,,,,,,,,,,,,,,Sering,Sering,Sering,Selalu,Selalu,Sering,Sering,Selalu,Selalu,Sering,Sering,Selalu,Sering,Selalu,Selalu,Sering,Selalu,Sering,Kadang-kadang,Sering,Sering,Kadang-kadang,Sering,Kadang-kadang,Sering,Kadang-kadang,Kadang-kadang,Sering,Sering,Selalu,Jarang,Kadang-kadang,Tidak Pernah,Tidak Pernah,Tidak Pernah,Tidak Pernah,Jarang,Jarang,Jarang,Jarang,Jarang,Jarang,Jarang,Tidak Pernah,Jarang,Jarang,Kadang-kadang,Kadang-kadang,Jarang,Tidak Pernah,Kadang-kadang,Selalu,Tidak Pernah,Tidak Pernah,Sangat Tidak Setuju,Tidak Setuju,Tidak Setuju,Setuju,Sangat Tidak Setuju,Sangat Setuju,Sangat Tidak Setuju,Tidak Setuju,Tidak Setuju,Sangat Tidak Setuju,Sangat Setuju,Sangat Setuju,Sangat Tidak Setuju,Sangat Setuju,Setuju,Tidak Setuju,Sangat Setuju,Setuju,Sangat Setuju,Setuju,Setuju,Sangat Setuju,Sangat Setuju,Tidak Setuju,Tidak Setuju,Tidak Setuju,Tidak Setuju,Setuju,Sangat Tidak Setuju,Setuju,Setuju,Setuju,Setuju,Tidak Setuju,Setuju,Setuju,Setuju,Setuju,Sangat Tidak Setuju,Setuju,10,10,10,7,7,9,8,10,al,
24/08/2026 19:01:44,"Ya, Saya bersedia",qf,081231342821,Banda Aceh Syiah Kuala,Perempuan,34,S2,Menikah,pns,-,12,22,3,Rumah Sendiri,,,,,,,,,,,,,,Kadang-kadang,Kadang-kadang,Kadang-kadang,Kadang-kadang,Sering,Kadang-kadang,Sering,Kadang-kadang,Kadang-kadang,Sering,Kadang-kadang,Kadang-kadang,Kadang-kadang,Sering,Sering,Kadang-kadang,Sering,Kadang-kadang,Sering,Sering,Sering,Sering,Kadang-kadang,Kadang-kadang,Kadang-kadang,Sering,Sering,Kadang-kadang,Sering,Sering,Jarang,Kadang-kadang,Kadang-kadang,Kadang-kadang,Kadang-kadang,Kadang-kadang,Jarang,Jarang,Kadang-kadang,Kadang-kadang,Jarang,Tidak Pernah,Tidak Pernah,Tidak Pernah,Tidak Pernah,Tidak Pernah,Tidak Pernah,Sering,Kadang-kadang,Kadang-kadang,Kadang-kadang,Sering,Kadang-kadang,Sering,Tidak Setuju,Tidak Setuju,Tidak Setuju,Setuju,Tidak Setuju,Setuju,Tidak Setuju,Tidak Setuju,Tidak Setuju,Tidak Setuju,Setuju,Setuju,Tidak Setuju,Sangat Setuju,Sangat Setuju,Sangat Tidak Setuju,Setuju,Setuju,Sangat Setuju,Sangat Setuju,Setuju,Setuju,Setuju,Sangat Tidak Setuju,Sangat Tidak Setuju,Sangat Tidak Setuju,Setuju,Setuju,Setuju,Setuju,Setuju,Setuju,Setuju,Sangat Tidak Setuju,Sangat Setuju,Sangat Setuju,Sangat Setuju,Sangat Setuju,Sangat Setuju,Sangat Setuju,7,6,4,4,6,4,4,7,al,
25/08/2026 18:58:52,"Ya, Saya bersedia",F,082160277277,Banda Aceh,Laki-laki,52,S2,Menikah,PNS,9.000.000,23,30,3,Rumah Sendiri,,,,,,,,,,,,,,Kadang-kadang,Kadang-kadang,Kadang-kadang,Kadang-kadang,Selalu,Selalu,Selalu,Selalu,Selalu,Sering,Selalu,Sering,Sering,Selalu,Selalu,Sering,Selalu,Selalu,Selalu,Selalu,Sering,Sering,Sering,Sering,Sering,Sering,Sering,Sering,Selalu,Kadang-kadang,Kadang-kadang,Tidak Pernah,Tidak Pernah,Tidak Pernah,Tidak Pernah,Tidak Pernah,Tidak Pernah,Tidak Pernah,Jarang,Tidak Pernah,Tidak Pernah,Jarang,Jarang,Tidak Pernah,Jarang,Kadang-kadang,Kadang-kadang,Kadang-kadang,Kadang-kadang,Kadang-kadang,Kadang-kadang,Kadang-kadang,Tidak Pernah,Kadang-kadang,Sangat Tidak Setuju,Tidak Setuju,Tidak Setuju,Tidak Setuju,Sangat Tidak Setuju,Sangat Tidak Setuju,Sangat Tidak Setuju,Sangat Tidak Setuju,Tidak Setuju,Sangat Tidak Setuju,Setuju,Setuju,Sangat Tidak Setuju,Sangat Setuju,Setuju,Sangat Tidak Setuju,Sangat Setuju,Sangat Setuju,Sangat Setuju,Sangat Setuju,Sangat Setuju,Sangat Setuju,Setuju,Sangat Tidak Setuju,Sangat Tidak Setuju,Sangat Tidak Setuju,Sangat Setuju,Setuju,Sangat Tidak Setuju,Sangat Setuju,Sangat Tidak Setuju,Sangat Tidak Setuju,Tidak Setuju,Sangat Tidak Setuju,Sangat Setuju,Sangat Setuju,Setuju,Setuju,Sangat Tidak Setuju,Sangat Setuju,8,8,8,7,9,6,9,8,DNA,
26/08/2026 9:17:51,"Ya, Saya bersedia",FEBI LAURINA,081362937044,Banda Aceh,Perempuan,50 tahun,S1,Menikah,PNS,5.000.000,24 tahun,26 tahun,2 (dua),Rumah Keluarga,,,,,,,,,,,,,,Selalu,Selalu,Selalu,Selalu,Selalu,Selalu,Selalu,Selalu,Selalu,Selalu,Selalu,Selalu,Selalu,Selalu,Selalu,Selalu,Selalu,Selalu,Selalu,Selalu,Selalu,Selalu,Selalu,Selalu,Selalu,Selalu,Selalu,Selalu,Selalu,Selalu,Jarang,Tidak Pernah,Tidak Pernah,Tidak Pernah,Tidak Pernah,Tidak Pernah,Tidak Pernah,Jarang,Jarang,Jarang,Jarang,Jarang,Kadang-kadang,Tidak Pernah,Kadang-kadang,Kadang-kadang,Jarang,Tidak Pernah,Tidak Pernah,Jarang,Kadang-kadang,Tidak Pernah,Tidak Pernah,Tidak Pernah,Sangat Tidak Setuju,Sangat Tidak Setuju,Sangat Tidak Setuju,Sangat Setuju,Sangat Tidak Setuju,Sangat Setuju,Sangat Tidak Setuju,Sangat Tidak Setuju,Tidak Setuju,Sangat Tidak Setuju,Setuju,Sangat Setuju,Sangat Tidak Setuju,Sangat Setuju,Sangat Setuju,Sangat Tidak Setuju,Sangat Setuju,Sangat Setuju,Sangat Setuju,Sangat Setuju,Sangat Setuju,Sangat Setuju,Sangat Setuju,Sangat Tidak Setuju,Sangat Tidak Setuju,Sangat Tidak Setuju,Sangat Setuju,Sangat Setuju,Sangat Tidak Setuju,Setuju,Setuju,Sangat Setuju,Setuju,Sangat Tidak Setuju,Sangat Setuju,Sangat Setuju,Sangat Setuju,Setuju,Sangat Tidak Setuju,Sangat Setuju,8,9,8,8,9,9,8,8,M. RAFFI,
26/08/2026 13:59:29,"Ya, Saya bersedia",T. DiniRahmadsyah,081269690073,Banda Aceh,Laki-laki,53,S2,Menikah,ASN,10 juta,24 tahun,29,3,Rumah Sendiri,,,,,,,,,,,,,,Jarang,Kadang-kadang,Sering,Sering,Sering,Sering,Selalu,Sering,Sering,Sering,Sering,Sering,Kadang-kadang,Kadang-kadang,Sering,Sering,Sering,Sering,Sering,Sering,Sering,Sering,Sering,Sering,Sering,Sering,Sering,Sering,Sering,Sering,Kadang-kadang,Jarang,Jarang,Jarang,Jarang,Jarang,Tidak Pernah,Jarang,Jarang,Jarang,Jarang,Jarang,Jarang,Jarang,Kadang-kadang,Kadang-kadang,Kadang-kadang,Kadang-kadang,Kadang-kadang,Kadang-kadang,Kadang-kadang,Jarang,Jarang,Jarang,Sangat Tidak Setuju,Tidak Setuju,Tidak Setuju,Sangat Tidak Setuju,Sangat Tidak Setuju,Sangat Tidak Setuju,Tidak Setuju,Tidak Setuju,Tidak Setuju,Sangat Tidak Setuju,Tidak Setuju,Sangat Tidak Setuju,Tidak Setuju,Sangat Tidak Setuju,Tidak Setuju,Sangat Tidak Setuju,Setuju,Setuju,Setuju,Setuju,Setuju,Sangat Setuju,Setuju,Tidak Setuju,Tidak Setuju,Tidak Setuju,Sangat Setuju,Setuju,Sangat Tidak Setuju,Setuju,Sangat Setuju,Setuju,Setuju,Tidak Setuju,Setuju,Setuju,Setuju,Setuju,Tidak Setuju,Tidak Setuju,5,5,5,4,3,5,5,5,M.Raffi FA,
26/08/2026 17:38:57,"Ya, Saya bersedia",M,081360012293,Banda Aceh,Perempuan,56,S2,Menikah,PNS,6 Juta,21 Tahun,35 Tahun,2,Rumah Sendiri,,,,,,,,,,,,,,Tidak pernah,Selalu,Selalu,Selalu,Selalu,Selalu,Selalu,Selalu,Selalu,Selalu,Selalu,Tidak Pernah,Jarang,Selalu,Selalu,Selalu,Selalu,Selalu,Selalu,Selalu,Selalu,Selalu,Selalu,Selalu,Selalu,Selalu,Selalu,Selalu,Selalu,Selalu,Tidak Pernah,Tidak Pernah,Tidak Pernah,Tidak Pernah,Tidak Pernah,Tidak Pernah,Tidak Pernah,Tidak Pernah,Tidak Pernah,Tidak Pernah,Tidak Pernah,Tidak Pernah,Tidak Pernah,Tidak Pernah,Selalu,Selalu,Selalu,Tidak Pernah,Selalu,Selalu,Selalu,Tidak Pernah,Tidak Pernah,Tidak Pernah,Sangat Tidak Setuju,Sangat Tidak Setuju,Sangat Tidak Setuju,Sangat Setuju,Sangat Tidak Setuju,Sangat Tidak Setuju,Sangat Tidak Setuju,Sangat Tidak Setuju,Sangat Tidak Setuju,Sangat Tidak Setuju,Sangat Setuju,Sangat Setuju,Sangat Tidak Setuju,Sangat Setuju,Setuju,Sangat Tidak Setuju,Setuju,Setuju,Sangat Setuju,Setuju,Sangat Setuju,Sangat Setuju,Setuju,Tidak Setuju,Sangat Tidak Setuju,Tidak Setuju,Sangat Setuju,Setuju,Sangat Tidak Setuju,Sangat Setuju,Sangat Setuju,Sangat Setuju,Setuju,Tidak Setuju,Sangat Setuju,Setuju,Setuju,Sangat Setuju,Sangat Tidak Setuju,Sangat Setuju,10,10,10,10,10,10,10,10,Warzugni,
26/08/2026 17:49:27,"Ya, Saya bersedia","Agustiar, S.Si",082168522519,Aceh Besar,Laki-laki,46,S1,Cerai Hidup,Staf Perusahaan Swasta,Rp4.000.000,,,,,Ketidak cocokan dalam rumah tangga,Bertahan 6 tahun,Di usia 35 tahun,Di usia 41 tahun,Satu orang,Rumah Dinas,,,,,,,,Kadang-kadang,Sering,Jarang,Jarang,Jarang,Kadang-kadang,Jarang,Jarang,Jarang,Kadang-kadang,Tidak Pernah,Kadang-kadang,Jarang,Kadang-kadang,Jarang,Tidak Pernah,Jarang,Jarang,Tidak Pernah,Kadang-kadang,Tidak Pernah,Tidak Pernah,Jarang,Jarang,Tidak Pernah,Jarang,Tidak Pernah,Tidak Pernah,Jarang,Selalu,Kadang-kadang,Jarang,Jarang,Tidak Pernah,Tidak Pernah,Tidak Pernah,Kadang-kadang,Kadang-kadang,Kadang-kadang,Jarang,Jarang,Selalu,Selalu,Sering,Sering,Sering,Selalu,Jarang,Kadang-kadang,Sering,Kadang-kadang,Kadang-kadang,Jarang,Kadang-kadang,Sangat Tidak Setuju,Tidak Setuju,Tidak Setuju,Sangat Setuju,Sangat Setuju,Sangat Setuju,Sangat Tidak Setuju,Sangat Tidak Setuju,Tidak Setuju,Sangat Tidak Setuju,Sangat Setuju,Sangat Setuju,Sangat Setuju,Sangat Setuju,Sangat Setuju,Sangat Setuju,Sangat Setuju,Sangat Setuju,Sangat Setuju,Sangat Setuju,Sangat Setuju,Sangat Setuju,Setuju,Sangat Tidak Setuju,Sangat Tidak Setuju,Sangat Tidak Setuju,Sangat Setuju,Sangat Tidak Setuju,Sangat Tidak Setuju,Setuju,Sangat Tidak Setuju,Sangat Setuju,Sangat Setuju,Sangat Tidak Setuju,Sangat Setuju,Sangat Setuju,Setuju,Sangat Setuju,Sangat Tidak Setuju,Sangat Setuju,7,8,8,8,7,6,8,8,Fidyni feriza,
26/08/2026 20:21:32,"Ya, Saya bersedia",M,08126911008,Banda Aceh,Perempuan,58,SMA,Menikah,Pensiunan,5 Juta,32 Tahun,27,3,Rumah Sendiri,,,,,,,,,,,,,,Kadang-kadang,Kadang-kadang,Jarang,Sering,Selalu,Selalu,Sering,Selalu,Selalu,Kadang-kadang,Sering,Kadang-kadang,Jarang,Jarang,Kadang-kadang,Kadang-kadang,Sering,Sering,Jarang,Sering,Kadang-kadang,Sering,Kadang-kadang,Sering,Sering,Kadang-kadang,Jarang,Kadang-kadang,Sering,Selalu,Jarang,Kadang-kadang,Kadang-kadang,Jarang,Tidak Pernah,Tidak Pernah,Kadang-kadang,Jarang,Kadang-kadang,Jarang,Jarang,Sering,Sering,Tidak Pernah,Sering,Sering,Sering,Kadang-kadang,Kadang-kadang,Kadang-kadang,Kadang-kadang,Kadang-kadang,Jarang,Jarang,Sangat Tidak Setuju,Tidak Setuju,Sangat Tidak Setuju,Setuju,Sangat Tidak Setuju,Sangat Setuju,Tidak Setuju,Tidak Setuju,Setuju,Sangat Tidak Setuju,Sangat Setuju,Sangat Setuju,Sangat Tidak Setuju,Sangat Setuju,Sangat Setuju,Sangat Tidak Setuju,Sangat Setuju,Sangat Setuju,Sangat Setuju,Sangat Setuju,Sangat Setuju,Sangat Setuju,Setuju,Sangat Tidak Setuju,Sangat Tidak Setuju,Sangat Tidak Setuju,Setuju,Setuju,Sangat Tidak Setuju,Setuju,Sangat Setuju,Setuju,Setuju,Tidak Setuju,Sangat Setuju,Sangat Setuju,Setuju,Setuju,Tidak Setuju,Setuju,4,3,4,4,3,3,4,5,Warzugni,
27/08/2026 9:53:59,"Ya, Saya bersedia",Fitri,082360101239,Banda Aceh,Perempuan,48,SMA,Menikah,Ibu rumah tangga,Lebih kurang 2 000.000,17 tahun,29 tahun,2,Rumah Keluarga,,,,,,,,,,,,,,Selalu,Jarang,Selalu,Selalu,Selalu,Kadang-kadang,Selalu,Sering,Selalu,Selalu,Selalu,Selalu,Selalu,Sering,Selalu,Selalu,Selalu,Selalu,Selalu,Selalu,Selalu,Selalu,Selalu,Sering,Sering,Selalu,Sering,Selalu,Selalu,Selalu,Jarang,Tidak Pernah,Tidak Pernah,Tidak Pernah,Tidak Pernah,Tidak Pernah,Tidak Pernah,Tidak Pernah,Tidak Pernah,Tidak Pernah,Tidak Pernah,Tidak Pernah,Jarang,Tidak Pernah,Tidak Pernah,Kadang-kadang,Kadang-kadang,Tidak Pernah,Tidak Pernah,Tidak Pernah,Tidak Pernah,Tidak Pernah,Tidak Pernah,Tidak Pernah,Sangat Tidak Setuju,Sangat Tidak Setuju,Sangat Tidak Setuju,Sangat Setuju,Sangat Tidak Setuju,Sangat Setuju,Tidak Setuju,Sangat Tidak Setuju,Tidak Setuju,Sangat Tidak Setuju,Setuju,Setuju,Sangat Tidak Setuju,Sangat Setuju,Setuju,Tidak Setuju,Setuju,Sangat Setuju,Sangat Setuju,Setuju,Setuju,Sangat Setuju,Setuju,Sangat Tidak Setuju,Sangat Tidak Setuju,Sangat Tidak Setuju,Sangat Setuju,Setuju,Sangat Tidak Setuju,Sangat Setuju,Sangat Setuju,Setuju,Setuju,Sangat Tidak Setuju,Sangat Setuju,Sangat Setuju,Setuju,Setuju,Tidak Setuju,Sangat Setuju,10,10,10,10,10,10,10,10,TH,
27/08/2026 13:56:34,"Ya, Saya bersedia",Rasmaidar,082273760656,Banda aceh,Perempuan,33,S1,Menikah,Pns,7 juta,8 tahun,25 tahun,3,Rumah Keluarga,,,,,,,,,,,,,,Jarang,Jarang,Kadang-kadang,Selalu,Selalu,Selalu,Selalu,Selalu,Selalu,Selalu,Selalu,Selalu,Selalu,Selalu,Selalu,Selalu,Selalu,Selalu,Selalu,Selalu,Selalu,Selalu,Selalu,Selalu,Selalu,Selalu,Selalu,Selalu,Selalu,Selalu,Kadang-kadang,Jarang,Jarang,Tidak Pernah,Tidak Pernah,Tidak Pernah,Tidak Pernah,Tidak Pernah,Jarang,Tidak Pernah,Jarang,Jarang,Jarang,Tidak Pernah,Jarang,Jarang,Jarang,Jarang,Tidak Pernah,Tidak Pernah,Tidak Pernah,Kadang-kadang,Jarang,Jarang,Sangat Tidak Setuju,Sangat Tidak Setuju,Sangat Tidak Setuju,Sangat Setuju,Sangat Tidak Setuju,Sangat Setuju,Sangat Tidak Setuju,Sangat Tidak Setuju,Sangat Tidak Setuju,Sangat Tidak Setuju,Sangat Setuju,Sangat Setuju,Sangat Tidak Setuju,Sangat Setuju,Sangat Setuju,Sangat Tidak Setuju,Sangat Setuju,Sangat Tidak Setuju,Sangat Tidak Setuju,Sangat Setuju,Sangat Setuju,Sangat Setuju,Sangat Setuju,Sangat Tidak Setuju,Sangat Tidak Setuju,Sangat Tidak Setuju,Sangat Setuju,Sangat Setuju,Sangat Tidak Setuju,Sangat Setuju,Sangat Setuju,Sangat Setuju,Sangat Tidak Setuju,Sangat Tidak Setuju,Sangat Setuju,Sangat Setuju,Sangat Setuju,Sangat Setuju,Sangat Tidak Setuju,Sangat Setuju,10,10,10,10,10,10,10,10,JC,
27/08/2026 17:34:41,"Ya, Saya bersedia",TR,082363264556,Banda Aceh,Perempuan,60,SMA,Menikah,Tidak bekerja,Rp. 1jt-Rp.3jt,33 thn,27 thn,3,Rumah Keluarga,,,,,,,,,,,,,,Sering,Kadang-kadang,Kadang-kadang,Sering,Kadang-kadang,Sering,Sering,Sering,Kadang-kadang,Selalu,Selalu,Kadang-kadang,Selalu,Sering,Selalu,Kadang-kadang,Kadang-kadang,Kadang-kadang,Sering,Kadang-kadang,Selalu,Selalu,Sering,Sering,Sering,Sering,Sering,Kadang-kadang,Selalu,Jarang,Kadang-kadang,Sering,Kadang-kadang,Jarang,Jarang,Jarang,Jarang,Sering,Kadang-kadang,Kadang-kadang,Kadang-kadang,Kadang-kadang,Kadang-kadang,Sering,Kadang-kadang,Jarang,Kadang-kadang,Kadang-kadang,Sering,Sering,Sering,Kadang-kadang,Jarang,Kadang-kadang,Sangat Tidak Setuju,Sangat Tidak Setuju,Sangat Tidak Setuju,Sangat Setuju,Sangat Tidak Setuju,Sangat Setuju,Sangat Tidak Setuju,Sangat Tidak Setuju,Sangat Tidak Setuju,Sangat Tidak Setuju,Sangat Setuju,Sangat Setuju,Sangat Tidak Setuju,Setuju,Sangat Setuju,Sangat Tidak Setuju,Sangat Setuju,Sangat Setuju,Sangat Setuju,Setuju,Setuju,Sangat Setuju,Setuju,Tidak Setuju,Tidak Setuju,Sangat Tidak Setuju,Sangat Setuju,Setuju,Sangat Tidak Setuju,Setuju,Sangat Setuju,Sangat Setuju,Sangat Setuju,Sangat Tidak Setuju,Sangat Setuju,Sangat Setuju,Setuju,Sangat Setuju,Sangat Tidak Setuju,Sangat Setuju,6,5,6,5,5,6,6,5,S,
27/08/2026 21:04:51,"Ya, Saya bersedia",Ica caesa,08116853333,Banda Aceh,Perempuan,28,S2,Menikah,IRT,Rp4.700.000,3 tahun 6 bulan,24 tahun 11 bulan,1,Rumah Keluarga,,,,,,,,,,,,,,Selalu,Selalu,Sering,Selalu,Selalu,Sering,Selalu,Selalu,Selalu,Sering,Selalu,Selalu,Sering,Selalu,Sering,Selalu,Selalu,Selalu,Sering,Selalu,Sering,Selalu,Selalu,Sering,Selalu,Selalu,Selalu,Selalu,Sering,Selalu,Kadang-kadang,Tidak Pernah,Tidak Pernah,Tidak Pernah,Tidak Pernah,Tidak Pernah,Tidak Pernah,Tidak Pernah,Jarang,Tidak Pernah,Tidak Pernah,Kadang-kadang,Kadang-kadang,Tidak Pernah,Kadang-kadang,Tidak Pernah,Jarang,Jarang,Tidak Pernah,Tidak Pernah,Tidak Pernah,Kadang-kadang,Tidak Pernah,Tidak Pernah,Sangat Tidak Setuju,Sangat Tidak Setuju,Sangat Tidak Setuju,Sangat Setuju,Sangat Tidak Setuju,Sangat Tidak Setuju,Sangat Tidak Setuju,Tidak Setuju,Sangat Tidak Setuju,Sangat Tidak Setuju,Sangat Setuju,Sangat Setuju,Sangat Tidak Setuju,Sangat Setuju,Sangat Tidak Setuju,Sangat Tidak Setuju,Sangat Setuju,Sangat Setuju,Sangat Setuju,Sangat Setuju,Sangat Setuju,Sangat Setuju,Sangat Setuju,Sangat Tidak Setuju,Sangat Tidak Setuju,Sangat Setuju,Sangat Setuju,Sangat Setuju,Sangat Tidak Setuju,Sangat Setuju,Sangat Setuju,Sangat Setuju,Sangat Setuju,Sangat Tidak Setuju,Sangat Setuju,Sangat Setuju,Sangat Setuju,Sangat Setuju,Sangat Tidak Setuju,Sangat Setuju,9,8,8,9,8,9,7,8,Warzugni,
28/08/2026 18:30:04,"Ya, Saya bersedia",Alshabah,082361333853,Desa Teungoh Blang Mee,Laki-laki,35,SMA,Menikah,Jualan,2.500.000,8 tahun,27,2,Rumah Sewa,,,,,,,,,,,,,,Sering,Selalu,Selalu,Sering,Kadang-kadang,Jarang,Sering,Jarang,Kadang-kadang,Kadang-kadang,Sering,Sering,Kadang-kadang,Sering,Selalu,Selalu,Selalu,Selalu,Kadang-kadang,Kadang-kadang,Sering,Sering,Kadang-kadang,Kadang-kadang,Kadang-kadang,Sering,Sering,Sering,Selalu,Selalu,Tidak Pernah,Kadang-kadang,Tidak Pernah,Tidak Pernah,Tidak Pernah,Tidak Pernah,Tidak Pernah,Jarang,Jarang,Kadang-kadang,Sering,Selalu,Selalu,Selalu,Selalu,Sering,Selalu,Kadang-kadang,Jarang,Selalu,Jarang,Jarang,Tidak Pernah,Selalu,Sangat Tidak Setuju,Setuju,Setuju,Setuju,Sangat Tidak Setuju,Sangat Tidak Setuju,Sangat Tidak Setuju,Setuju,Tidak Setuju,Tidak Setuju,Setuju,Sangat Setuju,Tidak Setuju,Tidak Setuju,Setuju,Sangat Tidak Setuju,Sangat Setuju,Sangat Setuju,Sangat Setuju,Sangat Setuju,Sangat Setuju,Sangat Setuju,Sangat Setuju,Sangat Tidak Setuju,Setuju,Sangat Tidak Setuju,Sangat Setuju,Sangat Setuju,Tidak Setuju,Setuju,Sangat Setuju,Sangat Setuju,Tidak Setuju,Tidak Setuju,Setuju,Setuju,Setuju,Setuju,Setuju,Setuju,6,7,8,7,6,8,8,7,Al,
28/08/2026 19:05:22,"Ya, Saya bersedia",Voni susanti,085277752988,Banda Aceh,Perempuan,52 thn,S1,Menikah,Pns,4.300.000,25 thn,25,2,Rumah Sendiri,,,,,,,,,,,,,,Kadang-kadang,Kadang-kadang,Sering,Selalu,Selalu,Selalu,Selalu,Selalu,Sering,Sering,Sering,Sering,Selalu,Selalu,Sering,Sering,Selalu,Sering,Sering,Sering,Selalu,Sering,Selalu,Kadang-kadang,Sering,Sering,Sering,Selalu,Selalu,Sering,Kadang-kadang,Kadang-kadang,Kadang-kadang,Kadang-kadang,Jarang,Jarang,Tidak Pernah,Jarang,Kadang-kadang,Jarang,Kadang-kadang,Kadang-kadang,Kadang-kadang,Tidak Pernah,Kadang-kadang,Kadang-kadang,Kadang-kadang,Sering,Kadang-kadang,Kadang-kadang,Kadang-kadang,Kadang-kadang,Kadang-kadang,Kadang-kadang,Sangat Tidak Setuju,Sangat Tidak Setuju,Sangat Tidak Setuju,Setuju,Sangat Tidak Setuju,Sangat Setuju,Sangat Tidak Setuju,Sangat Tidak Setuju,Sangat Tidak Setuju,Sangat Tidak Setuju,Sangat Setuju,Sangat Setuju,Sangat Tidak Setuju,Sangat Setuju,Sangat Setuju,Sangat Tidak Setuju,Sangat Setuju,Sangat Setuju,Sangat Setuju,Sangat Setuju,Sangat Setuju,Sangat Setuju,Sangat Setuju,Sangat Tidak Setuju,Sangat Tidak Setuju,Sangat Tidak Setuju,Sangat Setuju,Sangat Setuju,Sangat Tidak Setuju,Sangat Setuju,Sangat Setuju,Setuju,Sangat Setuju,Sangat Tidak Setuju,Sangat Setuju,Sangat Setuju,Sangat Setuju,Sangat Setuju,Sangat Tidak Setuju,Setuju,7,7,7,8,5,6,5,5,Warzugni,
28/08/2026 20:21:21,"Ya, Saya bersedia",Wr,08126989742,Banda Aceh,Perempuan,48,S2,Menikah,Pns,10.000.000,23 tahun,25 tahun,3,Rumah Sendiri,,,,,,,,,,,,,,Tidak pernah,Tidak Pernah,Sering,Selalu,Selalu,Selalu,Selalu,Selalu,Selalu,Selalu,Selalu,Selalu,Selalu,Selalu,Selalu,Selalu,Selalu,Sering,Sering,Sering,Sering,Selalu,Sering,Selalu,Selalu,Sering,Selalu,Selalu,Selalu,Selalu,Jarang,Jarang,Tidak Pernah,Tidak Pernah,Tidak Pernah,Tidak Pernah,Tidak Pernah,Jarang,Kadang-kadang,Jarang,Jarang,Jarang,Kadang-kadang,Tidak Pernah,Tidak Pernah,Jarang,Kadang-kadang,Kadang-kadang,Tidak Pernah,Jarang,Jarang,Tidak Pernah,Tidak Pernah,Tidak Pernah,Sangat Tidak Setuju,Sangat Tidak Setuju,Tidak Setuju,Setuju,Sangat Tidak Setuju,Sangat Setuju,Sangat Tidak Setuju,Sangat Tidak Setuju,Tidak Setuju,Sangat Tidak Setuju,Sangat Setuju,Sangat Setuju,Sangat Tidak Setuju,Sangat Setuju,Setuju,Sangat Tidak Setuju,Sangat Setuju,Sangat Setuju,Sangat Setuju,Sangat Setuju,Sangat Setuju,Setuju,Setuju,Sangat Tidak Setuju,Tidak Setuju,Sangat Tidak Setuju,Sangat Setuju,Setuju,Sangat Tidak Setuju,Sangat Setuju,Setuju,Sangat Setuju,Setuju,Sangat Tidak Setuju,Setuju,Sangat Setuju,Setuju,Setuju,Sangat Tidak Setuju,Sangat Setuju,7,8,8,4,9,9,8,8,Dhiya Nabila Athirah (DNA),
28/08/2026 20:54:33,"Ya, Saya bersedia",R,085277511945,Banda Aceh ,Perempuan,30,S1,Menikah,Polwan ,15.000.000.,10,20,3,Rumah Sendiri,,,,,,,,,,,,,,Tidak pernah,Kadang-kadang,Selalu,Selalu,Selalu,Selalu,Selalu,Selalu,Selalu,Selalu,Selalu,Selalu,Selalu,Selalu,Selalu,Selalu,Selalu,Selalu,Selalu,Selalu,Selalu,Selalu,Selalu,Selalu,Selalu,Selalu,Selalu,Selalu,Selalu,Selalu,Kadang-kadang,Kadang-kadang,Kadang-kadang,Kadang-kadang,Tidak Pernah,Kadang-kadang,Selalu,Kadang-kadang,Kadang-kadang,Kadang-kadang,Kadang-kadang,Kadang-kadang,Kadang-kadang,Tidak Pernah,Kadang-kadang,Kadang-kadang,Kadang-kadang,Kadang-kadang,Kadang-kadang,Kadang-kadang,Kadang-kadang,Kadang-kadang,Tidak Pernah,Kadang-kadang,Sangat Tidak Setuju,Sangat Tidak Setuju,Sangat Tidak Setuju,Sangat Tidak Setuju,Sangat Tidak Setuju,Sangat Tidak Setuju,Sangat Tidak Setuju,Sangat Tidak Setuju,Sangat Tidak Setuju,Sangat Tidak Setuju,Sangat Setuju,Sangat Setuju,Sangat Tidak Setuju,Sangat Setuju,Sangat Setuju,Sangat Tidak Setuju,Sangat Setuju,Sangat Setuju,Sangat Setuju,Sangat Setuju,Sangat Setuju,Sangat Setuju,Sangat Setuju,Sangat Setuju,Sangat Tidak Setuju,Sangat Tidak Setuju,Sangat Setuju,Setuju,Sangat Tidak Setuju,Sangat Setuju,Sangat Setuju,Sangat Setuju,Sangat Setuju,Sangat Setuju,Sangat Setuju,Sangat Setuju,Sangat Setuju,Sangat Setuju,Sangat Setuju,Sangat Setuju,8,8,8,7,8,8,8,8,Riri,
28/08/2026 23:47:41,"Ya, Saya bersedia",RJ,+62 812-5561-2862,Banda Aceh,Perempuan,46,SMA,Menikah,IRT,5.000.000,24 tahun ,22 tahun ,4,Rumah Keluarga,,,,,,,,,,,,,,Tidak pernah,Jarang,Tidak Pernah,Jarang,Kadang-kadang,Jarang,Kadang-kadang,Kadang-kadang,Kadang-kadang,Jarang,Jarang,Jarang,Jarang,Jarang,Tidak Pernah,Kadang-kadang,Jarang,Jarang,Jarang,Jarang,Sering,Sering,Sering,Kadang-kadang,Sering,Sering,Sering,Kadang-kadang,Sering,Sering,Kadang-kadang,Sering,Sering,Jarang,Kadang-kadang,Kadang-kadang,Jarang,Kadang-kadang,Jarang,Jarang,Sering,Jarang,Jarang,Tidak Pernah,Jarang,Jarang,Jarang,Sering,Sering,Kadang-kadang,Sering,Sering,Sering,Sering,Sangat Tidak Setuju,Sangat Tidak Setuju,Sangat Tidak Setuju,Setuju,Sangat Tidak Setuju,Sangat Tidak Setuju,Sangat Tidak Setuju,Sangat Tidak Setuju,Tidak Setuju,Sangat Tidak Setuju,Sangat Setuju,Sangat Setuju,Sangat Tidak Setuju,Setuju,Sangat Setuju,Sangat Tidak Setuju,Sangat Setuju,Sangat Setuju,Setuju,Setuju,Sangat Setuju,Sangat Setuju,Setuju,Sangat Tidak Setuju,Sangat Tidak Setuju,Tidak Setuju,Setuju,Setuju,Sangat Tidak Setuju,Setuju,Sangat Setuju,Tidak Setuju,Setuju,Tidak Setuju,Sangat Setuju,Setuju,Setuju,Setuju,Tidak Setuju,Sangat Setuju,2,2,2,1,4,3,3,2,Thalita,
29/08/2026 8:13:48,"Ya, Saya bersedia",M,082165355049,Banda Aceh,Perempuan,38,SMA,Menikah,sales,8 juta,17 tahun,23,2,Rumah Sendiri,,,,,,,,,,,,,,Kadang-kadang,Sering,Sering,Sering,Tidak Pernah,Sering,Selalu,Tidak Pernah,Sering,Selalu,Tidak Pernah,Tidak Pernah,Tidak Pernah,Selalu,Selalu,Tidak Pernah,Selalu,Sering,Sering,Tidak Pernah,Sering,Selalu,Selalu,Sering,Sering,Tidak Pernah,Sering,Selalu,Selalu,Selalu,Sering,Sering,Tidak Pernah,Sering,Tidak Pernah,Kadang-kadang,Sering,Kadang-kadang,Kadang-kadang,Kadang-kadang,Sering,Selalu,Selalu,Selalu,Selalu,Selalu,Kadang-kadang,Kadang-kadang,Sering,Selalu,Sering,Sering,Selalu,Selalu,Tidak Setuju,Setuju,Setuju,Tidak Setuju,Tidak Setuju,Setuju,Tidak Setuju,Tidak Setuju,Tidak Setuju,Tidak Setuju,Setuju,Setuju,Tidak Setuju,Setuju,Setuju,Tidak Setuju,Setuju,Setuju,Setuju,Setuju,Setuju,Setuju,Tidak Setuju,Setuju,Setuju,Tidak Setuju,Sangat Setuju,Setuju,Tidak Setuju,Setuju,Setuju,Setuju,Setuju,Setuju,Sangat Setuju,Sangat Setuju,Setuju,Setuju,Setuju,Setuju,7,1,1,1,1,4,4,7,NAIAH,
29/08/2026 8:25:48,"Ya, Saya bersedia",N,081299399077,Banda Aceh,Perempuan,33,S1,Menikah,IRT,5-10 juta,7 tahun,26 tahun,2,Rumah Sendiri,,,,,,,,,,,,,,Selalu,Sering,Sering,Selalu,Selalu,Selalu,Selalu,Selalu,Selalu,Selalu,Selalu,Selalu,Kadang-kadang,Selalu,Selalu,Selalu,Selalu,Selalu,Selalu,Selalu,Selalu,Selalu,Selalu,Sering,Sering,Selalu,Selalu,Sering,Sering,Sering,Kadang-kadang,Kadang-kadang,Kadang-kadang,Kadang-kadang,Jarang,Tidak Pernah,Tidak Pernah,Kadang-kadang,Jarang,Jarang,Kadang-kadang,Sering,Sering,Kadang-kadang,Sering,Kadang-kadang,Sering,Kadang-kadang,Tidak Pernah,Tidak Pernah,Kadang-kadang,Kadang-kadang,Jarang,Jarang,Sangat Tidak Setuju,Sangat Tidak Setuju,Sangat Tidak Setuju,Sangat Tidak Setuju,Sangat Tidak Setuju,Sangat Setuju,Sangat Tidak Setuju,Sangat Tidak Setuju,Sangat Tidak Setuju,Sangat Tidak Setuju,Sangat Tidak Setuju,Sangat Setuju,Sangat Tidak Setuju,Sangat Setuju,Sangat Setuju,Sangat Tidak Setuju,Sangat Setuju,Sangat Setuju,Sangat Setuju,Sangat Setuju,Sangat Setuju,Sangat Setuju,Sangat Setuju,Sangat Tidak Setuju,Sangat Tidak Setuju,Sangat Tidak Setuju,Sangat Setuju,Sangat Setuju,Sangat Tidak Setuju,Sangat Setuju,Sangat Setuju,Sangat Setuju,Sangat Setuju,Sangat Tidak Setuju,Sangat Setuju,Sangat Setuju,Sangat Setuju,Sangat Setuju,Sangat Tidak Setuju,Sangat Setuju,9,8,7,7,7,5,5,7,NAIAH,
29/08/2026 9:13:35,"Ya, Saya bersedia",T,085260845,Banda Aceh,Laki-laki,58 tahun,S1,Menikah,pensiunan PNS,4 juta,33,25 tahun,4,Rumah Sendiri,,,,,,,,,,,,,,Tidak pernah,Tidak Pernah,Selalu,Selalu,Kadang-kadang,Kadang-kadang,Selalu,Selalu,Selalu,Selalu,Selalu,Kadang-kadang,Jarang,Kadang-kadang,Selalu,Kadang-kadang,Sering,Selalu,Selalu,Sering,Kadang-kadang,Kadang-kadang,Selalu,Sering,Selalu,Selalu,Selalu,Selalu,Selalu,Selalu,Tidak Pernah,Selalu,Tidak Pernah,Tidak Pernah,Tidak Pernah,Tidak Pernah,Tidak Pernah,Tidak Pernah,Tidak Pernah,Tidak Pernah,Tidak Pernah,Selalu,Selalu,Selalu,Selalu,Selalu,Selalu,Tidak Pernah,Jarang,Tidak Pernah,Jarang,Selalu,Tidak Pernah,Tidak Pernah,Tidak Setuju,Sangat Tidak Setuju,Tidak Setuju,Tidak Setuju,Tidak Setuju,Sangat Setuju,Tidak Setuju,Tidak Setuju,Setuju,Sangat Tidak Setuju,Tidak Setuju,Setuju,Tidak Setuju,Sangat Setuju,Tidak Setuju,Tidak Setuju,Sangat Setuju,Sangat Setuju,Sangat Setuju,Sangat Setuju,Sangat Setuju,Sangat Setuju,Sangat Setuju,Tidak Setuju,Tidak Setuju,Tidak Setuju,Sangat Setuju,Sangat Setuju,Sangat Tidak Setuju,Sangat Setuju,Sangat Setuju,Setuju,Setuju,Sangat Tidak Setuju,Setuju,Setuju,Sangat Setuju,Sangat Setuju,Tidak Setuju,Setuju,9,8,4,4,7,6,5,7,NAIAH,
29/08/2026 9:23:59,"Ya, Saya bersedia",MA,085275211312,Aceh Besar,Laki-laki,38 tahun,SMA,Menikah,Buruh,3-5 juta,9 tahun,28 tahun,2,Rumah Sendiri,,,,,,,,,,,,,,Tidak pernah,Tidak Pernah,Selalu,Selalu,Selalu,Sering,Selalu,Selalu,Selalu,Selalu,Selalu,Selalu,Selalu,Selalu,Selalu,Selalu,Selalu,Selalu,Selalu,Sering,Selalu,Selalu,Selalu,Selalu,Selalu,Selalu,Selalu,Selalu,Selalu,Selalu,Tidak Pernah,Kadang-kadang,Jarang,Jarang,Tidak Pernah,Tidak Pernah,Tidak Pernah,Tidak Pernah,Jarang,Jarang,Tidak Pernah,Sering,Sering,Tidak Pernah,Sering,Jarang,Kadang-kadang,Sering,Tidak Pernah,Tidak Pernah,Tidak Pernah,Tidak Pernah,Tidak Pernah,Sering,Sangat Tidak Setuju,Sangat Tidak Setuju,Tidak Setuju,Sangat Setuju,Sangat Setuju,Sangat Setuju,Sangat Tidak Setuju,Sangat Setuju,Tidak Setuju,Sangat Tidak Setuju,Sangat Setuju,Sangat Setuju,Sangat Setuju,Sangat Setuju,Sangat Setuju,Sangat Tidak Setuju,Sangat Setuju,Sangat Setuju,Sangat Setuju,Sangat Setuju,Sangat Setuju,Sangat Setuju,Sangat Setuju,Sangat Tidak Setuju,Sangat Tidak Setuju,Sangat Tidak Setuju,Sangat Setuju,Sangat Setuju,Sangat Tidak Setuju,Sangat Setuju,Sangat Setuju,Sangat Setuju,Sangat Setuju,Sangat Tidak Setuju,Sangat Setuju,Sangat Tidak Setuju,Sangat Setuju,Sangat Setuju,Sangat Tidak Setuju,Sangat Setuju,7,8,7,5,4,5,1,4,NAIAH,
29/08/2026 10:01:06,"Ya, Saya bersedia",A,085361864040,Banda Aceh,Laki-laki,41 tahun,SMA,Menikah,Karyawan swasta,3.500.000,16 tahun,25 tahun,2,Rumah Sendiri,,,,,,,,,,,,,,Tidak pernah,Tidak Pernah,Jarang,Tidak Pernah,Selalu,Selalu,Selalu,Selalu,Selalu,Selalu,Selalu,Kadang-kadang,Jarang,Jarang,Selalu,Selalu,Selalu,Selalu,Sering,Selalu,Selalu,Selalu,Selalu,Selalu,Sering,Selalu,Kadang-kadang,Sering,Selalu,Selalu,Jarang,Jarang,Tidak Pernah,Tidak Pernah,Tidak Pernah,Tidak Pernah,Tidak Pernah,Tidak Pernah,Jarang,Jarang,Jarang,Kadang-kadang,Selalu,Kadang-kadang,Jarang,Selalu,Selalu,Kadang-kadang,Tidak Pernah,Tidak Pernah,Jarang,Tidak Pernah,Tidak Pernah,Tidak Pernah,Tidak Setuju,Setuju,Setuju,Tidak Setuju,Tidak Setuju,Sangat Tidak Setuju,Sangat Tidak Setuju,Setuju,Sangat Setuju,Sangat Tidak Setuju,Setuju,Sangat Tidak Setuju,Sangat Tidak Setuju,Tidak Setuju,Sangat Setuju,Tidak Setuju,Sangat Setuju,Setuju,Sangat Tidak Setuju,Sangat Tidak Setuju,Tidak Setuju,Sangat Setuju,Sangat Setuju,Sangat Tidak Setuju,Setuju,Sangat Tidak Setuju,Sangat Setuju,Setuju,Tidak Setuju,Setuju,Sangat Setuju,Sangat Setuju,Setuju,Sangat Tidak Setuju,Setuju,Tidak Setuju,Setuju,Setuju,Tidak Setuju,Sangat Setuju,8,8,9,8,6,7,7,7,NAIAH,
29/08/2026 10:16:09,"Ya, Saya bersedia",D,085260042575,Banda Aceh,Laki-laki,52,SMA,Menikah,Pekerja swasta,3 juta,24 tahun,28 tahun,3,Rumah Sendiri,,,,,,,,,,,,,,Jarang,Jarang,Jarang,Kadang-kadang,Selalu,Selalu,Selalu,Selalu,Selalu,Selalu,Selalu,Sering,Jarang,Jarang,Sering,Selalu,Jarang,Kadang-kadang,Sering,Selalu,Jarang,Jarang,Tidak Pernah,Tidak Pernah,Jarang,Jarang,Selalu,Tidak Pernah,Selalu,Selalu,Jarang,Jarang,Tidak Pernah,Jarang,Tidak Pernah,Tidak Pernah,Tidak Pernah,Tidak Pernah,Tidak Pernah,Tidak Pernah,Jarang,Jarang,Sering,Selalu,Selalu,Selalu,Selalu,Jarang,Kadang-kadang,Kadang-kadang,Jarang,Tidak Pernah,Tidak Pernah,Tidak Pernah,Setuju,Tidak Setuju,Setuju,Setuju,Tidak Setuju,Sangat Setuju,Tidak Setuju,Sangat Setuju,Tidak Setuju,Tidak Setuju,Setuju,Sangat Setuju,Sangat Tidak Setuju,Tidak Setuju,Setuju,Sangat Setuju,Sangat Setuju,Sangat Setuju,Tidak Setuju,Sangat Tidak Setuju,Sangat Setuju,Sangat Setuju,Setuju,Sangat Tidak Setuju,Sangat Tidak Setuju,Tidak Setuju,Sangat Setuju,Setuju,Sangat Tidak Setuju,Sangat Tidak Setuju,Sangat Tidak Setuju,Sangat Setuju,Tidak Setuju,Sangat Tidak Setuju,Sangat Setuju,Sangat Setuju,Sangat Setuju,Sangat Setuju,Sangat Tidak Setuju,Sangat Tidak Setuju,1,5,5,5,4,7,5,6,NAIAH,
29/08/2026 11:26:07,"Ya, Saya bersedia",I,-,Banda aceh,Perempuan,56,SMA,Menikah,IRT,1 juta,21,45,1,Rumah Sendiri,,,,,,,,,,,,,,Tidak pernah,Kadang-kadang,Selalu,Selalu,Selalu,Selalu,Selalu,Selalu,Selalu,Selalu,Selalu,Selalu,Selalu,Selalu,Selalu,Selalu,Selalu,Selalu,Kadang-kadang,Selalu,Selalu,Selalu,Selalu,Selalu,Selalu,Selalu,Tidak Pernah,Kadang-kadang,Selalu,Selalu,Tidak Pernah,Tidak Pernah,Tidak Pernah,Tidak Pernah,Tidak Pernah,Tidak Pernah,Tidak Pernah,Tidak Pernah,Tidak Pernah,Tidak Pernah,Tidak Pernah,Tidak Pernah,Jarang,Tidak Pernah,Selalu,Selalu,Selalu,Tidak Pernah,Tidak Pernah,Tidak Pernah,Sering,Sering,Tidak Pernah,Tidak Pernah,Sangat Tidak Setuju,Setuju,Setuju,Setuju,Tidak Setuju,Setuju,Tidak Setuju,Tidak Setuju,Tidak Setuju,Sangat Tidak Setuju,Sangat Setuju,Setuju,Tidak Setuju,Sangat Setuju,Setuju,Tidak Setuju,Setuju,Setuju,Setuju,Setuju,Setuju,Sangat Setuju,Tidak Setuju,Tidak Setuju,Tidak Setuju,Tidak Setuju,Sangat Setuju,Setuju,Tidak Setuju,Sangat Setuju,Setuju,Sangat Setuju,Tidak Setuju,Tidak Setuju,Setuju,Setuju,Setuju,Setuju,Sangat Tidak Setuju,Setuju,7,5,5,3,1,4,4,8,NAIAH,
29/08/2026 12:15:52,"Ya, Saya bersedia",Chery,085360224277,Banda Aceh,Perempuan,37 Tahun,S1,Menikah,Kepala Sekolah Swasta,Kurang lebih 8 juta,12 Tahun,25,2,Rumah Sendiri,,,,,,,,,,,,,,Selalu,Sering,Kadang-kadang,Selalu,Sering,Kadang-kadang,Kadang-kadang,Kadang-kadang,Kadang-kadang,Kadang-kadang,Kadang-kadang,Kadang-kadang,Jarang,Sering,Kadang-kadang,Kadang-kadang,Kadang-kadang,Kadang-kadang,Jarang,Kadang-kadang,Kadang-kadang,Kadang-kadang,Kadang-kadang,Sering,Jarang,Sering,Jarang,Jarang,Selalu,Selalu,Sering,Sering,Selalu,Jarang,Jarang,Jarang,Kadang-kadang,Kadang-kadang,Sering,Jarang,Sering,Sering,Sering,Kadang-kadang,Sering,Sering,Sering,Sering,Kadang-kadang,Sering,Kadang-kadang,Kadang-kadang,Kadang-kadang,Jarang,Sangat Tidak Setuju,Tidak Setuju,Tidak Setuju,Sangat Setuju,Sangat Tidak Setuju,Sangat Setuju,Sangat Tidak Setuju,Sangat Tidak Setuju,Tidak Setuju,Sangat Tidak Setuju,Sangat Setuju,Sangat Setuju,Sangat Tidak Setuju,Sangat Setuju,Sangat Setuju,Sangat Tidak Setuju,Sangat Setuju,Sangat Setuju,Sangat Setuju,Sangat Setuju,Sangat Setuju,Sangat Setuju,Sangat Setuju,Sangat Tidak Setuju,Sangat Tidak Setuju,Sangat Tidak Setuju,Sangat Setuju,Sangat Setuju,Sangat Tidak Setuju,Sangat Setuju,Sangat Setuju,Sangat Setuju,Sangat Setuju,Sangat Setuju,Sangat Setuju,Sangat Setuju,Sangat Setuju,Sangat Setuju,Sangat Tidak Setuju,Sangat Setuju,5,5,6,5,5,4,4,5,M. Raffi Filhayati Akbar,
29/08/2026 12:59:00,"Ya, Saya bersedia",MRA,085277004465,Banda Aceh ,Laki-laki,36,S1,Cerai Hidup,Karyawan swasta ,7000000,,,,,Perselingkuhan istri,8,27,35,3,Rumah Sewa,,,,,,,,Selalu,Selalu,Sering,Selalu,Selalu,Sering,Selalu,Selalu,Selalu,Selalu,Selalu,Selalu,Sering,Sering,Selalu,Selalu,Selalu,Selalu,Selalu,Kadang-kadang,Kadang-kadang,Selalu,Selalu,Selalu,Kadang-kadang,Sering,Kadang-kadang,Sering,Selalu,Kadang-kadang,Kadang-kadang,Sering,Kadang-kadang,Tidak Pernah,Tidak Pernah,Tidak Pernah,Kadang-kadang,Jarang,Tidak Pernah,Tidak Pernah,Sering,Kadang-kadang,Kadang-kadang,Jarang,Jarang,Jarang,Selalu,Kadang-kadang,Kadang-kadang,Kadang-kadang,Kadang-kadang,Jarang,Tidak Pernah,Kadang-kadang,Sangat Tidak Setuju,Setuju,Tidak Setuju,Setuju,Sangat Tidak Setuju,Sangat Setuju,Sangat Tidak Setuju,Tidak Setuju,Sangat Setuju,Sangat Tidak Setuju,Setuju,Sangat Setuju,Sangat Tidak Setuju,Sangat Setuju,Sangat Setuju,Sangat Tidak Setuju,Sangat Setuju,Setuju,Sangat Setuju,Setuju,Setuju,Sangat Setuju,Setuju,Sangat Tidak Setuju,Tidak Setuju,Tidak Setuju,Sangat Setuju,Sangat Tidak Setuju,Sangat Tidak Setuju,Sangat Setuju,Sangat Setuju,Sangat Setuju,Sangat Tidak Setuju,Sangat Tidak Setuju,Sangat Setuju,Sangat Setuju,Sangat Tidak Setuju,Sangat Setuju,Sangat Tidak Setuju,Sangat Setuju,1,1,1,1,10,1,1,1,Mra,
29/08/2026 13:01:21,"Ya, Saya bersedia",e,082273690411,banda aceh,Perempuan,40,SMA,Menikah,pengusaha,2 juta ,12 th,28 th,2,Rumah Sendiri,,,,,,,,,,,,,,Jarang,Tidak Pernah,Kadang-kadang,Jarang,Sering,Sering,Sering,Jarang,Sering,Selalu,Sering,Selalu,Sering,Selalu,Selalu,Selalu,Selalu,Selalu,Selalu,Sering,Selalu,Sering,Selalu,Kadang-kadang,Selalu,Selalu,Tidak Pernah,Tidak Pernah,Selalu,Selalu,Tidak Pernah,Tidak Pernah,Tidak Pernah,Tidak Pernah,Tidak Pernah,Tidak Pernah,Tidak Pernah,Tidak Pernah,Tidak Pernah,Tidak Pernah,Tidak Pernah,Sering,Selalu,Jarang,Sering,Jarang,Sering,Tidak Pernah,Tidak Pernah,Tidak Pernah,Tidak Pernah,Tidak Pernah,Tidak Pernah,Tidak Pernah,Setuju,Tidak Setuju,Sangat Setuju,Tidak Setuju,Tidak Setuju,Setuju,Tidak Setuju,Tidak Setuju,Tidak Setuju,Tidak Setuju,Setuju,Setuju,Tidak Setuju,Tidak Setuju,Setuju,Tidak Setuju,Setuju,Setuju,Setuju,Setuju,Setuju,Setuju,Setuju,Sangat Tidak Setuju,Sangat Tidak Setuju,Sangat Tidak Setuju,Setuju,Setuju,Sangat Tidak Setuju,Setuju,Setuju,Setuju,Tidak Setuju,Tidak Setuju,Sangat Setuju,Sangat Setuju,Setuju,Setuju,Tidak Setuju,Setuju,7,5,7,7,4,10,2,7,AH,
29/08/2026 13:23:33,"Ya, Saya bersedia",AJ,085212296399,geuceu iniem,Laki-laki,52,S1,Menikah,PNS,7.000.000,29 Tahun,23 Tahun,4,Rumah Sendiri,,,,,,,,,,,,,,Sering,Selalu,Selalu,Sering,Selalu,Selalu,Selalu,Sering,Selalu,Selalu,Selalu,Selalu,Selalu,Selalu,Selalu,Selalu,Sering,Selalu,Selalu,Selalu,Selalu,Selalu,Selalu,Selalu,Selalu,Selalu,Selalu,Selalu,Selalu,Selalu,Kadang-kadang,Kadang-kadang,Kadang-kadang,Tidak Pernah,Tidak Pernah,Tidak Pernah,Tidak Pernah,Tidak Pernah,Kadang-kadang,Tidak Pernah,Jarang,Jarang,Jarang,Tidak Pernah,Tidak Pernah,Kadang-kadang,Jarang,Jarang,Selalu,Sering,Kadang-kadang,Tidak Pernah,Tidak Pernah,Tidak Pernah,Sangat Tidak Setuju,Sangat Tidak Setuju,Sangat Tidak Setuju,Sangat Setuju,Sangat Tidak Setuju,Sangat Setuju,Sangat Tidak Setuju,Sangat Tidak Setuju,Sangat Tidak Setuju,Sangat Tidak Setuju,Sangat Setuju,Sangat Setuju,Sangat Tidak Setuju,Sangat Setuju,Setuju,Sangat Tidak Setuju,Sangat Setuju,Sangat Setuju,Sangat Setuju,Tidak Setuju,Sangat Setuju,Sangat Setuju,Tidak Setuju,Tidak Setuju,Tidak Setuju,Tidak Setuju,Sangat Setuju,Tidak Setuju,Sangat Tidak Setuju,Sangat Setuju,Setuju,Setuju,Tidak Setuju,Tidak Setuju,Sangat Setuju,Setuju,Tidak Setuju,Setuju,Tidak Setuju,Sangat Setuju,3,3,2,2,4,9,2,3,Wazugni,
29/08/2026 13:35:33,"Ya, Saya bersedia",ZA,085270197403,geuceu iniem,Perempuan,75 tahun,SMP,Cerai Hidup,tidak bekerja,2.000.000,,,,,ada orang ketiga,13 tahun,16 tahun,29 tahun,4,Rumah Sendiri,,,,,,,,Sering,Sering,Jarang,Jarang,Selalu,Selalu,Sering,Sering,Sering,Kadang-kadang,Jarang,Sering,Sering,Selalu,Kadang-kadang,Sering,Sering,Sering,Sering,Sering,Sering,Sering,Sering,Jarang,Jarang,Jarang,Jarang,Jarang,Kadang-kadang,Selalu,Jarang,Jarang,Kadang-kadang,Jarang,Kadang-kadang,Kadang-kadang,Jarang,Tidak Pernah,Tidak Pernah,Tidak Pernah,Tidak Pernah,Tidak Pernah,Tidak Pernah,Tidak Pernah,Tidak Pernah,Tidak Pernah,Tidak Pernah,Sering,Sering,Sering,Sering,Kadang-kadang,Jarang,Jarang,Sangat Tidak Setuju,Sangat Tidak Setuju,Sangat Tidak Setuju,Sangat Setuju,Sangat Tidak Setuju,Sangat Setuju,Sangat Tidak Setuju,Sangat Tidak Setuju,Sangat Tidak Setuju,Sangat Tidak Setuju,Sangat Setuju,Sangat Setuju,Sangat Tidak Setuju,Sangat Setuju,Sangat Setuju,Sangat Tidak Setuju,Sangat Setuju,Sangat Setuju,Sangat Setuju,Sangat Setuju,Sangat Setuju,Sangat Setuju,Sangat Setuju,Sangat Tidak Setuju,Sangat Tidak Setuju,Sangat Tidak Setuju,Sangat Setuju,Sangat Setuju,Sangat Tidak Setuju,Sangat Setuju,Sangat Setuju,Sangat Setuju,Sangat Setuju,Sangat Tidak Setuju,Sangat Setuju,Sangat Setuju,Sangat Setuju,Sangat Setuju,Sangat Tidak Setuju,Sangat Setuju,10,10,10,10,8,10,8,10,Wazugni,
29/08/2026 13:43:57,"Ya, Saya bersedia",DS,08116882811,geuceu iniem,Perempuan,51 tahun,S1,Menikah,PNS,7.000.000,29 Tahun,22 Tahun,4,Rumah Keluarga,,,,,,,,,,,,,,Sering,Selalu,Sering,Selalu,Selalu,Selalu,Selalu,Selalu,Selalu,Selalu,Selalu,Selalu,Selalu,Selalu,Selalu,Selalu,Selalu,Selalu,Selalu,Selalu,Selalu,Selalu,Selalu,Sering,Selalu,Selalu,Sering,Selalu,Selalu,Selalu,Jarang,Kadang-kadang,Jarang,Tidak Pernah,Tidak Pernah,Tidak Pernah,Tidak Pernah,Tidak Pernah,Tidak Pernah,Tidak Pernah,Tidak Pernah,Tidak Pernah,Jarang,Tidak Pernah,Jarang,Jarang,Jarang,Kadang-kadang,Selalu,Selalu,Sering,Jarang,Tidak Pernah,Tidak Pernah,Sangat Tidak Setuju,Sangat Tidak Setuju,Sangat Tidak Setuju,Sangat Setuju,Sangat Tidak Setuju,Sangat Setuju,Sangat Tidak Setuju,Sangat Tidak Setuju,Sangat Tidak Setuju,Sangat Tidak Setuju,Setuju,Setuju,Tidak Setuju,Setuju,Tidak Setuju,Tidak Setuju,Sangat Setuju,Setuju,Setuju,Tidak Setuju,Sangat Setuju,Sangat Setuju,Setuju,Sangat Tidak Setuju,Sangat Tidak Setuju,Sangat Tidak Setuju,Sangat Setuju,Setuju,Sangat Tidak Setuju,Sangat Setuju,Setuju,Sangat Setuju,Setuju,Sangat Tidak Setuju,Sangat Setuju,Sangat Setuju,Setuju,Sangat Setuju,Tidak Setuju,Setuju,3,4,3,2,7,9,3,3,Wazugni,
29/08/2026 13:45:57,"Ya, Saya bersedia",Satika,082269048922,Banda aceh,Perempuan,27 tahun,S1,Menikah,Tidak bekerja,5 juta,1 tahun,26 tahun,1,Rumah Sendiri,,,,,,,,,,,,,,Tidak pernah,Jarang,Jarang,Sering,Selalu,Selalu,Selalu,Selalu,Selalu,Selalu,Selalu,Sering,Selalu,Selalu,Selalu,Selalu,Selalu,Selalu,Selalu,Selalu,Sering,Selalu,Selalu,Kadang-kadang,Sering,Sering,Kadang-kadang,Sering,Selalu,Selalu,Tidak Pernah,Kadang-kadang,Tidak Pernah,Tidak Pernah,Tidak Pernah,Tidak Pernah,Tidak Pernah,Tidak Pernah,Tidak Pernah,Tidak Pernah,Tidak Pernah,Kadang-kadang,Jarang,Tidak Pernah,Jarang,Tidak Pernah,Tidak Pernah,Tidak Pernah,Tidak Pernah,Tidak Pernah,Tidak Pernah,Tidak Pernah,Tidak Pernah,Tidak Pernah,Sangat Tidak Setuju,Setuju,Setuju,Setuju,Setuju,Sangat Setuju,Sangat Setuju,Setuju,Sangat Tidak Setuju,Sangat Tidak Setuju,Setuju,Sangat Setuju,Sangat Tidak Setuju,Tidak Setuju,Tidak Setuju,Sangat Tidak Setuju,Sangat Setuju,Sangat Setuju,Setuju,Setuju,Setuju,Sangat Setuju,Setuju,Tidak Setuju,Setuju,Sangat Tidak Setuju,Sangat Setuju,Sangat Setuju,Sangat Tidak Setuju,Sangat Setuju,Sangat Setuju,Sangat Setuju,Setuju,Tidak Setuju,Sangat Setuju,Sangat Setuju,Setuju,Setuju,Tidak Setuju,Setuju,10,10,10,10,9,10,10,10,Nahwa,
29/08/2026 14:11:22,"Ya, Saya bersedia",ER,081264278489,Lhong raya banda aceh,Perempuan,52,S2,Menikah,Pns,10.000 000,27,25,2,Rumah Sendiri,,,,,,,,,,,,,,Tidak pernah,Tidak Pernah,Kadang-kadang,Kadang-kadang,Selalu,Selalu,Selalu,Selalu,Selalu,Kadang-kadang,Selalu,Sering,Jarang,Selalu,Sering,Selalu,Selalu,Selalu,Selalu,Selalu,Selalu,Sering,Selalu,Selalu,Selalu,Selalu,Selalu,Selalu,Selalu,Kadang-kadang,Tidak Pernah,Tidak Pernah,Tidak Pernah,Tidak Pernah,Tidak Pernah,Tidak Pernah,Tidak Pernah,Tidak Pernah,Jarang,Tidak Pernah,Tidak Pernah,Kadang-kadang,Kadang-kadang,Tidak Pernah,Jarang,Jarang,Jarang,Kadang-kadang,Tidak Pernah,Kadang-kadang,Kadang-kadang,Tidak Pernah,Tidak Pernah,Tidak Pernah,Sangat Tidak Setuju,Sangat Tidak Setuju,Sangat Tidak Setuju,Sangat Setuju,Sangat Tidak Setuju,Sangat Setuju,Sangat Tidak Setuju,Sangat Tidak Setuju,Sangat Tidak Setuju,Sangat Tidak Setuju,Sangat Tidak Setuju,Sangat Setuju,Sangat Tidak Setuju,Sangat Setuju,Setuju,Sangat Tidak Setuju,Sangat Setuju,Sangat Setuju,Sangat Setuju,Sangat Setuju,Sangat Setuju,Sangat Setuju,Setuju,Sangat Tidak Setuju,Tidak Setuju,Sangat Tidak Setuju,Sangat Setuju,Sangat Setuju,Sangat Tidak Setuju,Sangat Setuju,Sangat Setuju,Sangat Setuju,Setuju,Sangat Tidak Setuju,Sangat Setuju,Sangat Setuju,Setuju,Setuju,Tidak Setuju,Setuju,5,5,5,5,8,9,7,5,Dhiya,
29/08/2026 14:18:22,"Ya, Saya bersedia",A,082368049226,Banda aceh,Perempuan,47 thn,SMA,Menikah,IRT,1.500.000,25 thn,22 thn,2,Rumah Keluarga,,,,,,,,,,,,,,Selalu,Jarang,Selalu,Selalu,Selalu,Selalu,Selalu,Selalu,Kadang-kadang,Jarang,Selalu,Selalu,Kadang-kadang,Selalu,Selalu,Selalu,Selalu,Sering,Selalu,Selalu,Selalu,Selalu,Selalu,Sering,Selalu,Selalu,Selalu,Selalu,Selalu,Kadang-kadang,Jarang,Selalu,Tidak Pernah,Tidak Pernah,Tidak Pernah,Tidak Pernah,Tidak Pernah,Jarang,Kadang-kadang,Tidak Pernah,Jarang,Kadang-kadang,Kadang-kadang,Tidak Pernah,Jarang,Kadang-kadang,Tidak Pernah,Tidak Pernah,Tidak Pernah,Tidak Pernah,Kadang-kadang,Tidak Pernah,Tidak Pernah,Tidak Pernah,Tidak Setuju,Tidak Setuju,Sangat Tidak Setuju,Setuju,Sangat Tidak Setuju,Sangat Setuju,Tidak Setuju,Tidak Setuju,Setuju,Sangat Tidak Setuju,Sangat Setuju,Setuju,Tidak Setuju,Setuju,Setuju,Tidak Setuju,Setuju,Setuju,Setuju,Setuju,Setuju,Sangat Setuju,Setuju,Tidak Setuju,Tidak Setuju,Tidak Setuju,Sangat Setuju,Setuju,Sangat Tidak Setuju,Setuju,Setuju,Setuju,Setuju,Tidak Setuju,Setuju,Setuju,Setuju,Setuju,Tidak Setuju,Setuju,9,9,4,4,1,1,4,7,Una,
29/08/2026 14:42:28,"Ya, Saya bersedia",DN,081375377790,Bireuen ,Laki-laki,49,SMA,Menikah,Jualan ,Rp.3.000.000,23 tahun ,26 tahun ,1,Rumah Sendiri,,,,,,,,,,,,,,Selalu,Selalu,Selalu,Selalu,Selalu,Selalu,Selalu,Sering,Sering,Selalu,Selalu,Selalu,Sering,Selalu,Selalu,Selalu,Selalu,Selalu,Selalu,Selalu,Sering,Sering,Sering,Sering,Sering,Sering,Sering,Sering,Sering,Selalu,Tidak Pernah,Tidak Pernah,Tidak Pernah,Tidak Pernah,Tidak Pernah,Tidak Pernah,Tidak Pernah,Kadang-kadang,Kadang-kadang,Tidak Pernah,Tidak Pernah,Sering,Sering,Sering,Sering,Sering,Selalu,Kadang-kadang,Kadang-kadang,Sering,Sering,Jarang,Tidak Pernah,Jarang,Sangat Tidak Setuju,Sangat Tidak Setuju,Sangat Tidak Setuju,Sangat Setuju,Sangat Tidak Setuju,Sangat Setuju,Sangat Tidak Setuju,Sangat Tidak Setuju,Tidak Setuju,Sangat Tidak Setuju,Sangat Setuju,Sangat Setuju,Sangat Tidak Setuju,Sangat Setuju,Sangat Setuju,Sangat Tidak Setuju,Sangat Setuju,Sangat Setuju,Sangat Setuju,Sangat Setuju,Sangat Setuju,Sangat Setuju,Sangat Setuju,Sangat Tidak Setuju,Sangat Tidak Setuju,Sangat Tidak Setuju,Sangat Setuju,Sangat Setuju,Sangat Tidak Setuju,Sangat Setuju,Sangat Setuju,Sangat Setuju,Sangat Setuju,Sangat Tidak Setuju,Sangat Setuju,Sangat Setuju,Sangat Setuju,Sangat Setuju,Sangat Tidak Setuju,Sangat Setuju,9,9,9,1,5,2,2,9,Nahwa,
29/08/2026 14:55:36,"Ya, Saya bersedia",E,085277551625,banda aceh,Laki-laki,28 thn,SMA,Menikah,pegawai,5.000.000,1 bulan,28 thn,-,Rumah Keluarga,,,,,,,,,,,,,,Tidak pernah,Kadang-kadang,Selalu,Selalu,Selalu,Selalu,Selalu,Selalu,Selalu,Selalu,Selalu,Selalu,Kadang-kadang,Selalu,Selalu,Selalu,Selalu,Selalu,Selalu,Selalu,Kadang-kadang,Selalu,Selalu,Selalu,Selalu,Selalu,Selalu,Selalu,Selalu,Selalu,Jarang,Kadang-kadang,Tidak Pernah,Tidak Pernah,Tidak Pernah,Tidak Pernah,Tidak Pernah,Tidak Pernah,Tidak Pernah,Tidak Pernah,Tidak Pernah,Tidak Pernah,Kadang-kadang,Tidak Pernah,Tidak Pernah,Tidak Pernah,Tidak Pernah,Tidak Pernah,Tidak Pernah,Tidak Pernah,Tidak Pernah,Tidak Pernah,Tidak Pernah,Tidak Pernah,Sangat Tidak Setuju,Tidak Setuju,Tidak Setuju,Setuju,Sangat Tidak Setuju,Sangat Tidak Setuju,Sangat Tidak Setuju,Sangat Tidak Setuju,Setuju,Sangat Tidak Setuju,Tidak Setuju,Sangat Setuju,Tidak Setuju,Tidak Setuju,Setuju,Sangat Tidak Setuju,Setuju,Setuju,Setuju,Setuju,Setuju,Sangat Setuju,Tidak Setuju,Setuju,Setuju,Setuju,Setuju,Tidak Setuju,Tidak Setuju,Setuju,Sangat Setuju,Setuju,Tidak Setuju,Tidak Setuju,Setuju,Tidak Setuju,Tidak Setuju,Tidak Setuju,Tidak Setuju,Sangat Setuju,9,5,8,5,9,10,9,9,Una,
29/08/2026 15:01:35,"Ya, Saya bersedia",E,085261088881,banda aceh,Perempuan,42 thn,S1,Menikah,IRT,2.000.000,19 thn,23 thn,3,Rumah Keluarga,,,,,,,,,,,,,,Tidak pernah,Tidak Pernah,Tidak Pernah,Tidak Pernah,Sering,Selalu,Sering,Sering,Sering,Sering,Sering,Jarang,Sering,Sering,Sering,Sering,Sering,Sering,Sering,Sering,Sering,Sering,Sering,Sering,Sering,Sering,Sering,Sering,Sering,Jarang,Tidak Pernah,Tidak Pernah,Tidak Pernah,Tidak Pernah,Tidak Pernah,Tidak Pernah,Selalu,Tidak Pernah,Tidak Pernah,Tidak Pernah,Tidak Pernah,Tidak Pernah,Sering,Tidak Pernah,Sering,Tidak Pernah,Selalu,Tidak Pernah,Tidak Pernah,Tidak Pernah,Jarang,Jarang,Tidak Pernah,Tidak Pernah,Tidak Setuju,Setuju,Setuju,Tidak Setuju,Tidak Setuju,Tidak Setuju,Tidak Setuju,Tidak Setuju,Setuju,Tidak Setuju,Setuju,Setuju,Setuju,Setuju,Tidak Setuju,Tidak Setuju,Setuju,Setuju,Tidak Setuju,Sangat Setuju,Setuju,Setuju,Setuju,Tidak Setuju,Sangat Tidak Setuju,Tidak Setuju,Sangat Setuju,Setuju,Tidak Setuju,Sangat Setuju,Sangat Setuju,Setuju,Tidak Setuju,Tidak Setuju,Setuju,Setuju,Tidak Setuju,Setuju,Tidak Setuju,Setuju,10,10,7,7,4,7,7,10,Una,
29/08/2026 15:35:33,"Ya, Saya bersedia",N,085260016266,banda aceh,Perempuan,58 thn,SMA,Menikah,IRT,2.000.000,25 thn,33 thn,3,Rumah Sendiri,,,,,,,,,,,,,,Tidak pernah,Tidak Pernah,Jarang,Tidak Pernah,Tidak Pernah,Jarang,Sering,Jarang,Sering,Sering,Sering,Sering,Sering,Sering,Selalu,Selalu,Sering,Sering,Sering,Sering,Selalu,Sering,Sering,Sering,Sering,Sering,Sering,Sering,Sering,Selalu,Jarang,Tidak Pernah,Tidak Pernah,Tidak Pernah,Tidak Pernah,Tidak Pernah,Jarang,Tidak Pernah,Jarang,Kadang-kadang,Kadang-kadang,Jarang,Jarang,Tidak Pernah,Jarang,Tidak Pernah,Tidak Pernah,Tidak Pernah,Tidak Pernah,Tidak Pernah,Tidak Pernah,Tidak Pernah,Jarang,Tidak Pernah,Tidak Setuju,Tidak Setuju,Tidak Setuju,Tidak Setuju,Tidak Setuju,Tidak Setuju,Tidak Setuju,Tidak Setuju,Tidak Setuju,Tidak Setuju,Setuju,Setuju,Setuju,Setuju,Tidak Setuju,Setuju,Setuju,Setuju,Setuju,Sangat Setuju,Setuju,Setuju,Setuju,Tidak Setuju,Tidak Setuju,Tidak Setuju,Sangat Setuju,Setuju,Tidak Setuju,Sangat Setuju,Setuju,Setuju,Tidak Setuju,Setuju,Setuju,Setuju,Setuju,Setuju,Tidak Setuju,Setuju,7,10,7,4,4,4,4,10,Una,
29/08/2026 16:01:05,"Ya, Saya bersedia",Z,085262439366,banda aceh,Perempuan,38 thn,S1,Menikah,IRT,2.500.000,14 thn,24 thn,3,Rumah Sewa,,,,,,,,,,,,,,Jarang,Kadang-kadang,Selalu,Selalu,Selalu,Selalu,Selalu,Selalu,Selalu,Selalu,Selalu,Selalu,Kadang-kadang,Selalu,Selalu,Kadang-kadang,Sering,Selalu,Selalu,Selalu,Kadang-kadang,Kadang-kadang,Kadang-kadang,Selalu,Kadang-kadang,Kadang-kadang,Selalu,Selalu,Selalu,Selalu,Jarang,Kadang-kadang,Kadang-kadang,Jarang,Tidak Pernah,Jarang,Kadang-kadang,Tidak Pernah,Jarang,Jarang,Kadang-kadang,Kadang-kadang,Jarang,Tidak Pernah,Kadang-kadang,Kadang-kadang,Jarang,Sering,Tidak Pernah,Tidak Pernah,Kadang-kadang,Sering,Kadang-kadang,Kadang-kadang,Sangat Tidak Setuju,Tidak Setuju,Tidak Setuju,Sangat Setuju,Sangat Tidak Setuju,Sangat Setuju,Sangat Tidak Setuju,Tidak Setuju,Setuju,Tidak Setuju,Setuju,Sangat Setuju,Tidak Setuju,Sangat Setuju,Sangat Setuju,Tidak Setuju,Sangat Setuju,Sangat Setuju,Sangat Setuju,Sangat Setuju,Sangat Setuju,Sangat Setuju,Setuju,Sangat Tidak Setuju,Setuju,Tidak Setuju,Sangat Setuju,Setuju,Sangat Tidak Setuju,Sangat Setuju,Sangat Setuju,Sangat Setuju,Sangat Setuju,Tidak Setuju,Sangat Tidak Setuju,Sangat Setuju,Setuju,Setuju,Setuju,Setuju,4,4,4,4,4,7,3,3,Una,
29/08/2026 16:09:05,"Ya, Saya bersedia",Nisa,082360188994,Lhokseumawe,Perempuan,27,S1,Menikah,Tidak bekerja,Rp. 3.500.000,3 tahun,25,0,Rumah Sewa,,,,,,,,,,,,,,Sering,Sering,Sering,Selalu,Selalu,Sering,Selalu,Selalu,Selalu,Selalu,Selalu,Selalu,Sering,Sering,Selalu,Selalu,Selalu,Selalu,Sering,Sering,Selalu,Selalu,Selalu,Selalu,Sering,Selalu,Sering,Selalu,Selalu,Selalu,Kadang-kadang,Sering,Jarang,Tidak Pernah,Tidak Pernah,Tidak Pernah,Tidak Pernah,Tidak Pernah,Kadang-kadang,Jarang,Kadang-kadang,Kadang-kadang,Sering,Kadang-kadang,Kadang-kadang,Jarang,Kadang-kadang,Tidak Pernah,Jarang,Tidak Pernah,Jarang,Kadang-kadang,Tidak Pernah,Jarang,Sangat Tidak Setuju,Tidak Setuju,Setuju,Tidak Setuju,Sangat Tidak Setuju,Sangat Setuju,Sangat Tidak Setuju,Tidak Setuju,Tidak Setuju,Sangat Tidak Setuju,Tidak Setuju,Setuju,Sangat Tidak Setuju,Tidak Setuju,Tidak Setuju,Sangat Tidak Setuju,Sangat Setuju,Sangat Setuju,Sangat Setuju,Sangat Setuju,Tidak Setuju,Sangat Setuju,Setuju,Setuju,Setuju,Sangat Tidak Setuju,Sangat Setuju,Setuju,Sangat Tidak Setuju,Setuju,Sangat Setuju,Sangat Setuju,Tidak Setuju,Tidak Setuju,Sangat Setuju,Sangat Setuju,Setuju,Setuju,Tidak Setuju,Setuju,8,8,8,9,8,9,9,9,Rafi,
29/08/2026 16:09:34,"Ya, Saya bersedia",S,0852 6076 9640,aceh besar,Laki-laki,51 thn,S1,Menikah,karyawan,4.000.000,23 thn,28 thn,2,Rumah Sendiri,,,,,,,,,,,,,,Jarang,Tidak Pernah,Tidak Pernah,Tidak Pernah,Sering,Selalu,Selalu,Selalu,Sering,Sering,Selalu,Selalu,Selalu,Selalu,Selalu,Sering,Sering,Sering,Selalu,Sering,Selalu,Sering,Selalu,Selalu,Selalu,Sering,Selalu,Selalu,Selalu,Selalu,Sering,Tidak Pernah,Tidak Pernah,Tidak Pernah,Tidak Pernah,Tidak Pernah,Jarang,Tidak Pernah,Tidak Pernah,Jarang,Tidak Pernah,Tidak Pernah,Tidak Pernah,Sering,Sering,Sering,Sering,Tidak Pernah,Tidak Pernah,Tidak Pernah,Tidak Pernah,Tidak Pernah,Tidak Pernah,Tidak Pernah,Tidak Setuju,Tidak Setuju,Tidak Setuju,Setuju,Sangat Setuju,Tidak Setuju,Sangat Setuju,Tidak Setuju,Setuju,Setuju,Setuju,Setuju,Tidak Setuju,Sangat Setuju,Setuju,Tidak Setuju,Sangat Setuju,Sangat Tidak Setuju,Sangat Tidak Setuju,Sangat Tidak Setuju,Tidak Setuju,Setuju,Setuju,Tidak Setuju,Tidak Setuju,Sangat Setuju,Setuju,Setuju,Sangat Setuju,Setuju,Sangat Tidak Setuju,Sangat Setuju,Tidak Setuju,Tidak Setuju,Sangat Tidak Setuju,Tidak Setuju,Tidak Setuju,Tidak Setuju,Sangat Tidak Setuju,Setuju,6,5,4,3,3,6,3,6,Una,
29/08/2026 16:33:41,"Ya, Saya bersedia",JH,081375302913,aceh besar,Laki-laki,43 thn,SMA,Menikah,buruh harian lepas,1.000.000,7 thn,36 thn,1,Rumah Keluarga,,,,,,,,,,,,,,Selalu,Kadang-kadang,Sering,Sering,Selalu,Selalu,Sering,Sering,Sering,Sering,Sering,Sering,Sering,Sering,Sering,Sering,Sering,Sering,Selalu,Selalu,Sering,Sering,Selalu,Selalu,Sering,Kadang-kadang,Kadang-kadang,Selalu,Selalu,Sering,Tidak Pernah,Tidak Pernah,Tidak Pernah,Tidak Pernah,Tidak Pernah,Tidak Pernah,Tidak Pernah,Tidak Pernah,Jarang,Tidak Pernah,Sering,Jarang,Tidak Pernah,Tidak Pernah,Jarang,Jarang,Kadang-kadang,Tidak Pernah,Jarang,Jarang,Tidak Pernah,Tidak Pernah,Tidak Pernah,Tidak Pernah,Sangat Tidak Setuju,Sangat Tidak Setuju,Sangat Tidak Setuju,Tidak Setuju,Sangat Tidak Setuju,Sangat Tidak Setuju,Sangat Tidak Setuju,Sangat Tidak Setuju,Sangat Tidak Setuju,Sangat Tidak Setuju,Sangat Tidak Setuju,Sangat Tidak Setuju,Sangat Tidak Setuju,Sangat Tidak Setuju,Tidak Setuju,Sangat Tidak Setuju,Sangat Tidak Setuju,Sangat Tidak Setuju,Sangat Tidak Setuju,Sangat Tidak Setuju,Sangat Tidak Setuju,Sangat Setuju,Setuju,Sangat Tidak Setuju,Tidak Setuju,Tidak Setuju,Setuju,Setuju,Sangat Tidak Setuju,Setuju,Sangat Tidak Setuju,Setuju,Setuju,Sangat Tidak Setuju,Setuju,Sangat Setuju,Setuju,Setuju,Sangat Tidak Setuju,Setuju,8,8,5,4,2,6,6,8,Una,
29/08/2026 16:49:06,"Ya, Saya bersedia",D,081318701225,banda aceh,Perempuan,45 thn,S2,Menikah,staff NGO,10.000.000,11 tahun,34 tahun,2,Rumah Sendiri,,,,,,,,,,,,,,Sering,Selalu,Sering,Selalu,Selalu,Sering,Sering,Selalu,Selalu,Kadang-kadang,Sering,Selalu,Kadang-kadang,Selalu,Selalu,Sering,Selalu,Selalu,Sering,Selalu,Selalu,Selalu,Sering,Selalu,Kadang-kadang,Sering,Sering,Selalu,Sering,Selalu,Selalu,Sering,Tidak Pernah,Tidak Pernah,Tidak Pernah,Tidak Pernah,Jarang,Tidak Pernah,Tidak Pernah,Tidak Pernah,Tidak Pernah,Kadang-kadang,Kadang-kadang,Tidak Pernah,Kadang-kadang,Kadang-kadang,Sering,Kadang-kadang,Kadang-kadang,Tidak Pernah,Kadang-kadang,Kadang-kadang,Tidak Pernah,Tidak Pernah,Tidak Setuju,Sangat Tidak Setuju,Tidak Setuju,Sangat Tidak Setuju,Sangat Tidak Setuju,Sangat Setuju,Tidak Setuju,Sangat Tidak Setuju,Sangat Tidak Setuju,Tidak Setuju,Setuju,Sangat Setuju,Tidak Setuju,Sangat Setuju,Sangat Setuju,Tidak Setuju,Setuju,Sangat Setuju,Sangat Setuju,Sangat Setuju,Setuju,Sangat Setuju,Sangat Setuju,Tidak Setuju,Sangat Tidak Setuju,Sangat Tidak Setuju,Sangat Setuju,Sangat Setuju,Tidak Setuju,Sangat Setuju,Sangat Tidak Setuju,Sangat Setuju,Sangat Setuju,Sangat Tidak Setuju,Sangat Setuju,Sangat Setuju,Sangat Setuju,Sangat Setuju,Sangat Tidak Setuju,Sangat Setuju,9,8,7,4,7,9,7,9,Una,
29/08/2026 18:36:40,"Ya, Saya bersedia",yeyen,085215080067,Pango,Perempuan,37 tahun,S1,Menikah,Guru honorer,1.000.000,7 tahun,31 tahun,2,Rumah Keluarga,,,,,,,,,,,,,,Kadang-kadang,Tidak Pernah,Tidak Pernah,Jarang,Kadang-kadang,Jarang,Sering,Tidak Pernah,Jarang,Tidak Pernah,Kadang-kadang,Jarang,Tidak Pernah,Kadang-kadang,Tidak Pernah,Kadang-kadang,Jarang,Tidak Pernah,Kadang-kadang,Kadang-kadang,Selalu,Jarang,Selalu,Tidak Pernah,Kadang-kadang,Jarang,Kadang-kadang,Kadang-kadang,Kadang-kadang,Sering,Tidak Pernah,Tidak Pernah,Tidak Pernah,Kadang-kadang,Jarang,Kadang-kadang,Tidak Pernah,Tidak Pernah,Jarang,Tidak Pernah,Jarang,Tidak Pernah,Tidak Pernah,Tidak Pernah,Tidak Pernah,Jarang,Tidak Pernah,Tidak Pernah,Tidak Pernah,Tidak Pernah,Tidak Pernah,Tidak Pernah,Tidak Pernah,Tidak Pernah,Tidak Setuju,Tidak Setuju,Tidak Setuju,Tidak Setuju,Tidak Setuju,Tidak Setuju,Tidak Setuju,Tidak Setuju,Tidak Setuju,Tidak Setuju,Tidak Setuju,Tidak Setuju,Tidak Setuju,Tidak Setuju,Tidak Setuju,Tidak Setuju,Tidak Setuju,Tidak Setuju,Tidak Setuju,Tidak Setuju,Tidak Setuju,Tidak Setuju,Tidak Setuju,Tidak Setuju,Tidak Setuju,Tidak Setuju,Tidak Setuju,Tidak Setuju,Tidak Setuju,Tidak Setuju,Tidak Setuju,Tidak Setuju,Tidak Setuju,Tidak Setuju,Tidak Setuju,Tidak Setuju,Tidak Setuju,Tidak Setuju,Tidak Setuju,Tidak Setuju,7,2,5,2,8,5,8,10,Nasywaa Syifa,
29/08/2026 18:45:56,"Ya, Saya bersedia",M,081534072780,ulee kareng,Perempuan,40 tahun,S2,Menikah,p3k,3.000.000,6 tahun,33 tahun,2,Rumah Keluarga,,,,,,,,,,,,,,Sering,Sering,Sering,Sering,Sering,Sering,Sering,Selalu,Selalu,Sering,Sering,Selalu,Sering,Selalu,Selalu,Selalu,Sering,Sering,Sering,Selalu,Selalu,Selalu,Selalu,Sering,Sering,Sering,Sering,Sering,Sering,Sering,Tidak Pernah,Tidak Pernah,Tidak Pernah,Tidak Pernah,Tidak Pernah,Tidak Pernah,Tidak Pernah,Tidak Pernah,Tidak Pernah,Tidak Pernah,Tidak Pernah,Tidak Pernah,Tidak Pernah,Jarang,Tidak Pernah,Tidak Pernah,Tidak Pernah,Tidak Pernah,Tidak Pernah,Tidak Pernah,Tidak Pernah,Tidak Pernah,Tidak Pernah,Tidak Pernah,Sangat Tidak Setuju,Tidak Setuju,Tidak Setuju,Sangat Setuju,Sangat Tidak Setuju,Sangat Setuju,Sangat Tidak Setuju,Sangat Tidak Setuju,Sangat Tidak Setuju,Sangat Tidak Setuju,Sangat Setuju,Sangat Setuju,Sangat Tidak Setuju,Sangat Setuju,Setuju,Sangat Tidak Setuju,Sangat Setuju,Sangat Setuju,Sangat Setuju,Sangat Setuju,Sangat Setuju,Sangat Setuju,Setuju,Sangat Tidak Setuju,Sangat Tidak Setuju,Sangat Tidak Setuju,Sangat Setuju,Sangat Setuju,Sangat Tidak Setuju,Sangat Setuju,Sangat Setuju,Sangat Setuju,Setuju,Sangat Tidak Setuju,Sangat Setuju,Sangat Setuju,Sangat Setuju,Sangat Setuju,Sangat Tidak Setuju,Sangat Setuju,7,5,4,4,1,4,1,2,Nasywaa Syifa,
29/08/2026 19:41:09,"Ya, Saya bersedia",Khaijah,085297850585,Aceh,Perempuan,39,S1,Menikah,Guru,3 juta,17 tahun,21,3,Rumah Keluarga,,,,,,,,,,,,,,Selalu,Sering,Kadang-kadang,Selalu,Selalu,Sering,Selalu,Sering,Selalu,Selalu,Selalu,Selalu,Kadang-kadang,Selalu,Sering,Selalu,Sering,Sering,Sering,Sering,Kadang-kadang,Selalu,Selalu,Kadang-kadang,Sering,Kadang-kadang,Kadang-kadang,Sering,Selalu,Kadang-kadang,Jarang,Sering,Sering,Kadang-kadang,Tidak Pernah,Jarang,Tidak Pernah,Kadang-kadang,Sering,Jarang,Tidak Pernah,Tidak Pernah,Tidak Pernah,Tidak Pernah,Jarang,Jarang,Jarang,Kadang-kadang,Tidak Pernah,Tidak Pernah,Kadang-kadang,Selalu,Kadang-kadang,Kadang-kadang,Sangat Tidak Setuju,Sangat Tidak Setuju,Sangat Tidak Setuju,Sangat Tidak Setuju,Sangat Tidak Setuju,Sangat Tidak Setuju,Sangat Tidak Setuju,Sangat Tidak Setuju,Sangat Tidak Setuju,Sangat Tidak Setuju,Sangat Setuju,Sangat Setuju,Sangat Tidak Setuju,Sangat Setuju,Sangat Setuju,Sangat Tidak Setuju,Sangat Setuju,Sangat Setuju,Sangat Setuju,Sangat Setuju,Sangat Setuju,Sangat Setuju,Sangat Setuju,Sangat Tidak Setuju,Sangat Tidak Setuju,Sangat Tidak Setuju,Sangat Setuju,Sangat Setuju,Sangat Tidak Setuju,Sangat Setuju,Sangat Setuju,Sangat Setuju,Sangat Tidak Setuju,Sangat Tidak Setuju,Sangat Setuju,Sangat Setuju,Sangat Setuju,Sangat Setuju,Sangat Tidak Setuju,Sangat Setuju,9,7,7,5,3,10,7,7,Nahwa,
29/08/2026 19:44:09,"Ya, Saya bersedia",Ns,081360002532,ulee kareng,Perempuan,41 tahun,S2,Menikah,guru,3.000.000,18 tahun,23,4,Rumah Sendiri,,,,,,,,,,,,,,Sering,Sering,Sering,Sering,Sering,Sering,Sering,Selalu,Selalu,Sering,Sering,Selalu,Sering,Selalu,Selalu,Selalu,Sering,Sering,Sering,Selalu,Selalu,Selalu,Selalu,Sering,Sering,Sering,Sering,Sering,Sering,Sering,Tidak Pernah,Tidak Pernah,Tidak Pernah,Tidak Pernah,Tidak Pernah,Tidak Pernah,Tidak Pernah,Tidak Pernah,Tidak Pernah,Tidak Pernah,Tidak Pernah,Tidak Pernah,Tidak Pernah,Jarang,Jarang,Tidak Pernah,Tidak Pernah,Tidak Pernah,Tidak Pernah,Tidak Pernah,Tidak Pernah,Tidak Pernah,Tidak Pernah,Tidak Pernah,Sangat Tidak Setuju,Sangat Tidak Setuju,Sangat Tidak Setuju,Sangat Setuju,Sangat Tidak Setuju,Sangat Setuju,Sangat Tidak Setuju,Sangat Tidak Setuju,Sangat Tidak Setuju,Sangat Tidak Setuju,Sangat Setuju,Sangat Setuju,Sangat Tidak Setuju,Sangat Setuju,Sangat Setuju,Sangat Tidak Setuju,Sangat Setuju,Sangat Setuju,Sangat Setuju,Sangat Setuju,Sangat Setuju,Sangat Setuju,Sangat Setuju,Sangat Tidak Setuju,Sangat Tidak Setuju,Sangat Tidak Setuju,Sangat Setuju,Sangat Setuju,Sangat Tidak Setuju,Sangat Setuju,Sangat Setuju,Sangat Setuju,Sangat Setuju,Sangat Tidak Setuju,Sangat Setuju,Sangat Setuju,Sangat Setuju,Sangat Setuju,Sangat Tidak Setuju,Sangat Setuju,5,5,4,5,2,2,1,4,Nasywaa Syifa,
29/08/2026 20:08:35,"Ya, Saya bersedia",siti kembang hayati,088170540111,aceh besar,Perempuan,35,SMA,Cerai Hidup,karyawan,5.000.000,,,,,tidak memberi nafkah,4 tahun,23,27,1,Rumah Sewa,,,,,,,,Jarang,Jarang,Jarang,Jarang,Jarang,Jarang,Jarang,Tidak Pernah,Tidak Pernah,Jarang,Kadang-kadang,Jarang,Tidak Pernah,Jarang,Jarang,Tidak Pernah,Jarang,Kadang-kadang,Jarang,Kadang-kadang,Jarang,Jarang,Jarang,Jarang,Jarang,Tidak Pernah,Jarang,Kadang-kadang,Kadang-kadang,Tidak Pernah,Jarang,Kadang-kadang,Kadang-kadang,Jarang,Kadang-kadang,Kadang-kadang,Kadang-kadang,Kadang-kadang,Sering,Sering,Sering,Kadang-kadang,Sering,Kadang-kadang,Kadang-kadang,Jarang,Kadang-kadang,Kadang-kadang,Sering,Sering,Kadang-kadang,Kadang-kadang,Jarang,Kadang-kadang,Sangat Tidak Setuju,Sangat Tidak Setuju,Sangat Tidak Setuju,Setuju,Sangat Setuju,Sangat Setuju,Sangat Tidak Setuju,Tidak Setuju,Tidak Setuju,Tidak Setuju,Setuju,Sangat Setuju,Sangat Tidak Setuju,Sangat Setuju,Sangat Setuju,Tidak Setuju,Sangat Setuju,Sangat Setuju,Sangat Setuju,Setuju,Sangat Setuju,Sangat Setuju,Sangat Setuju,Sangat Tidak Setuju,Sangat Tidak Setuju,Sangat Tidak Setuju,Setuju,Setuju,Sangat Tidak Setuju,Setuju,Sangat Setuju,Setuju,Setuju,Sangat Tidak Setuju,Sangat Setuju,Sangat Setuju,Setuju,Setuju,Sangat Tidak Setuju,Setuju,6,5,5,5,4,4,5,6,Nasywaa Syifa,
29/08/2026 20:19:54,"Ya, Saya bersedia",Arika Hasnaini,085219617044,"Indrapuri, Aceh Besar",Perempuan,32,SMP,Cerai Hidup,Buruh (tidak tetap),2.700.000,,,,,Tidak memberi nafkah ,5,22,27,2,Rumah Sendiri,,,,,,,,Jarang,Jarang,Jarang,Jarang,Kadang-kadang,Jarang,Jarang,Jarang,Jarang,Jarang,Jarang,Jarang,Kadang-kadang,Tidak Pernah,Tidak Pernah,Kadang-kadang,Kadang-kadang,Tidak Pernah,Jarang,Jarang,Kadang-kadang,Kadang-kadang,Kadang-kadang,Jarang,Kadang-kadang,Kadang-kadang,Kadang-kadang,Kadang-kadang,Jarang,Kadang-kadang,Jarang,Jarang,Kadang-kadang,Kadang-kadang,Tidak Pernah,Kadang-kadang,Kadang-kadang,Kadang-kadang,Sering,Sering,Sering,Jarang,Jarang,Kadang-kadang,Kadang-kadang,Kadang-kadang,Jarang,Jarang,Sering,Sering,Sering,Sering,Kadang-kadang,Kadang-kadang,Sangat Tidak Setuju,Sangat Tidak Setuju,Sangat Tidak Setuju,Setuju,Tidak Setuju,Setuju,Sangat Tidak Setuju,Tidak Setuju,Tidak Setuju,Tidak Setuju,Setuju,Setuju,Tidak Setuju,Setuju,Setuju,Tidak Setuju,Setuju,Setuju,Setuju,Setuju,Setuju,Setuju,Setuju,Tidak Setuju,Tidak Setuju,Tidak Setuju,Setuju,Setuju,Tidak Setuju,Setuju,Setuju,Setuju,Setuju,Tidak Setuju,Setuju,Setuju,Setuju,Setuju,Tidak Setuju,Setuju,5,4,4,4,2,5,4,5,Nasywaa Syifa,
29/08/2026 20:29:00,"Ya, Saya bersedia",Munassir,082286242304,"Blower, Banda Aceh",Laki-laki,35,SMA,Menikah,Karyawan,4.000.000,7,28,1,Rumah Sendiri,,,,,,,,,,,,,,Sering,Kadang-kadang,Sering,Sering,Sering,Kadang-kadang,Sering,Kadang-kadang,Sering,Jarang,Sering,Kadang-kadang,Kadang-kadang,Kadang-kadang,Kadang-kadang,Sering,Kadang-kadang,Sering,Sering,Kadang-kadang,Sering,Sering,Sering,Kadang-kadang,Sering,Sering,Kadang-kadang,Sering,Sering,Kadang-kadang,Kadang-kadang,Tidak Pernah,Jarang,Jarang,Tidak Pernah,Jarang,Tidak Pernah,Jarang,Tidak Pernah,Jarang,Tidak Pernah,Jarang,Kadang-kadang,Tidak Pernah,Kadang-kadang,Kadang-kadang,Sering,Kadang-kadang,Tidak Pernah,Tidak Pernah,Jarang,Tidak Pernah,Tidak Pernah,Tidak Pernah,Sangat Tidak Setuju,Setuju,Setuju,Setuju,Tidak Setuju,Sangat Setuju,Setuju,Tidak Setuju,Setuju,Tidak Setuju,Setuju,Tidak Setuju,Setuju,Tidak Setuju,Sangat Setuju,Sangat Tidak Setuju,Sangat Setuju,Sangat Setuju,Sangat Setuju,Tidak Setuju,Setuju,Sangat Setuju,Setuju,Sangat Tidak Setuju,Setuju,Sangat Setuju,Sangat Setuju,Sangat Setuju,Sangat Tidak Setuju,Setuju,Sangat Setuju,Sangat Setuju,Tidak Setuju,Sangat Tidak Setuju,Sangat Tidak Setuju,Sangat Tidak Setuju,Setuju,Sangat Setuju,Sangat Tidak Setuju,Setuju,7,7,7,7,7,4,6,7,Nasywaa Syifa,
29/08/2026 20:32:39,"Ya, Saya bersedia",CPM,082370997094,lueng bata,Perempuan,29,S1,Menikah,guru,1.000.000,2,27,1,Rumah Keluarga,,,,,,,,,,,,,,Selalu,Sering,Selalu,Selalu,Selalu,Sering,Selalu,Selalu,Selalu,Sering,Selalu,Sering,Sering,Sering,Selalu,Sering,Selalu,Sering,Selalu,Selalu,Selalu,Selalu,Selalu,Kadang-kadang,Kadang-kadang,Sering,Kadang-kadang,Sering,Selalu,Selalu,Sering,Sering,Jarang,Jarang,Tidak Pernah,Tidak Pernah,Tidak Pernah,Tidak Pernah,Jarang,Tidak Pernah,Jarang,Jarang,Jarang,Tidak Pernah,Kadang-kadang,Jarang,Jarang,Kadang-kadang,Tidak Pernah,Jarang,Kadang-kadang,Jarang,Tidak Pernah,Kadang-kadang,Sangat Tidak Setuju,Tidak Setuju,Tidak Setuju,Sangat Tidak Setuju,Sangat Tidak Setuju,Sangat Setuju,Sangat Tidak Setuju,Tidak Setuju,Sangat Tidak Setuju,Sangat Tidak Setuju,Setuju,Sangat Setuju,Sangat Tidak Setuju,Sangat Setuju,Setuju,Sangat Tidak Setuju,Sangat Setuju,Sangat Setuju,Sangat Setuju,Sangat Setuju,Sangat Setuju,Sangat Tidak Setuju,Setuju,Sangat Tidak Setuju,Setuju,Sangat Tidak Setuju,Sangat Setuju,Sangat Setuju,Sangat Tidak Setuju,Setuju,Sangat Setuju,Setuju,Setuju,Sangat Tidak Setuju,Sangat Setuju,Sangat Setuju,Setuju,Setuju,Tidak Setuju,Sangat Setuju,6,6,6,10,10,6,6,5,Nasywaa Syifa,
29/08/2026 20:38:02,"Ya, Saya bersedia",Asnawi,-,Banda Aceh,Laki-laki,59,SMP,Menikah,Buruh Harian Lepas,1.500.000,24,30,4,Rumah Sendiri,,,,,,,,,,,,,,Jarang,Kadang-kadang,Sering,Selalu,Sering,Selalu,Selalu,Sering,Kadang-kadang,Sering,Selalu,Selalu,Kadang-kadang,Selalu,Sering,Kadang-kadang,Kadang-kadang,Kadang-kadang,Kadang-kadang,Selalu,Selalu,Selalu,Selalu,Sering,Selalu,Selalu,Selalu,Selalu,Selalu,Selalu,Jarang,Jarang,Tidak Pernah,Tidak Pernah,Tidak Pernah,Tidak Pernah,Kadang-kadang,Jarang,Jarang,Jarang,Jarang,Jarang,Kadang-kadang,Tidak Pernah,Jarang,Kadang-kadang,Kadang-kadang,Tidak Pernah,Jarang,Jarang,Tidak Pernah,Jarang,Jarang,Tidak Pernah,Sangat Setuju,Tidak Setuju,Sangat Tidak Setuju,Sangat Tidak Setuju,Sangat Setuju,Sangat Tidak Setuju,Sangat Setuju,Sangat Tidak Setuju,Sangat Tidak Setuju,Sangat Tidak Setuju,Sangat Tidak Setuju,Sangat Setuju,Sangat Setuju,Sangat Tidak Setuju,Sangat Setuju,Sangat Tidak Setuju,Sangat Setuju,Sangat Setuju,Sangat Setuju,Sangat Setuju,Sangat Setuju,Sangat Setuju,Sangat Setuju,Sangat Tidak Setuju,Sangat Tidak Setuju,Sangat Tidak Setuju,Sangat Setuju,Sangat Setuju,Sangat Tidak Setuju,Sangat Setuju,Sangat Setuju,Sangat Setuju,Sangat Setuju,Sangat Tidak Setuju,Sangat Setuju,Sangat Setuju,Sangat Setuju,Sangat Setuju,Sangat Tidak Setuju,Sangat Setuju,10,9,9,9,8,10,9,9,Nasywaa Syifa,
29/08/2026 20:43:04,"Ya, Saya bersedia",Farida Akmal,085260059759,Banda Aceh,Perempuan,57,S1,Menikah,IRT,1.500.000,24,29,4,Rumah Sendiri,,,,,,,,,,,,,,Jarang,Kadang-kadang,Sering,Selalu,Sering,Selalu,Selalu,Sering,Kadang-kadang,Sering,Selalu,Selalu,Kadang-kadang,Selalu,Sering,Kadang-kadang,Kadang-kadang,Sering,Kadang-kadang,Selalu,Selalu,Selalu,Selalu,Sering,Selalu,Selalu,Selalu,Selalu,Selalu,Selalu,Jarang,Jarang,Tidak Pernah,Tidak Pernah,Tidak Pernah,Tidak Pernah,Kadang-kadang,Jarang,Jarang,Jarang,Jarang,Jarang,Kadang-kadang,Tidak Pernah,Jarang,Kadang-kadang,Kadang-kadang,Tidak Pernah,Jarang,Jarang,Tidak Pernah,Jarang,Jarang,Tidak Pernah,Sangat Tidak Setuju,Sangat Tidak Setuju,Sangat Tidak Setuju,Sangat Setuju,Sangat Tidak Setuju,Sangat Setuju,Sangat Tidak Setuju,Sangat Tidak Setuju,Sangat Tidak Setuju,Sangat Tidak Setuju,Setuju,Setuju,Sangat Tidak Setuju,Setuju,Setuju,Sangat Tidak Setuju,Setuju,Setuju,Setuju,Setuju,Setuju,Setuju,Setuju,Sangat Tidak Setuju,Sangat Tidak Setuju,Sangat Tidak Setuju,Setuju,Setuju,Sangat Tidak Setuju,Setuju,Setuju,Setuju,Setuju,Sangat Tidak Setuju,Sangat Setuju,Sangat Setuju,Sangat Setuju,Sangat Setuju,Sangat Tidak Setuju,Sangat Setuju,10,9,9,9,8,9,9,9,Nasywaa Syifa,
29/08/2026 20:49:12,"Ya, Saya bersedia",Faizul Huzaida,081360710347,Banda Aceh,Laki-laki,46,S1,Menikah,Karyawan swasta,4.000.000,14,32,1,Rumah Sendiri,,,,,,,,,,,,,,Sering,Selalu,Sering,Selalu,Kadang-kadang,Sering,Selalu,Kadang-kadang,Sering,Selalu,Selalu,Kadang-kadang,Kadang-kadang,Selalu,Selalu,Sering,Sering,Sering,Sering,Selalu,Selalu,Selalu,Selalu,Selalu,Sering,Selalu,Selalu,Sering,Selalu,Selalu,Sering,Kadang-kadang,Kadang-kadang,Jarang,Jarang,Tidak Pernah,Tidak Pernah,Tidak Pernah,Jarang,Tidak Pernah,Kadang-kadang,Tidak Pernah,Tidak Pernah,Tidak Pernah,Jarang,Sering,Selalu,Tidak Pernah,Tidak Pernah,Jarang,Sering,Kadang-kadang,Jarang,Tidak Pernah,Sangat Tidak Setuju,Tidak Setuju,Tidak Setuju,Setuju,Tidak Setuju,Setuju,Tidak Setuju,Tidak Setuju,Tidak Setuju,Sangat Tidak Setuju,Setuju,Setuju,Tidak Setuju,Setuju,Setuju,Tidak Setuju,Setuju,Setuju,Setuju,Setuju,Setuju,Setuju,Setuju,Tidak Setuju,Tidak Setuju,Tidak Setuju,Setuju,Setuju,Tidak Setuju,Setuju,Setuju,Setuju,Tidak Setuju,Tidak Setuju,Setuju,Setuju,Setuju,Setuju,Tidak Setuju,Setuju,7,5,4,2,7,4,4,7,Nasywaa Syifa,
29/08/2026 20:55:23,"Ya, Saya bersedia",B,085370335133,Aceh barat daya,Perempuan,54,S1,Menikah,Pns,5 juta,28,26,2 orang,Rumah Sewa,,,,,,,,,,,,,,Selalu,Kadang-kadang,Kadang-kadang,Kadang-kadang,Selalu,Kadang-kadang,Selalu,Selalu,Selalu,Kadang-kadang,Selalu,Kadang-kadang,Selalu,Selalu,Selalu,Selalu,Selalu,Selalu,Selalu,Selalu,Kadang-kadang,Selalu,Kadang-kadang,Kadang-kadang,Kadang-kadang,Kadang-kadang,Jarang,Kadang-kadang,Selalu,Selalu,Tidak Pernah,Jarang,Tidak Pernah,Tidak Pernah,Tidak Pernah,Tidak Pernah,Tidak Pernah,Kadang-kadang,Jarang,Tidak Pernah,Kadang-kadang,Kadang-kadang,Kadang-kadang,Kadang-kadang,Kadang-kadang,Selalu,Selalu,Kadang-kadang,Tidak Pernah,Tidak Pernah,Tidak Pernah,Tidak Pernah,Tidak Pernah,Tidak Pernah,Sangat Tidak Setuju,Sangat Tidak Setuju,Sangat Tidak Setuju,Setuju,Sangat Tidak Setuju,Sangat Setuju,Tidak Setuju,Tidak Setuju,Tidak Setuju,Sangat Tidak Setuju,Setuju,Tidak Setuju,Tidak Setuju,Tidak Setuju,Setuju,Tidak Setuju,Sangat Tidak Setuju,Tidak Setuju,Tidak Setuju,Tidak Setuju,Tidak Setuju,Sangat Setuju,Sangat Setuju,Tidak Setuju,Setuju,Tidak Setuju,Setuju,Setuju,Tidak Setuju,Setuju,Sangat Tidak Setuju,Setuju,Tidak Setuju,Tidak Setuju,Setuju,Setuju,Setuju,Setuju,Tidak Setuju,Setuju,2,2,2,2,2,2,2,2,Wazugni,
29/08/2026 20:55:53,"Ya, Saya bersedia",Bakri,08126932555,"Gp. Sukaramai, Banda Aceh",Laki-laki,62,S1,Menikah,Karyawan Swasta,3.500.000,30,32,2,Rumah Sendiri,,,,,,,,,,,,,,Tidak pernah,Tidak Pernah,Jarang,Tidak Pernah,Sering,Sering,Sering,Selalu,Selalu,Selalu,Selalu,Selalu,Kadang-kadang,Sering,Sering,Sering,Sering,Sering,Selalu,Selalu,Sering,Selalu,Sering,Sering,Kadang-kadang,Sering,Kadang-kadang,Sering,Sering,Selalu,Tidak Pernah,Jarang,Tidak Pernah,Tidak Pernah,Tidak Pernah,Tidak Pernah,Tidak Pernah,Tidak Pernah,Tidak Pernah,Tidak Pernah,Tidak Pernah,Jarang,Jarang,Jarang,Kadang-kadang,Jarang,Kadang-kadang,Jarang,Tidak Pernah,Tidak Pernah,Tidak Pernah,Tidak Pernah,Tidak Pernah,Tidak Pernah,Sangat Tidak Setuju,Sangat Tidak Setuju,Sangat Tidak Setuju,Sangat Setuju,Sangat Tidak Setuju,Sangat Tidak Setuju,Sangat Tidak Setuju,Sangat Tidak Setuju,Sangat Tidak Setuju,Sangat Tidak Setuju,Setuju,Sangat Setuju,Sangat Tidak Setuju,Setuju,Setuju,Sangat Tidak Setuju,Sangat Setuju,Sangat Setuju,Sangat Setuju,Setuju,Setuju,Sangat Setuju,Setuju,Tidak Setuju,Tidak Setuju,Sangat Tidak Setuju,Sangat Setuju,Setuju,Sangat Tidak Setuju,Sangat Tidak Setuju,Sangat Setuju,Sangat Setuju,Tidak Setuju,Tidak Setuju,Setuju,Setuju,Setuju,Setuju,Tidak Setuju,Setuju,7,10,7,4,4,4,4,7,Nasywaa Syifa,
29/08/2026 21:33:55,"Ya, Saya bersedia",Neni Asriani,082142636060,"Dusun Wih Kapur,kampung Telege kec.jagong Jeget kab.Aceh Tengah",Perempuan,42 tahun,SMA,Menikah,Ibu Rumah Tangga,Rp.0-500.000,23 tahun,20 tahun,3,Rumah Keluarga,,,,,,,,,,,,,,Jarang,Jarang,Jarang,Jarang,Selalu,Sering,Sering,Sering,Kadang-kadang,Kadang-kadang,Sering,Kadang-kadang,Sering,Selalu,Sering,Sering,Sering,Sering,Sering,Sering,Sering,Sering,Selalu,Sering,Selalu,Selalu,Selalu,Selalu,Selalu,Selalu,Sering,Tidak Pernah,Tidak Pernah,Tidak Pernah,Tidak Pernah,Tidak Pernah,Tidak Pernah,Jarang,Jarang,Tidak Pernah,Tidak Pernah,Jarang,Sering,Tidak Pernah,Sering,Sering,Sering,Jarang,Tidak Pernah,Jarang,Jarang,Tidak Pernah,Tidak Pernah,Tidak Pernah,Sangat Tidak Setuju,Tidak Setuju,Tidak Setuju,Sangat Setuju,Sangat Tidak Setuju,Sangat Setuju,Tidak Setuju,Sangat Tidak Setuju,Tidak Setuju,Sangat Tidak Setuju,Sangat Setuju,Sangat Setuju,Sangat Tidak Setuju,Sangat Setuju,Sangat Setuju,Sangat Tidak Setuju,Sangat Setuju,Sangat Setuju,Sangat Setuju,Sangat Setuju,Sangat Setuju,Sangat Setuju,Sangat Setuju,Tidak Setuju,Sangat Tidak Setuju,Sangat Tidak Setuju,Sangat Setuju,Sangat Setuju,Sangat Tidak Setuju,Sangat Tidak Setuju,Setuju,Sangat Setuju,Sangat Setuju,Sangat Tidak Setuju,Sangat Setuju,Sangat Setuju,Sangat Setuju,Sangat Setuju,Tidak Setuju,Setuju,3,5,6,6,6,8,5,9,Nahwa,
29/08/2026 21:34:04,"Ya, Saya bersedia",Edi Lukito ,081252880079,Desa telegesari kec jagong jeget kabupaten Aceh tengah ,Laki-laki,47 Th,S1,Menikah,POLRI,4 juta,23 th,25 th,3 anak ,Rumah Keluarga,,,,,,,,,,,,,,Jarang,Jarang,Jarang,Jarang,Selalu,Sering,Sering,Sering,Kadang-kadang,Kadang-kadang,Sering,Kadang-kadang,Sering,Selalu,Sering,Sering,Sering,Sering,Sering,Sering,Sering,Sering,Selalu,Sering,Selalu,Selalu,Selalu,Selalu,Selalu,Selalu,Sering,Tidak Pernah,Tidak Pernah,Tidak Pernah,Tidak Pernah,Tidak Pernah,Tidak Pernah,Jarang,Jarang,Tidak Pernah,Tidak Pernah,Jarang,Kadang-kadang,Tidak Pernah,Sering,Sering,Sering,Jarang,Tidak Pernah,Jarang,Jarang,Tidak Pernah,Tidak Pernah,Tidak Pernah,Sangat Tidak Setuju,Tidak Setuju,Tidak Setuju,Sangat Setuju,Sangat Tidak Setuju,Sangat Setuju,Tidak Setuju,Sangat Tidak Setuju,Tidak Setuju,Sangat Tidak Setuju,Sangat Setuju,Sangat Setuju,Sangat Tidak Setuju,Sangat Setuju,Sangat Setuju,Sangat Tidak Setuju,Sangat Setuju,Sangat Setuju,Sangat Setuju,Sangat Setuju,Sangat Setuju,Sangat Setuju,Sangat Setuju,Tidak Setuju,Sangat Tidak Setuju,Sangat Tidak Setuju,Sangat Setuju,Sangat Setuju,Sangat Tidak Setuju,Sangat Tidak Setuju,Setuju,Sangat Setuju,Sangat Setuju,Sangat Tidak Setuju,Sangat Setuju,Sangat Setuju,Sangat Setuju,Sangat Setuju,Tidak Setuju,Setuju,3,5,5,5,6,8,5,8,Nahwa,
29/08/2026 22:01:52,"Ya, Saya bersedia",Sry Rizeki Andika,085262871094,"Lam Ujong, Kec. Baitusslam, Kab. Aceh Besar",Perempuan,29,S1,Menikah,TTK di Puskesmas ,Rp. 3000.000,4,25,-,Rumah Sendiri,,,,,,,,,,,,,,Selalu,Selalu,Selalu,Selalu,Selalu,Selalu,Selalu,Selalu,Selalu,Selalu,Selalu,Sering,Sering,Selalu,Selalu,Selalu,Selalu,Selalu,Selalu,Selalu,Sering,Selalu,Sering,Sering,Selalu,Selalu,Sering,Sering,Selalu,Sering,Tidak Pernah,Tidak Pernah,Tidak Pernah,Tidak Pernah,Tidak Pernah,Tidak Pernah,Tidak Pernah,Tidak Pernah,Jarang,Tidak Pernah,Jarang,Jarang,Jarang,Jarang,Jarang,Tidak Pernah,Kadang-kadang,Tidak Pernah,Tidak Pernah,Jarang,Kadang-kadang,Sering,Tidak Pernah,Kadang-kadang,Sangat Tidak Setuju,Sangat Tidak Setuju,Sangat Tidak Setuju,Sangat Setuju,Sangat Tidak Setuju,Sangat Setuju,Sangat Tidak Setuju,Sangat Tidak Setuju,Sangat Tidak Setuju,Sangat Tidak Setuju,Sangat Setuju,Sangat Setuju,Setuju,Setuju,Setuju,Tidak Setuju,Setuju,Setuju,Setuju,Setuju,Setuju,Setuju,Setuju,Setuju,Setuju,Tidak Setuju,Setuju,Setuju,Sangat Tidak Setuju,Tidak Setuju,Tidak Setuju,Tidak Setuju,Tidak Setuju,Tidak Setuju,Tidak Setuju,Tidak Setuju,Tidak Setuju,Setuju,Tidak Setuju,Tidak Setuju,1,5,5,5,5,5,5,5,Risha,
29/08/2026 22:08:24,"Ya, Saya bersedia",A,082366161090,Aceh Barat Daya,Laki-laki,62 Tahun,S1,Menikah,Pensiun,2 jt,28 Thn,34,2 orang,Rumah Sewa,,,,,,,,,,,,,,Selalu,Selalu,Selalu,Selalu,Selalu,Kadang-kadang,Selalu,Selalu,Selalu,Selalu,Selalu,Selalu,Selalu,Kadang-kadang,Selalu,Selalu,Selalu,Selalu,Selalu,Selalu,Kadang-kadang,Selalu,Selalu,Kadang-kadang,Kadang-kadang,Kadang-kadang,Kadang-kadang,Kadang-kadang,Selalu,Selalu,Tidak Pernah,Tidak Pernah,Tidak Pernah,Tidak Pernah,Tidak Pernah,Tidak Pernah,Tidak Pernah,Kadang-kadang,Tidak Pernah,Tidak Pernah,Tidak Pernah,Tidak Pernah,Tidak Pernah,Tidak Pernah,Tidak Pernah,Tidak Pernah,Tidak Pernah,Tidak Pernah,Tidak Pernah,Tidak Pernah,Tidak Pernah,Tidak Pernah,Tidak Pernah,Tidak Pernah,Tidak Setuju,Tidak Setuju,Tidak Setuju,Setuju,Tidak Setuju,Setuju,Tidak Setuju,Tidak Setuju,Tidak Setuju,Tidak Setuju,Tidak Setuju,Tidak Setuju,Tidak Setuju,Tidak Setuju,Tidak Setuju,Tidak Setuju,Tidak Setuju,Tidak Setuju,Tidak Setuju,Setuju,Tidak Setuju,Sangat Setuju,Setuju,Tidak Setuju,Tidak Setuju,Tidak Setuju,Setuju,Setuju,Tidak Setuju,Setuju,Tidak Setuju,Setuju,Setuju,Tidak Setuju,Tidak Setuju,Tidak Setuju,Tidak Setuju,Setuju,Tidak Setuju,Setuju,3,5,5,4,4,3,3,3,Wazugni,
29/08/2026 22:55:13,"Ya, Saya bersedia",NS,082213359890,Banda Aceh,Perempuan,28 tahun,S1,Menikah,Guru honorer,6.000.000,4 tahun 3 bulan,23 tahun,1,Rumah Sendiri,,,,,,,,,,,,,,Tidak pernah,Tidak Pernah,Sering,Sering,Selalu,Sering,Sering,Selalu,Selalu,Selalu,Selalu,Sering,Kadang-kadang,Sering,Selalu,Selalu,Selalu,Selalu,Sering,Sering,Sering,Sering,Sering,Selalu,Kadang-kadang,Sering,Sering,Sering,Sering,Sering,Kadang-kadang,Jarang,Tidak Pernah,Tidak Pernah,Tidak Pernah,Tidak Pernah,Jarang,Jarang,Kadang-kadang,Tidak Pernah,Kadang-kadang,Kadang-kadang,Sering,Jarang,Kadang-kadang,Kadang-kadang,Kadang-kadang,Kadang-kadang,Kadang-kadang,Kadang-kadang,Jarang,Tidak Pernah,Tidak Pernah,Kadang-kadang,Sangat Tidak Setuju,Tidak Setuju,Tidak Setuju,Setuju,Sangat Tidak Setuju,Sangat Setuju,Sangat Tidak Setuju,Sangat Tidak Setuju,Setuju,Sangat Tidak Setuju,Sangat Setuju,Setuju,Sangat Tidak Setuju,Setuju,Tidak Setuju,Tidak Setuju,Sangat Setuju,Sangat Setuju,Sangat Setuju,Sangat Setuju,Sangat Setuju,Sangat Tidak Setuju,Setuju,Tidak Setuju,Tidak Setuju,Sangat Tidak Setuju,Setuju,Setuju,Sangat Tidak Setuju,Setuju,Sangat Setuju,Sangat Setuju,Setuju,Sangat Tidak Setuju,Sangat Setuju,Sangat Setuju,Setuju,Setuju,Sangat Tidak Setuju,Sangat Setuju,4,2,3,2,1,6,4,5,Dhiya,
30/08/2026 5:38:44,"Ya, Saya bersedia",Safrida,082165082455,Banda Aceh,Perempuan,54 Tahun,S1,Menikah,PNS,5 juta,25 Tahun,27 Tahun,3,Rumah Sendiri,,,,,,,,,,,,,,Tidak pernah,Tidak Pernah,Selalu,Selalu,Selalu,Selalu,Selalu,Sering,Selalu,Selalu,Selalu,Sering,Kadang-kadang,Selalu,Selalu,Selalu,Selalu,Selalu,Selalu,Selalu,Sering,Selalu,Selalu,Selalu,Selalu,Selalu,Selalu,Selalu,Selalu,Selalu,Tidak Pernah,Tidak Pernah,Tidak Pernah,Tidak Pernah,Tidak Pernah,Tidak Pernah,Selalu,Tidak Pernah,Jarang,Tidak Pernah,Tidak Pernah,Kadang-kadang,Kadang-kadang,Tidak Pernah,Sering,Sering,Sering,Kadang-kadang,Sering,Jarang,Kadang-kadang,Tidak Pernah,Tidak Pernah,Tidak Pernah,Sangat Tidak Setuju,Sangat Tidak Setuju,Tidak Setuju,Setuju,Tidak Setuju,Setuju,Tidak Setuju,Tidak Setuju,Tidak Setuju,Tidak Setuju,Setuju,Sangat Setuju,Sangat Tidak Setuju,Sangat Setuju,Setuju,Tidak Setuju,Setuju,Setuju,Sangat Setuju,Sangat Setuju,Setuju,Setuju,Setuju,Tidak Setuju,Tidak Setuju,Tidak Setuju,Setuju,Setuju,Tidak Setuju,Setuju,Sangat Setuju,Setuju,Setuju,Tidak Setuju,Setuju,Setuju,Setuju,Setuju,Setuju,Setuju,10,10,10,10,10,8,9,9,Wazugni,
30/08/2026 9:24:02,"Ya, Saya bersedia",Husna,082155538507,Banda aceh,Perempuan,38,S1,Menikah,Tidak bekerja,12 jt,11 tahun,27 tahun,3,Rumah Sewa,,,,,,,,,,,,,,Selalu,Selalu,Selalu,Selalu,Selalu,Sering,Selalu,Selalu,Selalu,Sering,Selalu,Selalu,Selalu,Selalu,Selalu,Selalu,Selalu,Selalu,Selalu,Selalu,Selalu,Selalu,Selalu,Selalu,Sering,Selalu,Selalu,Selalu,Selalu,Selalu,Jarang,Tidak Pernah,Tidak Pernah,Tidak Pernah,Tidak Pernah,Tidak Pernah,Tidak Pernah,Tidak Pernah,Tidak Pernah,Tidak Pernah,Tidak Pernah,Jarang,Kadang-kadang,Tidak Pernah,Kadang-kadang,Jarang,Jarang,Kadang-kadang,Tidak Pernah,Tidak Pernah,Tidak Pernah,Tidak Pernah,Tidak Pernah,Tidak Pernah,Sangat Tidak Setuju,Tidak Setuju,Sangat Tidak Setuju,Sangat Setuju,Sangat Tidak Setuju,Sangat Setuju,Sangat Tidak Setuju,Sangat Tidak Setuju,Sangat Tidak Setuju,Sangat Tidak Setuju,Sangat Setuju,Sangat Setuju,Sangat Tidak Setuju,Sangat Setuju,Sangat Setuju,Sangat Tidak Setuju,Sangat Setuju,Sangat Setuju,Sangat Setuju,Sangat Setuju,Sangat Setuju,Sangat Setuju,Sangat Setuju,Sangat Tidak Setuju,Sangat Tidak Setuju,Sangat Tidak Setuju,Sangat Setuju,Sangat Setuju,Sangat Tidak Setuju,Sangat Setuju,Sangat Setuju,Sangat Setuju,Sangat Setuju,Sangat Tidak Setuju,Sangat Setuju,Sangat Setuju,Sangat Setuju,Sangat Setuju,Sangat Tidak Setuju,Sangat Setuju,6,6,7,5,5,5,5,5,Nasywaa Syifa,
30/08/2026 10:38:23,"Ya, Saya bersedia",M. Haris,+62 811-685-761,Aceh Besar,Laki-laki,62,S1,Menikah,Pensiunan,Rp. 4.000.000 ,30,32,3,Rumah Sendiri,,,,,,,,,,,,,,Sering,Sering,Sering,Selalu,Selalu,Selalu,Selalu,Selalu,Selalu,Selalu,Selalu,Sering,Selalu,Selalu,Selalu,Selalu,Selalu,Selalu,Selalu,Selalu,Selalu,Selalu,Selalu,Sering,Selalu,Selalu,Selalu,Selalu,Selalu,Selalu,Kadang-kadang,Kadang-kadang,Kadang-kadang,Tidak Pernah,Tidak Pernah,Tidak Pernah,Tidak Pernah,Tidak Pernah,Tidak Pernah,Tidak Pernah,Kadang-kadang,Kadang-kadang,Kadang-kadang,Tidak Pernah,Kadang-kadang,Kadang-kadang,Kadang-kadang,Kadang-kadang,Kadang-kadang,Kadang-kadang,Kadang-kadang,Tidak Pernah,Tidak Pernah,Sering,Tidak Setuju,Sangat Tidak Setuju,Sangat Tidak Setuju,Setuju,Tidak Setuju,Sangat Tidak Setuju,Tidak Setuju,Tidak Setuju,Sangat Tidak Setuju,Tidak Setuju,Setuju,Sangat Setuju,Sangat Tidak Setuju,Sangat Setuju,Setuju,Tidak Setuju,Setuju,Setuju,Sangat Setuju,Setuju,Setuju,Sangat Setuju,Setuju,Sangat Tidak Setuju,Sangat Tidak Setuju,Tidak Setuju,Sangat Setuju,Setuju,Sangat Tidak Setuju,Sangat Setuju,Sangat Setuju,Sangat Setuju,Sangat Setuju,Sangat Setuju,Sangat Setuju,Sangat Setuju,Sangat Setuju,Sangat Setuju,Sangat Tidak Setuju,Setuju,7,7,7,7,8,6,7,7,Rafi,
30/08/2026 13:17:50,"Ya, Saya bersedia",Rb,08216953929,Bireuen ,Laki-laki,29 tahun ,SMA,Menikah,Karyawan swasta ,"4,5 juta rupiah ",5 tahun ,24 tahun ,2,Rumah Dinas,,,,,,,,,,,,,,Sering,Sering,Sering,Selalu,Sering,Sering,Selalu,Selalu,Selalu,Selalu,Selalu,Selalu,Sering,Selalu,Selalu,Selalu,Selalu,Selalu,Selalu,Selalu,Sering,Sering,Sering,Sering,Sering,Sering,Sering,Sering,Selalu,Selalu,Tidak Pernah,Tidak Pernah,Tidak Pernah,Tidak Pernah,Tidak Pernah,Tidak Pernah,Tidak Pernah,Kadang-kadang,Kadang-kadang,Kadang-kadang,Kadang-kadang,Sering,Sering,Tidak Pernah,Sering,Sering,Sering,Tidak Pernah,Kadang-kadang,Kadang-kadang,Kadang-kadang,Tidak Pernah,Tidak Pernah,Tidak Pernah,Sangat Tidak Setuju,Sangat Tidak Setuju,Sangat Tidak Setuju,Sangat Setuju,Sangat Tidak Setuju,Sangat Setuju,Sangat Tidak Setuju,Sangat Tidak Setuju,Sangat Tidak Setuju,Sangat Tidak Setuju,Sangat Setuju,Sangat Setuju,Sangat Tidak Setuju,Sangat Setuju,Sangat Setuju,Sangat Tidak Setuju,Sangat Setuju,Sangat Setuju,Sangat Setuju,Sangat Setuju,Sangat Setuju,Sangat Setuju,Sangat Setuju,Sangat Tidak Setuju,Sangat Tidak Setuju,Sangat Tidak Setuju,Sangat Setuju,Sangat Setuju,Sangat Tidak Setuju,Sangat Setuju,Sangat Setuju,Sangat Setuju,Sangat Setuju,Sangat Tidak Setuju,Sangat Setuju,Sangat Setuju,Sangat Setuju,Sangat Setuju,Sangat Tidak Setuju,Sangat Setuju,5,5,5,5,1,5,1,5,Nahwa,
30/08/2026 13:23:05,"Ya, Saya bersedia",ERA,085277995656,Banda Aceh,Perempuan,35,S1,Menikah,-,"Rp 8.000.000,-",4,31,2,Rumah Dinas,,,,,,,,,,,,,,Sering,Sering,Sering,Sering,Selalu,Sering,Sering,Sering,Sering,Sering,Sering,Sering,Sering,Selalu,Sering,Sering,Sering,Sering,Sering,Sering,Sering,Sering,Selalu,Sering,Sering,Sering,Sering,Sering,Sering,Sering,Kadang-kadang,Kadang-kadang,Kadang-kadang,Tidak Pernah,Tidak Pernah,Tidak Pernah,Tidak Pernah,Jarang,Tidak Pernah,Tidak Pernah,Tidak Pernah,Jarang,Kadang-kadang,Tidak Pernah,Sering,Kadang-kadang,Kadang-kadang,Kadang-kadang,Kadang-kadang,Kadang-kadang,Sering,Tidak Pernah,Tidak Pernah,Tidak Pernah,Sangat Tidak Setuju,Tidak Setuju,Tidak Setuju,Sangat Setuju,Sangat Tidak Setuju,Sangat Setuju,Tidak Setuju,Tidak Setuju,Tidak Setuju,Sangat Tidak Setuju,Setuju,Sangat Setuju,Tidak Setuju,Setuju,Setuju,Tidak Setuju,Setuju,Setuju,Sangat Setuju,Setuju,Setuju,Sangat Setuju,Setuju,Sangat Tidak Setuju,Tidak Setuju,Tidak Setuju,Setuju,Setuju,Tidak Setuju,Setuju,Setuju,Setuju,Setuju,Tidak Setuju,Setuju,Setuju,Setuju,Setuju,Tidak Setuju,Setuju,8,8,8,9,9,8,8,8,Nasywaa Syifa,
30/08/2026 13:32:23,"Ya, Saya bersedia",Wn,085277272691,Aceh besar,Perempuan,41 th,S2,Menikah,Asn,3 juta,12 th,29 th,2,Rumah Keluarga,,,,,,,,,,,,,,Sering,Kadang-kadang,Sering,Sering,Kadang-kadang,Kadang-kadang,Sering,Kadang-kadang,Kadang-kadang,Kadang-kadang,Sering,Sering,Sering,Sering,Sering,Sering,Sering,Sering,Kadang-kadang,Kadang-kadang,Sering,Sering,Sering,Sering,Sering,Sering,Sering,Sering,Sering,Kadang-kadang,Jarang,Tidak Pernah,Jarang,Tidak Pernah,Tidak Pernah,Tidak Pernah,Tidak Pernah,Tidak Pernah,Kadang-kadang,Kadang-kadang,Tidak Pernah,Jarang,Tidak Pernah,Tidak Pernah,Tidak Pernah,Tidak Pernah,Tidak Pernah,Kadang-kadang,Tidak Pernah,Kadang-kadang,Kadang-kadang,Tidak Pernah,Tidak Pernah,Tidak Pernah,Sangat Tidak Setuju,Tidak Setuju,Tidak Setuju,Sangat Tidak Setuju,Sangat Tidak Setuju,Sangat Tidak Setuju,Sangat Tidak Setuju,Sangat Tidak Setuju,Sangat Tidak Setuju,Sangat Tidak Setuju,Sangat Setuju,Sangat Setuju,Tidak Setuju,Sangat Setuju,Sangat Setuju,Sangat Tidak Setuju,Setuju,Sangat Setuju,Sangat Setuju,Sangat Setuju,Sangat Setuju,Sangat Setuju,Sangat Setuju,Sangat Tidak Setuju,Sangat Tidak Setuju,Sangat Tidak Setuju,Setuju,Setuju,Sangat Tidak Setuju,Sangat Setuju,Sangat Setuju,Sangat Setuju,Sangat Setuju,Sangat Tidak Setuju,Sangat Setuju,Tidak Setuju,Setuju,Setuju,Sangat Tidak Setuju,Setuju,3,5,3,4,1,3,4,4,Una,
30/08/2026 14:13:48,"Ya, Saya bersedia",Vera,081263420482,Banda aceh,Perempuan,44 tahun,S1,Menikah,Dokter,3 juta,19 tahun,25 tahun,2,Rumah Sendiri,,,,,,,,,,,,,,Selalu,Selalu,Selalu,Sering,Selalu,Sering,Sering,Selalu,Selalu,Selalu,Selalu,Sering,Selalu,Selalu,Selalu,Selalu,Selalu,Selalu,Sering,Selalu,Selalu,Sering,Selalu,Selalu,Selalu,Selalu,Selalu,Selalu,Selalu,Sering,Tidak Pernah,Tidak Pernah,Tidak Pernah,Tidak Pernah,Tidak Pernah,Tidak Pernah,Tidak Pernah,Tidak Pernah,Jarang,Tidak Pernah,Jarang,Jarang,Sering,Tidak Pernah,Sering,Sering,Sering,Jarang,Tidak Pernah,Tidak Pernah,Jarang,Jarang,Tidak Pernah,Tidak Pernah,Sangat Tidak Setuju,Sangat Tidak Setuju,Sangat Tidak Setuju,Sangat Setuju,Sangat Tidak Setuju,Sangat Setuju,Sangat Tidak Setuju,Sangat Tidak Setuju,Sangat Tidak Setuju,Sangat Tidak Setuju,Sangat Setuju,Sangat Setuju,Sangat Tidak Setuju,Sangat Setuju,Sangat Setuju,Sangat Tidak Setuju,Sangat Setuju,Sangat Setuju,Sangat Setuju,Sangat Setuju,Sangat Setuju,Sangat Setuju,Sangat Setuju,Sangat Tidak Setuju,Sangat Tidak Setuju,Sangat Tidak Setuju,Sangat Setuju,Sangat Setuju,Sangat Tidak Setuju,Sangat Tidak Setuju,Sangat Setuju,Sangat Setuju,Sangat Setuju,Sangat Tidak Setuju,Sangat Setuju,Sangat Setuju,Sangat Setuju,Sangat Setuju,Sangat Tidak Setuju,Sangat Setuju,10,10,10,10,10,10,10,10,Una,
30/08/2026 14:29:37,"Ya, Saya bersedia",Mila,085277104655,Ulee Kareng,Perempuan,35 tahun,S2,Menikah,Mengajar,16 Juta ,9 Tahun,25 Tahun,1,Rumah Keluarga,,,,,,,,,,,,,,Selalu,Sering,Sering,Selalu,Selalu,Sering,Selalu,Selalu,Selalu,Selalu,Selalu,Selalu,Sering,Selalu,Selalu,Selalu,Sering,Selalu,Sering,Selalu,Selalu,Selalu,Selalu,Selalu,Sering,Sering,Sering,Selalu,Selalu,Sering,Kadang-kadang,Jarang,Tidak Pernah,Tidak Pernah,Tidak Pernah,Tidak Pernah,Tidak Pernah,Jarang,Jarang,Tidak Pernah,Tidak Pernah,Tidak Pernah,Tidak Pernah,Tidak Pernah,Tidak Pernah,Tidak Pernah,Jarang,Kadang-kadang,Kadang-kadang,Kadang-kadang,Kadang-kadang,Jarang,Tidak Pernah,Jarang,Sangat Tidak Setuju,Sangat Tidak Setuju,Sangat Tidak Setuju,Setuju,Sangat Tidak Setuju,Sangat Setuju,Sangat Tidak Setuju,Sangat Tidak Setuju,Sangat Tidak Setuju,Sangat Tidak Setuju,Sangat Setuju,Sangat Setuju,Sangat Tidak Setuju,Sangat Setuju,Sangat Setuju,Sangat Tidak Setuju,Sangat Setuju,Sangat Setuju,Sangat Setuju,Sangat Setuju,Sangat Setuju,Sangat Setuju,Sangat Setuju,Sangat Tidak Setuju,Sangat Tidak Setuju,Sangat Tidak Setuju,Sangat Setuju,Setuju,Sangat Tidak Setuju,Sangat Setuju,Sangat Setuju,Sangat Setuju,Setuju,Sangat Tidak Setuju,Sangat Setuju,Sangat Setuju,Setuju,Sangat Setuju,Sangat Tidak Setuju,Sangat Setuju,9,9,9,7,10,9,8,8,Haiyun Nisa,
30/08/2026 17:16:50,"Ya, Saya bersedia",LI,085270175656,Takengon ,Perempuan,45 thn,S1,Menikah,Analis,4 juta,21 tahun,24 tahun,2 orang ,Rumah Sendiri,,,,,,,,,,,,,,Sering,Sering,Sering,Sering,Selalu,Sering,Selalu,Selalu,Selalu,Sering,Selalu,Sering,Kadang-kadang,Selalu,Sering,Sering,Selalu,Sering,Selalu,Selalu,Selalu,Selalu,Selalu,Sering,Sering,Kadang-kadang,Sering,Sering,Sering,Selalu,Kadang-kadang,Kadang-kadang,Jarang,Jarang,Tidak Pernah,Tidak Pernah,Tidak Pernah,Kadang-kadang,Jarang,Tidak Pernah,Jarang,Kadang-kadang,Kadang-kadang,Tidak Pernah,Jarang,Kadang-kadang,Kadang-kadang,Kadang-kadang,Tidak Pernah,Jarang,Kadang-kadang,Kadang-kadang,Tidak Pernah,Tidak Pernah,Sangat Tidak Setuju,Tidak Setuju,Tidak Setuju,Setuju,Sangat Tidak Setuju,Setuju,Tidak Setuju,Tidak Setuju,Tidak Setuju,Tidak Setuju,Setuju,Setuju,Sangat Tidak Setuju,Setuju,Setuju,Tidak Setuju,Setuju,Setuju,Setuju,Setuju,Setuju,Sangat Setuju,Setuju,Tidak Setuju,Tidak Setuju,Tidak Setuju,Setuju,Setuju,Tidak Setuju,Setuju,Setuju,Setuju,Setuju,Tidak Setuju,Setuju,Setuju,Setuju,Setuju,Tidak Setuju,Setuju,8,8,8,8,8,8,8,8,Talitha,
30/08/2026 17:38:32,"Ya, Saya bersedia",pransiska,082312027359,"Jantho, Aceh Besar",Perempuan,26 Tahun,S1,Menikah,MRT,Kurang lebih 3.000.000,10 bulan,25 Tahun,0,Rumah Dinas,,,,,,,,,,,,,,Jarang,Tidak Pernah,Selalu,Selalu,Selalu,Sering,Selalu,Selalu,Selalu,Sering,Sering,Sering,Selalu,Selalu,Selalu,Selalu,Sering,Sering,Sering,Selalu,Selalu,Selalu,Selalu,Sering,Selalu,Sering,Sering,Selalu,Selalu,Sering,Jarang,Jarang,Tidak Pernah,Kadang-kadang,Tidak Pernah,Tidak Pernah,Tidak Pernah,Kadang-kadang,Kadang-kadang,Jarang,Jarang,Jarang,Kadang-kadang,Tidak Pernah,Kadang-kadang,Sering,Selalu,Jarang,Jarang,Jarang,Kadang-kadang,Jarang,Jarang,Tidak Pernah,Sangat Tidak Setuju,Setuju,Tidak Setuju,Setuju,Sangat Tidak Setuju,Sangat Tidak Setuju,Tidak Setuju,Tidak Setuju,Tidak Setuju,Tidak Setuju,Setuju,Setuju,Sangat Tidak Setuju,Tidak Setuju,Setuju,Sangat Tidak Setuju,Setuju,Sangat Setuju,Sangat Setuju,Setuju,Setuju,Sangat Setuju,Setuju,Tidak Setuju,Tidak Setuju,Tidak Setuju,Sangat Setuju,Setuju,Tidak Setuju,Setuju,Setuju,Setuju,Tidak Setuju,Sangat Tidak Setuju,Setuju,Setuju,Setuju,Setuju,Tidak Setuju,Sangat Setuju,10,9,9,9,8,9,9,9,Una,
30/08/2026 18:43:15,"Ya, Saya bersedia",Runa,085262056051,Takengon ,Laki-laki,50 thn,S1,Menikah,petani,3 juta,21 tahun,28 tahun,2 orang ,Rumah Sendiri,,,,,,,,,,,,,,Jarang,Jarang,Kadang-kadang,Kadang-kadang,Jarang,Sering,Sering,Sering,Sering,Kadang-kadang,Sering,Sering,Kadang-kadang,Selalu,Sering,Sering,Sering,Sering,Sering,Selalu,Sering,Sering,Sering,Kadang-kadang,Kadang-kadang,Sering,Kadang-kadang,Sering,Sering,Sering,Kadang-kadang,Kadang-kadang,Tidak Pernah,Jarang,Tidak Pernah,Tidak Pernah,Tidak Pernah,Kadang-kadang,Jarang,Jarang,Kadang-kadang,Kadang-kadang,Jarang,Tidak Pernah,Kadang-kadang,Kadang-kadang,Kadang-kadang,Jarang,Jarang,Jarang,Kadang-kadang,Tidak Pernah,Tidak Pernah,Tidak Pernah,Tidak Setuju,Tidak Setuju,Tidak Setuju,Setuju,Tidak Setuju,Setuju,Tidak Setuju,Tidak Setuju,Tidak Setuju,Tidak Setuju,Setuju,Setuju,Tidak Setuju,Setuju,Setuju,Tidak Setuju,Setuju,Setuju,Setuju,Setuju,Setuju,Setuju,Setuju,Tidak Setuju,Tidak Setuju,Tidak Setuju,Setuju,Setuju,Tidak Setuju,Setuju,Setuju,Setuju,Setuju,Tidak Setuju,Setuju,Setuju,Setuju,Setuju,Tidak Setuju,Setuju,7,8,8,8,8,7,7,7,Talitha,
31/08/2026 8:08:53,"Ya, Saya bersedia",LISMA DENI ,0853 6049 1501 ,BANDA ACEH ,Perempuan,47,S2,Menikah,ASN,3.000.000,10,33,1,Rumah Sendiri,,,,,,,,,,,,,,Kadang-kadang,Kadang-kadang,Tidak Pernah,Tidak Pernah,Jarang,Jarang,Tidak Pernah,Tidak Pernah,Tidak Pernah,Tidak Pernah,Tidak Pernah,Tidak Pernah,Tidak Pernah,Tidak Pernah,Tidak Pernah,Tidak Pernah,Tidak Pernah,Tidak Pernah,Tidak Pernah,Tidak Pernah,Sering,Sering,Sering,Sering,Jarang,Tidak Pernah,Sering,Sering,Sering,Sering,Tidak Pernah,Kadang-kadang,Kadang-kadang,Tidak Pernah,Tidak Pernah,Tidak Pernah,Sering,Sering,Sering,Sering,Tidak Pernah,Sering,Sering,Sering,Selalu,Sering,Sering,Kadang-kadang,Sering,Selalu,Selalu,Kadang-kadang,Tidak Pernah,Kadang-kadang,Sangat Tidak Setuju,Sangat Tidak Setuju,Sangat Tidak Setuju,Sangat Setuju,Sangat Tidak Setuju,Sangat Setuju,Tidak Setuju,Setuju,Tidak Setuju,Sangat Tidak Setuju,Sangat Setuju,Sangat Setuju,Sangat Tidak Setuju,Sangat Tidak Setuju,Setuju,Sangat Tidak Setuju,Sangat Setuju,Sangat Setuju,Sangat Setuju,Sangat Setuju,Sangat Setuju,Sangat Setuju,Setuju,Sangat Tidak Setuju,Sangat Setuju,Sangat Tidak Setuju,Sangat Setuju,Setuju,Sangat Tidak Setuju,Sangat Setuju,Sangat Setuju,Sangat Setuju,Setuju,Sangat Tidak Setuju,Sangat Setuju,Sangat Setuju,Sangat Setuju,Sangat Setuju,Sangat Tidak Setuju,Setuju,3,3,3,3,3,3,3,3,Una,
31/08/2026 8:58:24,"Ya, Saya bersedia",RAHMAH DAINI,082246169331,Aceh tegah ,Perempuan,30 tahun,S1,Menikah,PPPK ,3.000.000,6 tahun,23 tahun ,2,Rumah Sendiri,,,,,,,,,,,,,,Sering,Jarang,Sering,Sering,Sering,Kadang-kadang,Selalu,Selalu,Selalu,Selalu,Selalu,Selalu,Kadang-kadang,Sering,Sering,Selalu,Selalu,Selalu,Selalu,Selalu,Kadang-kadang,Kadang-kadang,Sering,Kadang-kadang,Kadang-kadang,Kadang-kadang,Kadang-kadang,Kadang-kadang,Kadang-kadang,Kadang-kadang,Kadang-kadang,Kadang-kadang,Kadang-kadang,Jarang,Tidak Pernah,Tidak Pernah,Jarang,Kadang-kadang,Kadang-kadang,Jarang,Kadang-kadang,Kadang-kadang,Sering,Tidak Pernah,Kadang-kadang,Selalu,Sering,Jarang,Tidak Pernah,Tidak Pernah,Kadang-kadang,Kadang-kadang,Tidak Pernah,Jarang,Sangat Tidak Setuju,Sangat Tidak Setuju,Sangat Tidak Setuju,Sangat Tidak Setuju,Sangat Tidak Setuju,Sangat Tidak Setuju,Sangat Tidak Setuju,Sangat Tidak Setuju,Sangat Tidak Setuju,Sangat Tidak Setuju,Sangat Tidak Setuju,Sangat Tidak Setuju,Sangat Tidak Setuju,Sangat Tidak Setuju,Sangat Tidak Setuju,Sangat Tidak Setuju,Sangat Tidak Setuju,Sangat Tidak Setuju,Sangat Tidak Setuju,Sangat Tidak Setuju,Sangat Tidak Setuju,Setuju,Setuju,Setuju,Sangat Setuju,Sangat Setuju,Sangat Setuju,Sangat Setuju,Sangat Setuju,Sangat Setuju,Sangat Setuju,Setuju,Sangat Setuju,Sangat Setuju,Sangat Setuju,Sangat Setuju,Setuju,Tidak Setuju,Setuju,Setuju,5,7,7,8,7,6,6,6,Talitha,
31/08/2026 9:13:04,"Ya, Saya bersedia",Sarah,085294061505,Takengon,Perempuan,50,S1,Menikah,Analis,5 juta rupiah,22 tahun,25 tahun,3 orang,Rumah Sendiri,,,,,,,,,,,,,,Sering,Sering,Sering,Sering,Sering,Sering,Sering,Kadang-kadang,Kadang-kadang,Kadang-kadang,Sering,Sering,Kadang-kadang,Sering,Sering,Kadang-kadang,Kadang-kadang,Kadang-kadang,Sering,Sering,Sering,Sering,Sering,Kadang-kadang,Sering,Sering,Sering,Sering,Sering,Sering,Kadang-kadang,Kadang-kadang,Jarang,Jarang,Jarang,Jarang,Kadang-kadang,Kadang-kadang,Kadang-kadang,Kadang-kadang,Kadang-kadang,Kadang-kadang,Kadang-kadang,Kadang-kadang,Sering,Sering,Sering,Kadang-kadang,Sering,Kadang-kadang,Kadang-kadang,Jarang,Jarang,Jarang,Sangat Tidak Setuju,Sangat Tidak Setuju,Sangat Tidak Setuju,Sangat Setuju,Sangat Tidak Setuju,Sangat Tidak Setuju,Sangat Tidak Setuju,Sangat Tidak Setuju,Sangat Tidak Setuju,Sangat Tidak Setuju,Sangat Setuju,Sangat Setuju,Sangat Tidak Setuju,Sangat Setuju,Sangat Setuju,Sangat Tidak Setuju,Sangat Setuju,Sangat Setuju,Sangat Setuju,Sangat Setuju,Sangat Setuju,Sangat Setuju,Sangat Setuju,Sangat Tidak Setuju,Sangat Tidak Setuju,Sangat Tidak Setuju,Sangat Tidak Setuju,Sangat Tidak Setuju,Sangat Tidak Setuju,Sangat Setuju,Sangat Tidak Setuju,Sangat Setuju,Sangat Setuju,Sangat Setuju,Sangat Setuju,Sangat Setuju,Sangat Setuju,Sangat Setuju,Sangat Tidak Setuju,Sangat Setuju,8,10,9,7,7,6,6,8,Talitha,
31/08/2026 9:25:59,"Ya, Saya bersedia",Tantina Junita ,082255848242,Aceh Tengah ,Perempuan,54 thn,S1,Menikah,Staf laboratorium RSUD DATU BERU Takengon ,4 juta,32 thn,22 thn,3,Rumah Sendiri,,,,,,,,,,,,,,Kadang-kadang,Kadang-kadang,Jarang,Jarang,Kadang-kadang,Selalu,Sering,Selalu,Kadang-kadang,Jarang,Kadang-kadang,Kadang-kadang,Kadang-kadang,Kadang-kadang,Kadang-kadang,Kadang-kadang,Kadang-kadang,Kadang-kadang,Sering,Kadang-kadang,Selalu,Selalu,Selalu,Kadang-kadang,Kadang-kadang,Kadang-kadang,Kadang-kadang,Sering,Selalu,Selalu,Kadang-kadang,Jarang,Kadang-kadang,Kadang-kadang,Jarang,Tidak Pernah,Tidak Pernah,Kadang-kadang,Sering,Kadang-kadang,Kadang-kadang,Kadang-kadang,Sering,Tidak Pernah,Sering,Sering,Sering,Kadang-kadang,Tidak Pernah,Tidak Pernah,Kadang-kadang,Kadang-kadang,Kadang-kadang,Kadang-kadang,Sangat Tidak Setuju,Tidak Setuju,Tidak Setuju,Sangat Tidak Setuju,Sangat Tidak Setuju,Sangat Tidak Setuju,Sangat Tidak Setuju,Sangat Tidak Setuju,Sangat Tidak Setuju,Sangat Tidak Setuju,Sangat Setuju,Sangat Setuju,Sangat Setuju,Sangat Setuju,Sangat Setuju,Sangat Tidak Setuju,Sangat Setuju,Sangat Setuju,Sangat Setuju,Sangat Setuju,Sangat Setuju,Sangat Setuju,Sangat Setuju,Sangat Tidak Setuju,Sangat Tidak Setuju,Sangat Tidak Setuju,Sangat Setuju,Setuju,Sangat Tidak Setuju,Sangat Setuju,Sangat Setuju,Sangat Setuju,Sangat Setuju,Sangat Tidak Setuju,Sangat Setuju,Sangat Setuju,Setuju,Sangat Setuju,Sangat Setuju,Sangat Setuju,3,2,2,5,1,2,3,5,Talitha,
31/08/2026 9:29:02,"Ya, Saya bersedia",Linda lestari ,082165331919,Takengon ,Perempuan,43,S1,Menikah,PNS ,3.000.000,14,29,2,Rumah Sendiri,,,,,,,,,,,,,,Kadang-kadang,Tidak Pernah,Kadang-kadang,Kadang-kadang,Selalu,Selalu,Kadang-kadang,Selalu,Selalu,Kadang-kadang,Selalu,Kadang-kadang,Kadang-kadang,Kadang-kadang,Selalu,Selalu,Selalu,Selalu,Kadang-kadang,Kadang-kadang,Selalu,Selalu,Kadang-kadang,Kadang-kadang,Kadang-kadang,Sering,Sering,Kadang-kadang,Selalu,Kadang-kadang,Kadang-kadang,Tidak Pernah,Tidak Pernah,Jarang,Tidak Pernah,Tidak Pernah,Tidak Pernah,Sering,Kadang-kadang,Jarang,Kadang-kadang,Kadang-kadang,Kadang-kadang,Kadang-kadang,Kadang-kadang,Kadang-kadang,Kadang-kadang,Kadang-kadang,Tidak Pernah,Kadang-kadang,Kadang-kadang,Kadang-kadang,Kadang-kadang,Kadang-kadang,Tidak Setuju,Tidak Setuju,Tidak Setuju,Tidak Setuju,Tidak Setuju,Tidak Setuju,Tidak Setuju,Tidak Setuju,Tidak Setuju,Tidak Setuju,Setuju,Tidak Setuju,Tidak Setuju,Tidak Setuju,Tidak Setuju,Setuju,Tidak Setuju,Tidak Setuju,Tidak Setuju,Tidak Setuju,Tidak Setuju,Setuju,Tidak Setuju,Tidak Setuju,Tidak Setuju,Tidak Setuju,Tidak Setuju,Tidak Setuju,Sangat Tidak Setuju,Sangat Tidak Setuju,Tidak Setuju,Setuju,Setuju,Tidak Setuju,Setuju,Tidak Setuju,Setuju,Setuju,Setuju,Tidak Setuju,7,4,4,5,3,3,5,5,Talitha,
31/08/2026 9:43:35,"Ya, Saya bersedia",Nazilah,085277261222,takengon,Perempuan,56,S1,Menikah,ASN,6000000,33 Tahun,23 Tahun,4 orang ,Rumah Sendiri,,,,,,,,,,,,,,Jarang,Jarang,Jarang,Jarang,Sering,Jarang,Sering,Sering,Sering,Kadang-kadang,Kadang-kadang,Selalu,Kadang-kadang,Sering,Selalu,Selalu,Jarang,Jarang,Jarang,Sering,Kadang-kadang,Jarang,Selalu,Sering,Kadang-kadang,Jarang,Kadang-kadang,Jarang,Selalu,Kadang-kadang,Jarang,Jarang,Tidak Pernah,Tidak Pernah,Tidak Pernah,Tidak Pernah,Tidak Pernah,Tidak Pernah,Kadang-kadang,Tidak Pernah,Jarang,Kadang-kadang,Kadang-kadang,Tidak Pernah,Kadang-kadang,Kadang-kadang,Kadang-kadang,Kadang-kadang,Tidak Pernah,Tidak Pernah,Kadang-kadang,Kadang-kadang,Tidak Pernah,Kadang-kadang,Tidak Setuju,Tidak Setuju,Tidak Setuju,Setuju,Sangat Tidak Setuju,Sangat Tidak Setuju,Tidak Setuju,Setuju,Sangat Tidak Setuju,Tidak Setuju,Setuju,Sangat Setuju,Sangat Tidak Setuju,Sangat Tidak Setuju,Sangat Tidak Setuju,Tidak Setuju,Sangat Setuju,Sangat Setuju,Sangat Setuju,Sangat Setuju,Sangat Setuju,Sangat Setuju,Sangat Setuju,Sangat Tidak Setuju,Sangat Tidak Setuju,Sangat Tidak Setuju,Sangat Setuju,Sangat Setuju,Sangat Tidak Setuju,Sangat Setuju,Sangat Setuju,Sangat Setuju,Sangat Setuju,Sangat Tidak Setuju,Sangat Setuju,Sangat Setuju,Sangat Setuju,Sangat Setuju,Sangat Setuju,Setuju,7,1,1,1,1,6,5,2,Talitha,
31/08/2026 9:53:17,"Ya, Saya bersedia",R,085289000426,Aceh Tengah,Perempuan,32,S1,Menikah,Analis Kesehatan,5.000.000,6 Tahun,25 Tahun,2 Orang,Rumah Sewa,,,,,,,,,,,,,,Selalu,Sering,Selalu,Selalu,Selalu,Selalu,Selalu,Selalu,Selalu,Selalu,Selalu,Selalu,Kadang-kadang,Selalu,Selalu,Selalu,Selalu,Selalu,Selalu,Selalu,Selalu,Selalu,Selalu,Selalu,Sering,Selalu,Selalu,Sering,Selalu,Sering,Kadang-kadang,Kadang-kadang,Kadang-kadang,Tidak Pernah,Tidak Pernah,Tidak Pernah,Tidak Pernah,Tidak Pernah,Tidak Pernah,Jarang,Jarang,Jarang,Jarang,Tidak Pernah,Tidak Pernah,Kadang-kadang,Kadang-kadang,Kadang-kadang,Jarang,Jarang,Kadang-kadang,Jarang,Tidak Pernah,Tidak Pernah,Sangat Tidak Setuju,Sangat Tidak Setuju,Sangat Tidak Setuju,Setuju,Sangat Tidak Setuju,Sangat Tidak Setuju,Sangat Tidak Setuju,Sangat Tidak Setuju,Tidak Setuju,Sangat Tidak Setuju,Sangat Setuju,Sangat Setuju,Sangat Tidak Setuju,Sangat Setuju,Sangat Setuju,Sangat Tidak Setuju,Sangat Setuju,Sangat Setuju,Sangat Setuju,Sangat Setuju,Sangat Setuju,Sangat Setuju,Sangat Setuju,Sangat Tidak Setuju,Sangat Tidak Setuju,Sangat Tidak Setuju,Sangat Setuju,Sangat Setuju,Sangat Tidak Setuju,Sangat Setuju,Sangat Setuju,Sangat Setuju,Sangat Setuju,Sangat Tidak Setuju,Sangat Setuju,Sangat Setuju,Sangat Setuju,Sangat Setuju,Sangat Tidak Setuju,Sangat Setuju,7,2,5,9,9,8,2,6,Talitha,
31/08/2026 10:23:52,"Ya, Saya bersedia",AZ,085322665474,Aceh Tengah,Laki-laki,52 Tahun,S1,Menikah,Analis,Rp. 4.000.000,23 Tahun,28 Tahun,Dua,Rumah Sendiri,,,,,,,,,,,,,,Jarang,Jarang,Kadang-kadang,Kadang-kadang,Kadang-kadang,Selalu,Selalu,Kadang-kadang,Kadang-kadang,Selalu,Selalu,Kadang-kadang,Kadang-kadang,Selalu,Selalu,Selalu,Selalu,Selalu,Selalu,Selalu,Kadang-kadang,Selalu,Sering,Kadang-kadang,Kadang-kadang,Kadang-kadang,Kadang-kadang,Selalu,Selalu,Selalu,Jarang,Jarang,Jarang,Tidak Pernah,Tidak Pernah,Tidak Pernah,Tidak Pernah,Kadang-kadang,Jarang,Jarang,Jarang,Kadang-kadang,Kadang-kadang,Kadang-kadang,Sering,Sering,Sering,Tidak Pernah,Tidak Pernah,Jarang,Jarang,Jarang,Tidak Pernah,Tidak Pernah,Sangat Tidak Setuju,Tidak Setuju,Tidak Setuju,Tidak Setuju,Sangat Tidak Setuju,Sangat Tidak Setuju,Tidak Setuju,Tidak Setuju,Tidak Setuju,Tidak Setuju,Setuju,Setuju,Tidak Setuju,Setuju,Setuju,Tidak Setuju,Setuju,Setuju,Sangat Setuju,Setuju,Setuju,Sangat Setuju,Sangat Setuju,Sangat Tidak Setuju,Tidak Setuju,Tidak Setuju,Sangat Setuju,Setuju,Tidak Setuju,Setuju,Sangat Setuju,Sangat Setuju,Setuju,Tidak Setuju,Sangat Setuju,Setuju,Setuju,Setuju,Tidak Setuju,Setuju,5,5,6,5,5,5,5,5,Talitha,
31/08/2026 10:36:33,"Ya, Saya bersedia",Dhea Ari Winda,082157232252,Takengon Aceh Tengah,Perempuan,28 thn,S1,Menikah,PPPK,3.000.000,8 bln,27 thn,belum memiliki anak,Rumah Keluarga,,,,,,,,,,,,,,Jarang,Tidak Pernah,Sering,Selalu,Selalu,Selalu,Selalu,Selalu,Selalu,Selalu,Selalu,Selalu,Kadang-kadang,Selalu,Selalu,Selalu,Selalu,Selalu,Selalu,Selalu,Selalu,Selalu,Selalu,Selalu,Selalu,Selalu,Kadang-kadang,Selalu,Selalu,Sering,Kadang-kadang,Kadang-kadang,Tidak Pernah,Tidak Pernah,Tidak Pernah,Tidak Pernah,Tidak Pernah,Kadang-kadang,Jarang,Tidak Pernah,Tidak Pernah,Jarang,Jarang,Tidak Pernah,Tidak Pernah,Tidak Pernah,Tidak Pernah,Tidak Pernah,Tidak Pernah,Tidak Pernah,Tidak Pernah,Jarang,Tidak Pernah,Tidak Pernah,Sangat Tidak Setuju,Tidak Setuju,Setuju,Setuju,Sangat Tidak Setuju,Sangat Tidak Setuju,Sangat Tidak Setuju,Sangat Tidak Setuju,Setuju,Sangat Tidak Setuju,Setuju,Setuju,Sangat Tidak Setuju,Setuju,Tidak Setuju,Sangat Tidak Setuju,Setuju,Sangat Setuju,Setuju,Setuju,Setuju,Setuju,Setuju,Sangat Tidak Setuju,Tidak Setuju,Tidak Setuju,Sangat Setuju,Setuju,Sangat Tidak Setuju,Setuju,Setuju,Setuju,Tidak Setuju,Sangat Tidak Setuju,Sangat Setuju,Sangat Setuju,Setuju,Setuju,Tidak Setuju,Setuju,7,8,8,7,7,9,3,7,Talitha,
31/08/2026 10:50:04,"Ya, Saya bersedia",Lek yus,085294060504,Takengon,Laki-laki,46,S1,Menikah,Wiraswasta,4.000.000,19,27,2,Rumah Sendiri,,,,,,,,,,,,,,Jarang,Tidak Pernah,Jarang,Selalu,Selalu,Selalu,Selalu,Selalu,Sering,Selalu,Selalu,Jarang,Kadang-kadang,Selalu,Selalu,Selalu,Selalu,Selalu,Selalu,Selalu,Selalu,Sering,Selalu,Tidak Pernah,Selalu,Sering,Kadang-kadang,Selalu,Selalu,Selalu,Jarang,Tidak Pernah,Tidak Pernah,Tidak Pernah,Tidak Pernah,Tidak Pernah,Tidak Pernah,Jarang,Jarang,Jarang,Jarang,Jarang,Jarang,Tidak Pernah,Kadang-kadang,Tidak Pernah,Kadang-kadang,Jarang,Tidak Pernah,Tidak Pernah,Tidak Pernah,Jarang,Tidak Pernah,Selalu,Tidak Setuju,Setuju,Setuju,Tidak Setuju,Tidak Setuju,Tidak Setuju,Tidak Setuju,Tidak Setuju,Tidak Setuju,Tidak Setuju,Tidak Setuju,Setuju,Setuju,Setuju,Tidak Setuju,Setuju,Setuju,Tidak Setuju,Setuju,Setuju,Setuju,Setuju,Setuju,Setuju,Tidak Setuju,Setuju,Setuju,Setuju,Setuju,Setuju,Setuju,Setuju,Setuju,Setuju,Setuju,Setuju,Tidak Setuju,Setuju,Setuju,Setuju,5,5,5,4,4,5,5,5,Talitha,
31/08/2026 12:19:39,"Ya, Saya bersedia",Thamrin,085260387867,Takengon,Laki-laki,39,S1,Menikah,-,"3,000,000",3,37,1,Rumah Keluarga,,,,,,,,,,,,,,Sering,Selalu,Sering,Kadang-kadang,Selalu,Kadang-kadang,Selalu,Selalu,Selalu,Sering,Sering,Sering,Kadang-kadang,Sering,Sering,Sering,Sering,Selalu,Sering,Sering,Selalu,Sering,Selalu,Sering,Kadang-kadang,Selalu,Kadang-kadang,Sering,Selalu,Sering,Tidak Pernah,Jarang,Tidak Pernah,Tidak Pernah,Tidak Pernah,Tidak Pernah,Tidak Pernah,Tidak Pernah,Jarang,Tidak Pernah,Tidak Pernah,Sering,Sering,Kadang-kadang,Kadang-kadang,Kadang-kadang,Kadang-kadang,Jarang,Sering,Kadang-kadang,Kadang-kadang,Tidak Pernah,Tidak Pernah,Kadang-kadang,Sangat Tidak Setuju,Sangat Tidak Setuju,Tidak Setuju,Sangat Setuju,Tidak Setuju,Sangat Setuju,Tidak Setuju,Tidak Setuju,Tidak Setuju,Sangat Tidak Setuju,Sangat Setuju,Setuju,Sangat Tidak Setuju,Sangat Tidak Setuju,Tidak Setuju,Sangat Tidak Setuju,Sangat Setuju,Sangat Setuju,Sangat Setuju,Setuju,Sangat Setuju,Sangat Setuju,Sangat Setuju,Sangat Tidak Setuju,Tidak Setuju,Sangat Tidak Setuju,Sangat Setuju,Sangat Setuju,Sangat Tidak Setuju,Sangat Setuju,Sangat Setuju,Sangat Setuju,Sangat Setuju,Sangat Tidak Setuju,Sangat Setuju,Sangat Tidak Setuju,Sangat Setuju,Sangat Setuju,Sangat Tidak Setuju,Sangat Setuju,9,8,8,10,9,10,9,10,Talitha,
31/08/2026 13:14:22,"Ya, Saya bersedia",Agung ,081265654567,Takengon,Laki-laki,48,S1,Menikah,Petani,2500000,21 tahun,26,2,Rumah Keluarga,,,,,,,,,,,,,,Jarang,Kadang-kadang,Selalu,Sering,Selalu,Selalu,Selalu,Kadang-kadang,Kadang-kadang,Kadang-kadang,Sering,Kadang-kadang,Jarang,Sering,Selalu,Sering,Sering,Selalu,Selalu,Selalu,Kadang-kadang,Sering,Kadang-kadang,Kadang-kadang,Sering,Kadang-kadang,Kadang-kadang,Sering,Sering,Jarang,Tidak Pernah,Tidak Pernah,Tidak Pernah,Tidak Pernah,Tidak Pernah,Tidak Pernah,Tidak Pernah,Sering,Jarang,Jarang,Jarang,Selalu,Kadang-kadang,Tidak Pernah,Sering,Sering,Jarang,Tidak Pernah,Tidak Pernah,Jarang,Kadang-kadang,Jarang,Tidak Pernah,Tidak Pernah,Tidak Setuju,Tidak Setuju,Tidak Setuju,Setuju,Tidak Setuju,Tidak Setuju,Tidak Setuju,Tidak Setuju,Tidak Setuju,Tidak Setuju,Setuju,Setuju,Tidak Setuju,Tidak Setuju,Tidak Setuju,Tidak Setuju,Setuju,Setuju,Setuju,Sangat Setuju,Sangat Setuju,Sangat Setuju,Setuju,Tidak Setuju,Tidak Setuju,Tidak Setuju,Setuju,Setuju,Sangat Tidak Setuju,Sangat Tidak Setuju,Sangat Tidak Setuju,Setuju,Setuju,Tidak Setuju,Sangat Tidak Setuju,Sangat Tidak Setuju,Setuju,Setuju,Tidak Setuju,Setuju,5,3,6,3,2,1,4,4,Dhiya,
31/08/2026 17:20:00,"Ya, Saya bersedia",Risma,085362934638,Samadua,Perempuan,38,S1,Menikah,PPPK,5.000.000,10,27,2,Rumah Sendiri,,,,,,,,,,,,,,Sering,Selalu,Selalu,Selalu,Selalu,Selalu,Selalu,Selalu,Selalu,Selalu,Selalu,Sering,Sering,Selalu,Selalu,Selalu,Selalu,Selalu,Sering,Selalu,Selalu,Selalu,Selalu,Selalu,Sering,Sering,Selalu,Selalu,Selalu,Selalu,Tidak Pernah,Jarang,Tidak Pernah,Tidak Pernah,Tidak Pernah,Tidak Pernah,Tidak Pernah,Kadang-kadang,Tidak Pernah,Tidak Pernah,Tidak Pernah,Kadang-kadang,Sering,Tidak Pernah,Sering,Sering,Sering,Jarang,Kadang-kadang,Kadang-kadang,Kadang-kadang,Tidak Pernah,Tidak Pernah,Kadang-kadang,Sangat Tidak Setuju,Sangat Tidak Setuju,Sangat Tidak Setuju,Sangat Setuju,Sangat Tidak Setuju,Sangat Setuju,Sangat Tidak Setuju,Sangat Tidak Setuju,Tidak Setuju,Sangat Tidak Setuju,Setuju,Sangat Setuju,Sangat Tidak Setuju,Sangat Setuju,Tidak Setuju,Tidak Setuju,Sangat Setuju,Sangat Setuju,Sangat Setuju,Setuju,Sangat Setuju,Sangat Setuju,Setuju,Sangat Tidak Setuju,Setuju,Tidak Setuju,Sangat Setuju,Setuju,Sangat Tidak Setuju,Sangat Setuju,Sangat Setuju,Sangat Setuju,Setuju,Sangat Tidak Setuju,Sangat Setuju,Sangat Setuju,Setuju,Sangat Setuju,Tidak Setuju,Sangat Setuju,9,9,9,10,9,8,8,9,Una,
31/08/2026 18:19:05,"Ya, Saya bersedia",NL,08126980744,Banda Aceh ,Perempuan,39,S2,Menikah,Freelance,5.000.000,14,25,3,Rumah Sendiri,,,,,,,,,,,,,,Sering,Selalu,Sering,Selalu,Selalu,Sering,Sering,Sering,Kadang-kadang,Sering,Selalu,Sering,Jarang,Selalu,Kadang-kadang,Sering,Kadang-kadang,Sering,Sering,Selalu,Sering,Selalu,Selalu,Kadang-kadang,Sering,Sering,Kadang-kadang,Sering,Sering,Kadang-kadang,Jarang,Jarang,Kadang-kadang,Tidak Pernah,Tidak Pernah,Jarang,Jarang,Jarang,Kadang-kadang,Jarang,Jarang,Sering,Kadang-kadang,Jarang,Kadang-kadang,Kadang-kadang,Jarang,Kadang-kadang,Tidak Pernah,Jarang,Kadang-kadang,Jarang,Jarang,Jarang,Sangat Tidak Setuju,Sangat Tidak Setuju,Sangat Tidak Setuju,Sangat Setuju,Sangat Tidak Setuju,Sangat Setuju,Tidak Setuju,Setuju,Sangat Tidak Setuju,Sangat Tidak Setuju,Setuju,Sangat Setuju,Sangat Tidak Setuju,Sangat Setuju,Sangat Setuju,Sangat Tidak Setuju,Sangat Setuju,Sangat Setuju,Sangat Setuju,Sangat Setuju,Setuju,Sangat Setuju,Sangat Setuju,Sangat Tidak Setuju,Sangat Tidak Setuju,Tidak Setuju,Sangat Setuju,Sangat Setuju,Sangat Tidak Setuju,Sangat Setuju,Sangat Setuju,Sangat Setuju,Setuju,Sangat Setuju,Sangat Setuju,Sangat Setuju,Setuju,Setuju,Tidak Setuju,Setuju,7,8,7,8,5,7,3,7,Dhiya,
31/08/2026 19:23:16,"Ya, Saya bersedia",W,085358520008,Banda Aceh,Perempuan,43 tahun,S1,Menikah,IRT,5.000.000,16 Tahun,26 Tahun,4,Rumah Sendiri,,,,,,,,,,,,,,Tidak pernah,Tidak Pernah,Sering,Sering,Sering,Sering,Sering,Sering,Sering,Sering,Sering,Sering,Selalu,Sering,Sering,Sering,Selalu,Sering,Sering,Sering,Sering,Kadang-kadang,Sering,Sering,Sering,Sering,Sering,Sering,Sering,Selalu,Jarang,Tidak Pernah,Tidak Pernah,Tidak Pernah,Tidak Pernah,Tidak Pernah,Jarang,Tidak Pernah,Jarang,Jarang,Jarang,Kadang-kadang,Kadang-kadang,Tidak Pernah,Jarang,Jarang,Kadang-kadang,Kadang-kadang,Kadang-kadang,Kadang-kadang,Kadang-kadang,Tidak Pernah,Tidak Pernah,Tidak Pernah,Sangat Tidak Setuju,Sangat Tidak Setuju,Sangat Tidak Setuju,Setuju,Sangat Tidak Setuju,Sangat Setuju,Sangat Tidak Setuju,Tidak Setuju,Setuju,Sangat Tidak Setuju,Sangat Setuju,Setuju,Sangat Tidak Setuju,Setuju,Setuju,Tidak Setuju,Sangat Setuju,Sangat Setuju,Sangat Setuju,Sangat Setuju,Sangat Setuju,Sangat Tidak Setuju,Sangat Setuju,Setuju,Tidak Setuju,Sangat Tidak Setuju,Sangat Setuju,Setuju,Sangat Tidak Setuju,Sangat Setuju,Sangat Setuju,Sangat Setuju,Setuju,Sangat Tidak Setuju,Sangat Setuju,Sangat Setuju,Setuju,Sangat Setuju,Sangat Tidak Setuju,Sangat Setuju,3,2,3,1,2,7,5,4,Dhiya,
31/08/2026 19:47:26,"Ya, Saya bersedia",ZN,085360010117,Banda Aceh,Perempuan,46 tahun,S1,Menikah,IRT,6.000.000,14 Tahun,24 Tahun,4,Rumah Sewa,,,,,,,,,,,,,,Tidak pernah,Tidak Pernah,Sering,Selalu,Selalu,Selalu,Selalu,Selalu,Selalu,Sering,Sering,Sering,Kadang-kadang,Selalu,Sering,Sering,Sering,Sering,Sering,Sering,Sering,Sering,Sering,Sering,Sering,Sering,Sering,Sering,Sering,Sering,Jarang,Tidak Pernah,Jarang,Tidak Pernah,Tidak Pernah,Tidak Pernah,Tidak Pernah,Tidak Pernah,Tidak Pernah,Tidak Pernah,Tidak Pernah,Jarang,Jarang,Tidak Pernah,Jarang,Jarang,Kadang-kadang,Kadang-kadang,Kadang-kadang,Kadang-kadang,Kadang-kadang,Tidak Pernah,Tidak Pernah,Tidak Pernah,Sangat Tidak Setuju,Tidak Setuju,Tidak Setuju,Setuju,Sangat Tidak Setuju,Sangat Setuju,Sangat Tidak Setuju,Sangat Tidak Setuju,Tidak Setuju,Sangat Tidak Setuju,Setuju,Setuju,Tidak Setuju,Setuju,Setuju,Sangat Tidak Setuju,Sangat Setuju,Sangat Setuju,Setuju,Setuju,Setuju,Sangat Setuju,Setuju,Tidak Setuju,Tidak Setuju,Sangat Tidak Setuju,Setuju,Setuju,Sangat Tidak Setuju,Setuju,Sangat Setuju,Setuju,Tidak Setuju,Tidak Setuju,Setuju,Setuju,Setuju,Setuju,Setuju,Setuju,2,4,3,2,4,7,4,3,Dhiya,
31/08/2026 20:27:25,"Ya, Saya bersedia",AI,081265064096,Banda Aceh,Perempuan,27,S1,Menikah,Mahasiswa,4.700.000,1 Tahun 3 Bulan,27,1,Rumah Keluarga,,,,,,,,,,,,,,Tidak pernah,Tidak Pernah,Sering,Selalu,Selalu,Selalu,Selalu,Selalu,Selalu,Selalu,Selalu,Selalu,Selalu,Selalu,Selalu,Selalu,Selalu,Selalu,Selalu,Sering,Sering,Sering,Selalu,Selalu,Sering,Sering,Sering,Sering,Sering,Selalu,Kadang-kadang,Tidak Pernah,Tidak Pernah,Tidak Pernah,Tidak Pernah,Tidak Pernah,Tidak Pernah,Tidak Pernah,Jarang,Tidak Pernah,Kadang-kadang,Kadang-kadang,Kadang-kadang,Tidak Pernah,Jarang,Jarang,Jarang,Kadang-kadang,Jarang,Jarang,Kadang-kadang,Tidak Pernah,Tidak Pernah,Tidak Pernah,Sangat Tidak Setuju,Sangat Tidak Setuju,Sangat Tidak Setuju,Sangat Tidak Setuju,Sangat Tidak Setuju,Sangat Setuju,Sangat Tidak Setuju,Sangat Tidak Setuju,Setuju,Sangat Tidak Setuju,Sangat Setuju,Sangat Setuju,Sangat Tidak Setuju,Sangat Setuju,Setuju,Sangat Tidak Setuju,Sangat Setuju,Sangat Setuju,Sangat Setuju,Sangat Setuju,Sangat Setuju,Sangat Setuju,Sangat Setuju,Sangat Tidak Setuju,Sangat Tidak Setuju,Sangat Tidak Setuju,Sangat Setuju,Setuju,Sangat Tidak Setuju,Sangat Setuju,Setuju,Sangat Setuju,Setuju,Sangat Tidak Setuju,Setuju,Sangat Setuju,Setuju,Sangat Setuju,Sangat Tidak Setuju,Sangat Setuju,8,3,7,4,7,10,9,8,Dhiya,
31/08/2026 22:06:04,"Ya, Saya bersedia",M,085260837365,Banda Aceh ,Perempuan,46 tahun ,SMA,Menikah,Ibu rumah tangga ,0,22 tahun,23 tahun,3,Rumah Sendiri,,,,,,,,,,,,,,Tidak pernah,Kadang-kadang,Selalu,Selalu,Kadang-kadang,Kadang-kadang,Kadang-kadang,Jarang,Kadang-kadang,Selalu,Selalu,Selalu,Tidak Pernah,Tidak Pernah,Jarang,Kadang-kadang,Kadang-kadang,Sering,Kadang-kadang,Selalu,Selalu,Jarang,Selalu,Selalu,Selalu,Selalu,Selalu,Selalu,Selalu,Selalu,Jarang,Kadang-kadang,Jarang,Jarang,Tidak Pernah,Tidak Pernah,Tidak Pernah,Kadang-kadang,Tidak Pernah,Tidak Pernah,Jarang,Tidak Pernah,Selalu,Jarang,Tidak Pernah,Tidak Pernah,Tidak Pernah,Kadang-kadang,Tidak Pernah,Tidak Pernah,Tidak Pernah,Tidak Pernah,Tidak Pernah,Tidak Pernah,Sangat Tidak Setuju,Sangat Tidak Setuju,Sangat Tidak Setuju,Sangat Tidak Setuju,Sangat Tidak Setuju,Sangat Tidak Setuju,Sangat Tidak Setuju,Setuju,Sangat Tidak Setuju,Sangat Tidak Setuju,Sangat Tidak Setuju,Sangat Tidak Setuju,Sangat Tidak Setuju,Sangat Tidak Setuju,Sangat Tidak Setuju,Sangat Tidak Setuju,Sangat Tidak Setuju,Sangat Tidak Setuju,Sangat Tidak Setuju,Sangat Tidak Setuju,Sangat Tidak Setuju,Sangat Setuju,Sangat Tidak Setuju,Sangat Tidak Setuju,Sangat Tidak Setuju,Setuju,Sangat Tidak Setuju,Sangat Setuju,Sangat Tidak Setuju,Setuju,Setuju,Setuju,Setuju,Tidak Setuju,Sangat Tidak Setuju,Tidak Setuju,Tidak Setuju,Setuju,Setuju,Setuju,10,10,10,8,8,1,6,10,Wazugni,
01/09/2026 10:21:01,"Ya, Saya bersedia",A,+62 813-7534-6190,Pidie,Laki-laki,56,S1,Menikah,Polisi,12.000.000,31,25,5,Rumah Sendiri,,,,,,,,,,,,,,Kadang-kadang,Kadang-kadang,Kadang-kadang,Sering,Selalu,Sering,Sering,Sering,Sering,Sering,Sering,Kadang-kadang,Sering,Sering,Sering,Kadang-kadang,Kadang-kadang,Sering,Sering,Sering,Kadang-kadang,Kadang-kadang,Kadang-kadang,Kadang-kadang,Kadang-kadang,Kadang-kadang,Kadang-kadang,Kadang-kadang,Kadang-kadang,Sering,Kadang-kadang,Jarang,Jarang,Jarang,Jarang,Jarang,Jarang,Jarang,Jarang,Kadang-kadang,Kadang-kadang,Kadang-kadang,Kadang-kadang,Jarang,Jarang,Kadang-kadang,Kadang-kadang,Sering,Kadang-kadang,Kadang-kadang,Kadang-kadang,Sering,Kadang-kadang,Kadang-kadang,Tidak Setuju,Tidak Setuju,Tidak Setuju,Setuju,Tidak Setuju,Sangat Setuju,Tidak Setuju,Tidak Setuju,Setuju,Tidak Setuju,Setuju,Setuju,Sangat Tidak Setuju,Setuju,Setuju,Tidak Setuju,Setuju,Setuju,Setuju,Setuju,Setuju,Setuju,Setuju,Tidak Setuju,Tidak Setuju,Tidak Setuju,Setuju,Tidak Setuju,Tidak Setuju,Setuju,Sangat Setuju,Setuju,Tidak Setuju,Tidak Setuju,Setuju,Setuju,Setuju,Setuju,Setuju,Setuju,9,9,9,5,9,4,7,9,Nia,
01/09/2026 12:02:00,"Ya, Saya bersedia",HF,085277301588,"Gampong Asan, Sigli, Pidie",Perempuan,50,S2,Menikah,Guru,12.000.000,31,19,5,Rumah Sendiri,,,,,,,,,,,,,,Kadang-kadang,Sering,Kadang-kadang,Sering,Kadang-kadang,Selalu,Selalu,Kadang-kadang,Kadang-kadang,Sering,Sering,Selalu,Selalu,Selalu,Sering,Sering,Sering,Sering,Sering,Selalu,Selalu,Selalu,Selalu,Selalu,Selalu,Selalu,Selalu,Selalu,Selalu,Selalu,Jarang,Jarang,Tidak Pernah,Tidak Pernah,Tidak Pernah,Tidak Pernah,Tidak Pernah,Kadang-kadang,Kadang-kadang,Jarang,Jarang,Sering,Sering,Tidak Pernah,Sering,Selalu,Kadang-kadang,Kadang-kadang,Selalu,Sering,Sering,Tidak Pernah,Tidak Pernah,Tidak Pernah,Sangat Tidak Setuju,Sangat Tidak Setuju,Sangat Tidak Setuju,Sangat Setuju,Sangat Tidak Setuju,Sangat Setuju,Setuju,Tidak Setuju,Sangat Setuju,Sangat Tidak Setuju,Sangat Setuju,Sangat Setuju,Sangat Tidak Setuju,Sangat Setuju,Sangat Setuju,Sangat Tidak Setuju,Sangat Setuju,Sangat Setuju,Sangat Setuju,Sangat Setuju,Sangat Setuju,Sangat Setuju,Sangat Tidak Setuju,Sangat Tidak Setuju,Sangat Tidak Setuju,Sangat Tidak Setuju,Sangat Setuju,Sangat Setuju,Sangat Tidak Setuju,Sangat Setuju,Sangat Setuju,Sangat Setuju,Sangat Setuju,Sangat Tidak Setuju,Sangat Setuju,Sangat Setuju,Sangat Setuju,Sangat Setuju,Sangat Tidak Setuju,Sangat Setuju,10,10,10,10,9,9,10,10,Nia,
01/09/2026 12:29:03,"Ya, Saya bersedia",LW,085261487003,"Gampong Asan, Pidie",Perempuan,40,SMA,Menikah,Buruh Harian,500.000,20,20,2,Rumah Sendiri,,,,,,,,,,,,,,Kadang-kadang,Kadang-kadang,Kadang-kadang,Kadang-kadang,Selalu,Kadang-kadang,Kadang-kadang,Kadang-kadang,Kadang-kadang,Kadang-kadang,Kadang-kadang,Kadang-kadang,Kadang-kadang,Kadang-kadang,Kadang-kadang,Kadang-kadang,Kadang-kadang,Kadang-kadang,Tidak Pernah,Jarang,Kadang-kadang,Kadang-kadang,Kadang-kadang,Kadang-kadang,Kadang-kadang,Kadang-kadang,Kadang-kadang,Kadang-kadang,Kadang-kadang,Sering,Tidak Pernah,Tidak Pernah,Tidak Pernah,Jarang,Jarang,Jarang,Kadang-kadang,Kadang-kadang,Kadang-kadang,Kadang-kadang,Kadang-kadang,Kadang-kadang,Sering,Sering,Sering,Kadang-kadang,Sering,Tidak Pernah,Jarang,Kadang-kadang,Tidak Pernah,Kadang-kadang,Tidak Pernah,Tidak Pernah,Tidak Setuju,Tidak Setuju,Tidak Setuju,Setuju,Sangat Setuju,Sangat Setuju,Sangat Setuju,Tidak Setuju,Sangat Setuju,Tidak Setuju,Setuju,Sangat Tidak Setuju,Sangat Tidak Setuju,Sangat Tidak Setuju,Sangat Tidak Setuju,Sangat Tidak Setuju,Sangat Tidak Setuju,Sangat Tidak Setuju,Tidak Setuju,Tidak Setuju,Tidak Setuju,Sangat Setuju,Sangat Setuju,Sangat Tidak Setuju,Tidak Setuju,Sangat Tidak Setuju,Setuju,Setuju,Tidak Setuju,Setuju,Tidak Setuju,Setuju,Tidak Setuju,Tidak Setuju,Tidak Setuju,Setuju,Tidak Setuju,Setuju,Sangat Setuju,Sangat Setuju,7,3,2,4,7,9,4,7,Nia,
01/09/2026 20:39:23,"Ya, Saya bersedia",AM,082217113655,"Gampong Asan, Kab. Pidie",Laki-laki,28,S1,Menikah,Buruh Harian Lepas,2.000.000,3,25,- ,Rumah Keluarga,,,,,,,,,,,,,,Selalu,Sering,Sering,Selalu,Selalu,Selalu,Selalu,Selalu,Selalu,Sering,Selalu,Sering,Kadang-kadang,Sering,Selalu,Selalu,Selalu,Selalu,Sering,Selalu,Selalu,Sering,Selalu,Sering,Selalu,Selalu,Sering,Selalu,Selalu,Selalu,Jarang,Tidak Pernah,Tidak Pernah,Tidak Pernah,Tidak Pernah,Tidak Pernah,Tidak Pernah,Tidak Pernah,Tidak Pernah,Tidak Pernah,Tidak Pernah,Kadang-kadang,Sering,Kadang-kadang,Kadang-kadang,Jarang,Sering,Tidak Pernah,Tidak Pernah,Tidak Pernah,Tidak Pernah,Tidak Pernah,Tidak Pernah,Tidak Pernah,Sangat Tidak Setuju,Setuju,Setuju,Sangat Setuju,Sangat Tidak Setuju,Sangat Tidak Setuju,Sangat Tidak Setuju,Sangat Tidak Setuju,Sangat Tidak Setuju,Sangat Tidak Setuju,Sangat Setuju,Sangat Setuju,Sangat Tidak Setuju,Sangat Setuju,Sangat Tidak Setuju,Sangat Tidak Setuju,Sangat Setuju,Sangat Setuju,Sangat Setuju,Sangat Setuju,Sangat Setuju,Sangat Setuju,Setuju,Sangat Tidak Setuju,Tidak Setuju,Sangat Tidak Setuju,Sangat Setuju,Setuju,Sangat Tidak Setuju,Sangat Setuju,Sangat Setuju,Sangat Setuju,Tidak Setuju,Sangat Tidak Setuju,Sangat Setuju,Sangat Setuju,Sangat Setuju,Sangat Setuju,Tidak Setuju,Setuju,4,5,5,1,2,4,1,1,Nia,
01/09/2026 20:57:01,"Ya, Saya bersedia",R,082324643322,"Gampong Asan, Pidie",Perempuan,38,SMP,Menikah,IRT,3.500.000,16,24,- ,Rumah Sendiri,,,,,,,,,,,,,,Jarang,Tidak Pernah,Tidak Pernah,Kadang-kadang,Jarang,Kadang-kadang,Jarang,Jarang,Kadang-kadang,Kadang-kadang,Tidak Pernah,Kadang-kadang,Jarang,Tidak Pernah,Kadang-kadang,Tidak Pernah,Jarang,Kadang-kadang,Kadang-kadang,Jarang,Selalu,Sering,Selalu,Jarang,Sering,Jarang,Sering,Selalu,Selalu,Kadang-kadang,Tidak Pernah,Kadang-kadang,Kadang-kadang,Jarang,Kadang-kadang,Jarang,Sering,Selalu,Sering,Kadang-kadang,Jarang,Kadang-kadang,Sering,Kadang-kadang,Sering,Kadang-kadang,Kadang-kadang,Sering,Sering,Selalu,Sering,Selalu,Kadang-kadang,Tidak Pernah,Setuju,Sangat Setuju,Sangat Setuju,Setuju,Tidak Setuju,Sangat Tidak Setuju,Sangat Tidak Setuju,Tidak Setuju,Setuju,Tidak Setuju,Setuju,Tidak Setuju,Tidak Setuju,Sangat Tidak Setuju,Setuju,Setuju,Sangat Tidak Setuju,Setuju,Sangat Tidak Setuju,Sangat Setuju,Setuju,Sangat Setuju,Setuju,Tidak Setuju,Tidak Setuju,Setuju,Setuju,Setuju,Sangat Tidak Setuju,Setuju,Tidak Setuju,Setuju,Setuju,Sangat Setuju,Setuju,Sangat Tidak Setuju,Setuju,Setuju,Tidak Setuju,Setuju,2,5,4,4,9,4,7,7,Nia,
02/09/2026 11:08:54,"Ya, Saya bersedia",Eri Anizar,082238081199,Banda Aceh,Perempuan,44 tahun,S1,Cerai Hidup,Tidak bekerja,10 juta,,,,,Perselingkuhan pasangan,14thn,26,41,3,Rumah Sendiri,,,,,,,,Sering,Jarang,Jarang,Kadang-kadang,Sering,Jarang,Jarang,Sering,Sering,Sering,Sering,Tidak Pernah,Jarang,Sering,Sering,Jarang,Jarang,Kadang-kadang,Kadang-kadang,Jarang,Kadang-kadang,Sering,Sering,Sering,Jarang,Selalu,Sering,Kadang-kadang,Jarang,Sering,Selalu,Selalu,Selalu,Sering,Sering,Sering,Selalu,Kadang-kadang,Sering,Sering,Selalu,Jarang,Jarang,Sering,Sering,Sering,Jarang,Sering,Sering,Sering,Sering,Selalu,Sering,Sering,Sangat Tidak Setuju,Sangat Tidak Setuju,Sangat Tidak Setuju,Sangat Setuju,Sangat Tidak Setuju,Sangat Setuju,Sangat Tidak Setuju,Sangat Tidak Setuju,Sangat Setuju,Sangat Tidak Setuju,Setuju,Sangat Setuju,Sangat Tidak Setuju,Setuju,Sangat Setuju,Tidak Setuju,Sangat Setuju,Setuju,Sangat Setuju,Sangat Setuju,Setuju,Sangat Setuju,Setuju,Tidak Setuju,Tidak Setuju,Tidak Setuju,Sangat Setuju,Setuju,Sangat Tidak Setuju,Sangat Setuju,Sangat Setuju,Sangat Setuju,Sangat Setuju,Tidak Setuju,Sangat Setuju,Sangat Setuju,Setuju,Setuju,Tidak Setuju,Setuju,5,7,5,4,2,9,7,5,Haiyun Nisa,
02/09/2026 14:05:43,"Ya, Saya bersedia",Rasyada,081360978557,Aceh Besar,Perempuan,57,S1,Menikah,PNS,10 juta,26 Tahun,27 Tahun,2 org,Rumah Sendiri,,,,,,,,,,,,,,Sering,Jarang,Sering,Selalu,Sering,Sering,Sering,Sering,Sering,Selalu,Sering,Sering,Kadang-kadang,Kadang-kadang,Sering,Sering,Sering,Sering,Sering,Selalu,Selalu,Sering,Selalu,Sering,Kadang-kadang,Sering,Kadang-kadang,Sering,Selalu,Selalu,Kadang-kadang,Tidak Pernah,Jarang,Tidak Pernah,Tidak Pernah,Tidak Pernah,Tidak Pernah,Jarang,Jarang,Tidak Pernah,Jarang,Tidak Pernah,Kadang-kadang,Jarang,Kadang-kadang,Kadang-kadang,Kadang-kadang,Sering,Jarang,Jarang,Tidak Pernah,Tidak Pernah,Tidak Pernah,Jarang,Sangat Tidak Setuju,Sangat Tidak Setuju,Sangat Tidak Setuju,Tidak Setuju,Sangat Tidak Setuju,Sangat Tidak Setuju,Sangat Tidak Setuju,Sangat Tidak Setuju,Tidak Setuju,Sangat Tidak Setuju,Sangat Setuju,Sangat Tidak Setuju,Sangat Tidak Setuju,Setuju,Sangat Tidak Setuju,Tidak Setuju,Sangat Setuju,Sangat Setuju,Sangat Setuju,Sangat Setuju,Sangat Setuju,Sangat Setuju,Sangat Setuju,Sangat Tidak Setuju,Tidak Setuju,Sangat Tidak Setuju,Sangat Setuju,Setuju,Sangat Tidak Setuju,Sangat Setuju,Sangat Setuju,Sangat Setuju,Tidak Setuju,Sangat Tidak Setuju,Sangat Setuju,Sangat Setuju,Setuju,Setuju,Sangat Tidak Setuju,Setuju,6,10,7,6,5,6,4,6,Nasywaa Syifa,
02/09/2026 15:34:38,"Ya, Saya bersedia",Jol,081248156097,"Aceh, Lhokseumawe ",Laki-laki,27,S1,Menikah,Karyawan restoran burger,3.000.000,3 tahun,24,0,Rumah Sewa,,,,,,,,,,,,,,Jarang,Sering,Sering,Sering,Selalu,Sering,Sering,Selalu,Selalu,Sering,Sering,Sering,Sering,Sering,Sering,Sering,Selalu,Sering,Sering,Sering,Selalu,Selalu,Selalu,Sering,Kadang-kadang,Sering,Sering,Sering,Sering,Selalu,Kadang-kadang,Jarang,Tidak Pernah,Tidak Pernah,Tidak Pernah,Tidak Pernah,Jarang,Tidak Pernah,Kadang-kadang,Jarang,Tidak Pernah,Tidak Pernah,Tidak Pernah,Kadang-kadang,Tidak Pernah,Kadang-kadang,Sering,Tidak Pernah,Kadang-kadang,Jarang,Kadang-kadang,Tidak Pernah,Tidak Pernah,Tidak Pernah,Sangat Tidak Setuju,Tidak Setuju,Tidak Setuju,Setuju,Sangat Tidak Setuju,Sangat Setuju,Sangat Tidak Setuju,Tidak Setuju,Setuju,Sangat Tidak Setuju,Setuju,Setuju,Tidak Setuju,Setuju,Setuju,Tidak Setuju,Sangat Setuju,Setuju,Sangat Setuju,Setuju,Setuju,Setuju,Setuju,Tidak Setuju,Setuju,Sangat Tidak Setuju,Setuju,Setuju,Sangat Tidak Setuju,Sangat Setuju,Sangat Setuju,Setuju,Setuju,Tidak Setuju,Sangat Setuju,Sangat Setuju,Setuju,Setuju,Tidak Setuju,Setuju,7,7,8,8,8,9,8,7,Rafi,
03/09/2026 14:24:53,"Ya, Saya bersedia",HK,081280804929,Banda Aceh,Perempuan,44,S2,Menikah,swasta,10.000.000,19,24,1,Rumah Sendiri,,,,,,,,,,,,,,Sering,Jarang,Sering,Sering,Sering,Sering,Sering,Sering,Sering,Sering,Sering,Sering,Selalu,Selalu,Selalu,Sering,Sering,Sering,Sering,Sering,Sering,Sering,Sering,Sering,Sering,Sering,Sering,Sering,Selalu,Selalu,Kadang-kadang,Jarang,Tidak Pernah,Tidak Pernah,Tidak Pernah,Tidak Pernah,Tidak Pernah,Tidak Pernah,Jarang,Jarang,Kadang-kadang,Jarang,Jarang,Tidak Pernah,Jarang,Jarang,Kadang-kadang,Jarang,Jarang,Kadang-kadang,Kadang-kadang,Tidak Pernah,Tidak Pernah,Tidak Pernah,Sangat Tidak Setuju,Sangat Tidak Setuju,Sangat Tidak Setuju,Setuju,Sangat Tidak Setuju,Sangat Setuju,Sangat Tidak Setuju,Sangat Tidak Setuju,Sangat Tidak Setuju,Sangat Tidak Setuju,Setuju,Setuju,Tidak Setuju,Setuju,Setuju,Sangat Setuju,Sangat Setuju,Sangat Setuju,Setuju,Sangat Setuju,Sangat Setuju,Sangat Setuju,Setuju,Tidak Setuju,Tidak Setuju,Tidak Setuju,Setuju,Setuju,Tidak Setuju,Setuju,Sangat Setuju,Sangat Setuju,Setuju,Sangat Tidak Setuju,Setuju,Setuju,Setuju,Sangat Setuju,Sangat Tidak Setuju,Sangat Setuju,7,3,8,4,6,10,7,7,Dhiya,
04/09/2026 16:01:56,"Ya, Saya bersedia",Nurbetty,085277606450,Jeulingke,Perempuan,35,S1,Menikah,Ibu rumah tangga,1000000,13 tahun,23,2,Rumah Keluarga,,,,,,,,,,,,,,Sering,Sering,Sering,Selalu,Selalu,Sering,Selalu,Sering,Sering,Selalu,Selalu,Selalu,Sering,Selalu,Selalu,Selalu,Selalu,Selalu,Sering,Selalu,Selalu,Selalu,Selalu,Selalu,Selalu,Selalu,Selalu,Selalu,Selalu,Selalu,Tidak Pernah,Tidak Pernah,Tidak Pernah,Tidak Pernah,Tidak Pernah,Tidak Pernah,Tidak Pernah,Tidak Pernah,Tidak Pernah,Tidak Pernah,Tidak Pernah,Tidak Pernah,Tidak Pernah,Tidak Pernah,Tidak Pernah,Tidak Pernah,Kadang-kadang,Tidak Pernah,Tidak Pernah,Tidak Pernah,Tidak Pernah,Tidak Pernah,Tidak Pernah,Tidak Pernah,Sangat Tidak Setuju,Sangat Tidak Setuju,Sangat Tidak Setuju,Sangat Setuju,Sangat Tidak Setuju,Sangat Tidak Setuju,Sangat Tidak Setuju,Sangat Tidak Setuju,Sangat Tidak Setuju,Sangat Tidak Setuju,Setuju,Sangat Setuju,Sangat Tidak Setuju,Setuju,Setuju,Sangat Tidak Setuju,Sangat Setuju,Sangat Setuju,Sangat Setuju,Sangat Setuju,Sangat Setuju,Sangat Setuju,Setuju,Sangat Tidak Setuju,Sangat Tidak Setuju,Sangat Tidak Setuju,Sangat Setuju,Setuju,Sangat Tidak Setuju,Sangat Setuju,Sangat Setuju,Sangat Setuju,Setuju,Sangat Tidak Setuju,Sangat Setuju,Sangat Setuju,Setuju,Setuju,Tidak Setuju,Setuju,5,6,5,7,5,7,5,6,Wazugni,
04/09/2026 19:55:56,"Ya, Saya bersedia",YY,081357906319,Banda Aceh,Perempuan,26,S1,Menikah,-,7.000.000,1 bulan,26,0,Rumah Keluarga,,,,,,,,,,,,,,Selalu,Sering,Sering,Selalu,Selalu,Sering,Selalu,Sering,Selalu,Selalu,Sering,Kadang-kadang,Kadang-kadang,Jarang,Sering,Kadang-kadang,Kadang-kadang,Kadang-kadang,Jarang,Sering,Sering,Kadang-kadang,Selalu,Kadang-kadang,Kadang-kadang,Sering,Sering,Sering,Kadang-kadang,Selalu,Jarang,Selalu,Jarang,Jarang,Tidak Pernah,Tidak Pernah,Tidak Pernah,Tidak Pernah,Sering,Sering,Sering,Jarang,Kadang-kadang,Jarang,Sering,Kadang-kadang,Kadang-kadang,Kadang-kadang,Jarang,Jarang,Jarang,Jarang,Tidak Pernah,Jarang,Sangat Tidak Setuju,Setuju,Sangat Tidak Setuju,Setuju,Sangat Tidak Setuju,Sangat Tidak Setuju,Sangat Tidak Setuju,Tidak Setuju,Sangat Tidak Setuju,Sangat Tidak Setuju,Sangat Setuju,Sangat Setuju,Sangat Tidak Setuju,Setuju,Sangat Setuju,Sangat Tidak Setuju,Sangat Setuju,Sangat Setuju,Sangat Setuju,Sangat Setuju,Setuju,Sangat Setuju,Setuju,Tidak Setuju,Setuju,Sangat Tidak Setuju,Sangat Setuju,Setuju,Sangat Tidak Setuju,Setuju,Sangat Setuju,Sangat Setuju,Tidak Setuju,Sangat Tidak Setuju,Sangat Setuju,Sangat Setuju,Setuju,Setuju,Tidak Setuju,Sangat Setuju,8,8,8,4,3,3,5,4,Wazugni,
05/09/2026 13:01:23,"Ya, Saya bersedia",LN,-,Banda Aceh,Perempuan,50,S1,Menikah,PNS,4.500.000,20,30,2,Rumah Sendiri,,,,,,,,,,,,,,Sering,Selalu,Sering,Selalu,Selalu,Selalu,Selalu,Selalu,Selalu,Selalu,Selalu,Selalu,Kadang-kadang,Sering,Sering,Selalu,Sering,Selalu,Sering,Selalu,Sering,Selalu,Selalu,Sering,Kadang-kadang,Kadang-kadang,Kadang-kadang,Sering,Sering,Selalu,Jarang,Kadang-kadang,Kadang-kadang,Tidak Pernah,Tidak Pernah,Tidak Pernah,Tidak Pernah,Jarang,Jarang,Tidak Pernah,Jarang,Jarang,Jarang,Tidak Pernah,Jarang,Kadang-kadang,Sering,Kadang-kadang,Jarang,Tidak Pernah,Jarang,Sering,Jarang,Jarang,Sangat Tidak Setuju,Tidak Setuju,Sangat Tidak Setuju,Sangat Setuju,Sangat Tidak Setuju,Sangat Setuju,Tidak Setuju,Sangat Tidak Setuju,Sangat Tidak Setuju,Sangat Tidak Setuju,Sangat Setuju,Setuju,Sangat Tidak Setuju,Sangat Setuju,Tidak Setuju,Sangat Tidak Setuju,Sangat Setuju,Sangat Setuju,Sangat Setuju,Setuju,Sangat Setuju,Sangat Setuju,Setuju,Sangat Tidak Setuju,Setuju,Sangat Tidak Setuju,Sangat Setuju,Setuju,Sangat Tidak Setuju,Setuju,Sangat Setuju,Sangat Setuju,Setuju,Tidak Setuju,Sangat Setuju,Sangat Setuju,Setuju,Setuju,Tidak Setuju,Setuju,8,9,5,6,4,5,3,5,Nisrina,
05/09/2026 13:07:37,"Ya, Saya bersedia",Y,-,Banda Aceh,Perempuan,52,S2,Menikah,PNS,5.000.000,19,26,2,Rumah Sendiri,,,,,,,,,,,,,,Kadang-kadang,Kadang-kadang,Sering,Sering,Sering,Sering,Sering,Sering,Sering,Sering,Sering,Sering,Kadang-kadang,Sering,Kadang-kadang,Sering,Sering,Sering,Sering,Sering,Sering,Selalu,Sering,Sering,Sering,Sering,Kadang-kadang,Sering,Sering,Sering,Kadang-kadang,Tidak Pernah,Tidak Pernah,Tidak Pernah,Tidak Pernah,Tidak Pernah,Tidak Pernah,Jarang,Jarang,Tidak Pernah,Tidak Pernah,Tidak Pernah,Jarang,Tidak Pernah,Sering,Kadang-kadang,Sering,Kadang-kadang,Tidak Pernah,Tidak Pernah,Tidak Pernah,Tidak Pernah,Tidak Pernah,Tidak Pernah,Sangat Tidak Setuju,Sangat Tidak Setuju,Sangat Tidak Setuju,Sangat Tidak Setuju,Sangat Tidak Setuju,Sangat Tidak Setuju,Sangat Tidak Setuju,Sangat Tidak Setuju,Sangat Tidak Setuju,Sangat Tidak Setuju,Sangat Tidak Setuju,Sangat Tidak Setuju,Sangat Tidak Setuju,Sangat Tidak Setuju,Sangat Tidak Setuju,Sangat Tidak Setuju,Sangat Tidak Setuju,Sangat Tidak Setuju,Sangat Tidak Setuju,Sangat Tidak Setuju,Sangat Tidak Setuju,Sangat Setuju,Setuju,Tidak Setuju,Sangat Tidak Setuju,Sangat Tidak Setuju,Sangat Setuju,Setuju,Sangat Tidak Setuju,Sangat Setuju,Sangat Setuju,Sangat Setuju,Sangat Setuju,Sangat Tidak Setuju,Sangat Setuju,Sangat Setuju,Sangat Setuju,Sangat Setuju,Tidak Setuju,Setuju,7,7,4,4,7,4,4,7,Nisrina,
05/09/2026 13:12:41,"Ya, Saya bersedia",SPD,-,Banda aceh,Perempuan,22,S1,Menikah,Ibu rumah tangga,5.000.000,1,21,-,Rumah Sewa,,,,,,,,,,,,,,Jarang,Jarang,Selalu,Selalu,Kadang-kadang,Kadang-kadang,Selalu,Kadang-kadang,Selalu,Selalu,Selalu,Sering,Kadang-kadang,Selalu,Sering,Selalu,Selalu,Selalu,Sering,Selalu,Selalu,Selalu,Selalu,Kadang-kadang,Kadang-kadang,Kadang-kadang,Kadang-kadang,Sering,Selalu,Selalu,Jarang,Kadang-kadang,Tidak Pernah,Kadang-kadang,Kadang-kadang,Jarang,Tidak Pernah,Jarang,Kadang-kadang,Tidak Pernah,Kadang-kadang,Selalu,Selalu,Tidak Pernah,Selalu,Selalu,Selalu,Jarang,Kadang-kadang,Kadang-kadang,Kadang-kadang,Kadang-kadang,Jarang,Jarang,Sangat Tidak Setuju,Tidak Setuju,Tidak Setuju,Sangat Setuju,Sangat Tidak Setuju,Sangat Setuju,Sangat Tidak Setuju,Tidak Setuju,Tidak Setuju,Sangat Tidak Setuju,Sangat Tidak Setuju,Sangat Tidak Setuju,Sangat Tidak Setuju,Sangat Setuju,Sangat Setuju,Tidak Setuju,Sangat Setuju,Sangat Setuju,Sangat Setuju,Sangat Setuju,Sangat Setuju,Sangat Setuju,Setuju,Tidak Setuju,Tidak Setuju,Sangat Tidak Setuju,Sangat Setuju,Setuju,Sangat Tidak Setuju,Sangat Setuju,Sangat Setuju,Sangat Setuju,Tidak Setuju,Sangat Tidak Setuju,Sangat Setuju,Setuju,Setuju,Setuju,Tidak Setuju,Setuju,7,7,6,6,2,2,2,5,Nasywaa Syifa,
05/09/2026 13:14:39,"Ya, Saya bersedia",CI,082163480373,"peurada, Banda Aceh",Perempuan,49,S1,Menikah,PPPK paruh waktu,2.000.000,19,30,-,Rumah Sewa,,,,,,,,,,,,,,Selalu,Sering,Selalu,Selalu,Selalu,Selalu,Selalu,Selalu,Selalu,Selalu,Selalu,Sering,Sering,Selalu,Selalu,Selalu,Selalu,Selalu,Selalu,Selalu,Selalu,Selalu,Selalu,Selalu,Selalu,Selalu,Selalu,Selalu,Selalu,Selalu,Tidak Pernah,Tidak Pernah,Tidak Pernah,Tidak Pernah,Tidak Pernah,Tidak Pernah,Tidak Pernah,Tidak Pernah,Tidak Pernah,Tidak Pernah,Tidak Pernah,Kadang-kadang,Kadang-kadang,Kadang-kadang,Selalu,Selalu,Sering,Tidak Pernah,Tidak Pernah,Jarang,Jarang,Kadang-kadang,Tidak Pernah,Tidak Pernah,Sangat Tidak Setuju,Sangat Tidak Setuju,Sangat Tidak Setuju,Tidak Setuju,Tidak Setuju,Sangat Tidak Setuju,Sangat Tidak Setuju,Sangat Tidak Setuju,Sangat Tidak Setuju,Sangat Tidak Setuju,Sangat Setuju,Sangat Setuju,Sangat Tidak Setuju,Sangat Setuju,Sangat Setuju,Sangat Tidak Setuju,Sangat Setuju,Sangat Setuju,Sangat Setuju,Sangat Setuju,Setuju,Sangat Setuju,Setuju,Tidak Setuju,Tidak Setuju,Tidak Setuju,Setuju,Setuju,Tidak Setuju,Setuju,Setuju,Setuju,Setuju,Tidak Setuju,Setuju,Tidak Setuju,Setuju,Setuju,Tidak Setuju,Setuju,7,5,4,4,1,1,3,7,Nisrina,
05/09/2026 13:20:21,"Ya, Saya bersedia",Azska,082370589969,Banda Aceh,Perempuan,27,SMA,Cerai Hidup,ibu rumah tangga,2.000.000,,,,,Suami saya selingkuh,3,21,23,0,Rumah Sendiri,,,,,,,,Tidak pernah,Tidak Pernah,Kadang-kadang,Kadang-kadang,Kadang-kadang,Jarang,Kadang-kadang,Sering,Kadang-kadang,Jarang,Kadang-kadang,Kadang-kadang,Sering,Kadang-kadang,Kadang-kadang,Sering,Selalu,Selalu,Tidak Pernah,Jarang,Jarang,Kadang-kadang,Sering,Kadang-kadang,Sering,Sering,Selalu,Sering,Sering,Sering,Selalu,Sering,Sering,Selalu,Selalu,Selalu,Selalu,Sering,Sering,Kadang-kadang,Kadang-kadang,Kadang-kadang,Kadang-kadang,Kadang-kadang,Sering,Kadang-kadang,Sering,Selalu,Jarang,Sering,Sering,Jarang,Kadang-kadang,Kadang-kadang,Sangat Tidak Setuju,Sangat Tidak Setuju,Sangat Tidak Setuju,Sangat Tidak Setuju,Sangat Tidak Setuju,Sangat Setuju,Tidak Setuju,Sangat Tidak Setuju,Sangat Tidak Setuju,Sangat Tidak Setuju,Sangat Setuju,Sangat Setuju,Sangat Tidak Setuju,Sangat Setuju,Sangat Setuju,Sangat Tidak Setuju,Sangat Setuju,Sangat Setuju,Sangat Setuju,Sangat Setuju,Sangat Setuju,Sangat Setuju,Sangat Setuju,Sangat Tidak Setuju,Sangat Tidak Setuju,Sangat Setuju,Sangat Setuju,Sangat Setuju,Sangat Tidak Setuju,Sangat Setuju,Sangat Setuju,Sangat Setuju,Sangat Setuju,Sangat Setuju,Sangat Setuju,Sangat Setuju,Sangat Setuju,Sangat Setuju,Sangat Tidak Setuju,Sangat Setuju,6,6,7,8,4,7,8,7,Nasywaa Syifa,
05/09/2026 13:20:38,"Ya, Saya bersedia",RS,081378146110,Banda Aceh,Perempuan,36,S2,Cerai Hidup,guru,6.000.000,,,,,tidak satu visi misi lagi,2,25,26,1,Rumah Sendiri,,,,,,,,Sering,Kadang-kadang,Selalu,Selalu,Selalu,Kadang-kadang,Selalu,Selalu,Selalu,Selalu,Selalu,Selalu,Kadang-kadang,Selalu,Selalu,Selalu,Selalu,Kadang-kadang,Kadang-kadang,Selalu,Selalu,Selalu,Selalu,Selalu,Selalu,Selalu,Selalu,Selalu,Selalu,Selalu,Jarang,Kadang-kadang,Kadang-kadang,Tidak Pernah,Tidak Pernah,Tidak Pernah,Tidak Pernah,Tidak Pernah,Tidak Pernah,Tidak Pernah,Tidak Pernah,Jarang,Kadang-kadang,Tidak Pernah,Kadang-kadang,Kadang-kadang,Kadang-kadang,Kadang-kadang,Tidak Pernah,Jarang,Jarang,Jarang,Jarang,Jarang,Sangat Tidak Setuju,Sangat Tidak Setuju,Sangat Tidak Setuju,Sangat Tidak Setuju,Sangat Tidak Setuju,Sangat Tidak Setuju,Sangat Tidak Setuju,Sangat Tidak Setuju,Sangat Tidak Setuju,Sangat Tidak Setuju,Sangat Setuju,Sangat Setuju,Sangat Tidak Setuju,Sangat Setuju,Sangat Setuju,Sangat Tidak Setuju,Sangat Setuju,Sangat Setuju,Sangat Setuju,Sangat Setuju,Sangat Setuju,Sangat Setuju,Sangat Setuju,Sangat Tidak Setuju,Sangat Tidak Setuju,Sangat Tidak Setuju,Sangat Setuju,Sangat Setuju,Sangat Tidak Setuju,Sangat Setuju,Sangat Setuju,Sangat Setuju,Sangat Setuju,Sangat Tidak Setuju,Sangat Setuju,Sangat Setuju,Sangat Setuju,Sangat Setuju,Sangat Tidak Setuju,Sangat Setuju,9,9,9,4,9,9,4,9,Nisrina,
05/09/2026 13:25:16,"Ya, Saya bersedia",IM,-,"jeulingke, banda aceh",Perempuan,28,S1,Menikah,guru,12.000.000,5,23,1,Rumah Sendiri,,,,,,,,,,,,,,Selalu,Selalu,Selalu,Selalu,Selalu,Selalu,Selalu,Selalu,Selalu,Sering,Selalu,Selalu,Sering,Sering,Selalu,Selalu,Sering,Sering,Sering,Sering,Sering,Selalu,Selalu,Sering,Sering,Sering,Sering,Sering,Sering,Kadang-kadang,Kadang-kadang,Kadang-kadang,Kadang-kadang,Tidak Pernah,Tidak Pernah,Tidak Pernah,Tidak Pernah,Jarang,Jarang,Jarang,Jarang,Jarang,Sering,Kadang-kadang,Kadang-kadang,Kadang-kadang,Kadang-kadang,Sering,Sering,Sering,Selalu,Kadang-kadang,Jarang,Jarang,Tidak Setuju,Tidak Setuju,Tidak Setuju,Setuju,Tidak Setuju,Setuju,Tidak Setuju,Sangat Tidak Setuju,Tidak Setuju,Tidak Setuju,Setuju,Setuju,Sangat Tidak Setuju,Tidak Setuju,Setuju,Tidak Setuju,Sangat Setuju,Setuju,Setuju,Setuju,Tidak Setuju,Setuju,Tidak Setuju,Tidak Setuju,Setuju,Tidak Setuju,Setuju,Tidak Setuju,Tidak Setuju,Setuju,Tidak Setuju,Setuju,Setuju,Tidak Setuju,Tidak Setuju,Setuju,Tidak Setuju,Setuju,Tidak Setuju,Tidak Setuju,9,8,6,7,8,8,5,8,Nisrina,
05/09/2026 13:30:56,"Ya, Saya bersedia",Aulia Maisarah,082175812374,Banda aceh,Perempuan,35,SMA,Menikah,ibu rumah tangga,8.000.000,15 tahun,20,3,Rumah Sendiri,,,,,,,,,,,,,,Jarang,Sering,Jarang,Sering,Sering,Sering,Sering,Sering,Sering,Sering,Sering,Sering,Sering,Selalu,Selalu,Selalu,Kadang-kadang,Kadang-kadang,Sering,Sering,Selalu,Kadang-kadang,Sering,Sering,Kadang-kadang,Kadang-kadang,Sering,Selalu,Selalu,Selalu,Selalu,Sering,Sering,Jarang,Jarang,Jarang,Jarang,Jarang,Sering,Jarang,Jarang,Selalu,Sering,Jarang,Kadang-kadang,Kadang-kadang,Sering,Sering,Kadang-kadang,Sering,Sering,Sering,Jarang,Jarang,Sangat Tidak Setuju,Sangat Tidak Setuju,Sangat Tidak Setuju,Setuju,Sangat Tidak Setuju,Sangat Setuju,Sangat Tidak Setuju,Sangat Tidak Setuju,Setuju,Sangat Setuju,Sangat Setuju,Sangat Tidak Setuju,Sangat Setuju,Sangat Setuju,Sangat Tidak Setuju,Sangat Setuju,Sangat Setuju,Sangat Setuju,Sangat Setuju,Sangat Setuju,Sangat Setuju,Sangat Setuju,Sangat Setuju,Sangat Tidak Setuju,Sangat Tidak Setuju,Sangat Tidak Setuju,Sangat Setuju,Sangat Tidak Setuju,Sangat Tidak Setuju,Sangat Setuju,Sangat Setuju,Sangat Setuju,Sangat Setuju,Sangat Tidak Setuju,Sangat Setuju,Sangat Setuju,Sangat Setuju,Sangat Setuju,Sangat Setuju,Sangat Setuju,8,8,7,5,6,7,6,5,Nasywaa Syifa,
05/09/2026 13:30:59,"Ya, Saya bersedia",R,085361966337,Kp Mulia Banda aceh,Perempuan,37,S1,Menikah,IRT,2.000.000,16,19,3,Rumah Sendiri,,,,,,,,,,,,,,Selalu,Kadang-kadang,Sering,Selalu,Kadang-kadang,Selalu,Sering,Sering,Jarang,Kadang-kadang,Sering,Selalu,Kadang-kadang,Sering,Sering,Sering,Sering,Sering,Kadang-kadang,Sering,Sering,Kadang-kadang,Selalu,Selalu,Kadang-kadang,Kadang-kadang,Sering,Sering,Kadang-kadang,Sering,Sering,Kadang-kadang,Tidak Pernah,Tidak Pernah,Tidak Pernah,Tidak Pernah,Tidak Pernah,Jarang,Jarang,Tidak Pernah,Tidak Pernah,Sering,Sering,Tidak Pernah,Selalu,Sering,Kadang-kadang,Jarang,Kadang-kadang,Kadang-kadang,Jarang,Kadang-kadang,Tidak Pernah,Tidak Pernah,Sangat Tidak Setuju,Tidak Setuju,Tidak Setuju,Setuju,Sangat Tidak Setuju,Sangat Setuju,Tidak Setuju,Sangat Tidak Setuju,Tidak Setuju,Sangat Tidak Setuju,Setuju,Sangat Setuju,Sangat Tidak Setuju,Sangat Setuju,Tidak Setuju,Tidak Setuju,Sangat Setuju,Sangat Setuju,Setuju,Sangat Setuju,Sangat Setuju,Sangat Setuju,Setuju,Sangat Tidak Setuju,Tidak Setuju,Sangat Tidak Setuju,Sangat Setuju,Setuju,Sangat Tidak Setuju,Sangat Setuju,Sangat Tidak Setuju,Sangat Setuju,Setuju,Tidak Setuju,Sangat Setuju,Sangat Setuju,Setuju,Setuju,Tidak Setuju,Setuju,2,1,1,2,10,4,4,1,Nisrina,
05/09/2026 13:35:49,"Ya, Saya bersedia",Nurul,-,Neusu Banda aceh,Perempuan,31,S1,Menikah,PPPK,-,5,26,1,Rumah Keluarga,,,,,,,,,,,,,,Sering,Kadang-kadang,Sering,Sering,Selalu,Selalu,Sering,Sering,Sering,Kadang-kadang,Kadang-kadang,Sering,Kadang-kadang,Sering,Kadang-kadang,Sering,Sering,Sering,Sering,Sering,Sering,Sering,Selalu,Sering,Kadang-kadang,Kadang-kadang,Sering,Sering,Sering,Selalu,Kadang-kadang,Kadang-kadang,Jarang,Kadang-kadang,Tidak Pernah,Tidak Pernah,Jarang,Kadang-kadang,Kadang-kadang,Kadang-kadang,Kadang-kadang,Jarang,Jarang,Tidak Pernah,Kadang-kadang,Kadang-kadang,Kadang-kadang,Jarang,Kadang-kadang,Jarang,Jarang,Jarang,Jarang,Kadang-kadang,Sangat Tidak Setuju,Tidak Setuju,Tidak Setuju,Setuju,Sangat Tidak Setuju,Sangat Setuju,Sangat Tidak Setuju,Sangat Tidak Setuju,Tidak Setuju,Tidak Setuju,Setuju,Sangat Setuju,Sangat Tidak Setuju,Sangat Setuju,Sangat Setuju,Sangat Tidak Setuju,Sangat Setuju,Sangat Setuju,Sangat Setuju,Sangat Setuju,Sangat Setuju,Sangat Setuju,Sangat Setuju,Sangat Tidak Setuju,Sangat Tidak Setuju,Sangat Tidak Setuju,Sangat Setuju,Sangat Setuju,Sangat Tidak Setuju,Sangat Setuju,Sangat Setuju,Sangat Setuju,Setuju,Tidak Setuju,Sangat Setuju,Sangat Setuju,Sangat Setuju,Sangat Setuju,Sangat Tidak Setuju,Setuju,5,6,5,5,6,5,5,5,Nisrina,
05/09/2026 13:39:53,"Ya, Saya bersedia",ST,-,Banda Aceh,Perempuan,45,S1,Menikah,PNS,4.500.000,19,19,5,Rumah Sendiri,,,,,,,,,,,,,,Sering,Sering,Selalu,Selalu,Selalu,Selalu,Selalu,Selalu,Selalu,Selalu,Selalu,Sering,Sering,Selalu,Selalu,Selalu,Selalu,Selalu,Sering,Selalu,Selalu,Selalu,Selalu,Selalu,Selalu,Selalu,Selalu,Selalu,Selalu,Selalu,Tidak Pernah,Tidak Pernah,Tidak Pernah,Tidak Pernah,Tidak Pernah,Tidak Pernah,Tidak Pernah,Jarang,Tidak Pernah,Tidak Pernah,Tidak Pernah,Tidak Pernah,Selalu,Tidak Pernah,Selalu,Kadang-kadang,Kadang-kadang,Tidak Pernah,Tidak Pernah,Jarang,Jarang,Sering,Tidak Pernah,Kadang-kadang,Setuju,Tidak Setuju,Tidak Setuju,Setuju,Tidak Setuju,Sangat Setuju,Setuju,Setuju,Setuju,Tidak Setuju,Tidak Setuju,Setuju,Sangat Tidak Setuju,Setuju,Setuju,Tidak Setuju,Setuju,Setuju,Sangat Setuju,Tidak Setuju,Setuju,Sangat Setuju,Sangat Setuju,Sangat Tidak Setuju,Sangat Tidak Setuju,Tidak Setuju,Setuju,Setuju,Sangat Tidak Setuju,Setuju,Setuju,Sangat Setuju,Tidak Setuju,Tidak Setuju,Setuju,Setuju,Setuju,Setuju,Tidak Setuju,Setuju,8,7,7,8,7,7,6,8,Nisrina,
05/09/2026 13:44:37,"Ya, Saya bersedia",SY,082369308095,banda aceh,Perempuan,56,S1,Menikah,PNS,10.000.000,26,30,2,Rumah Sendiri,,,,,,,,,,,,,,Selalu,Selalu,Selalu,Selalu,Sering,Sering,Selalu,Selalu,Sering,Sering,Selalu,Sering,Kadang-kadang,Selalu,Sering,Selalu,Sering,Sering,Selalu,Selalu,Sering,Sering,Selalu,Sering,Selalu,Kadang-kadang,Kadang-kadang,Sering,Sering,Sering,Tidak Pernah,Tidak Pernah,Tidak Pernah,Tidak Pernah,Tidak Pernah,Tidak Pernah,Tidak Pernah,Jarang,Tidak Pernah,Tidak Pernah,Jarang,Kadang-kadang,Kadang-kadang,Jarang,Jarang,Kadang-kadang,Jarang,Jarang,Tidak Pernah,Jarang,Kadang-kadang,Jarang,Tidak Pernah,Jarang,Sangat Tidak Setuju,Sangat Tidak Setuju,Sangat Tidak Setuju,Setuju,Sangat Tidak Setuju,Sangat Setuju,Sangat Tidak Setuju,Sangat Tidak Setuju,Sangat Tidak Setuju,Sangat Tidak Setuju,Sangat Setuju,Sangat Setuju,Sangat Tidak Setuju,Sangat Setuju,Sangat Setuju,Sangat Tidak Setuju,Sangat Setuju,Sangat Tidak Setuju,Sangat Setuju,Sangat Setuju,Setuju,Sangat Setuju,Setuju,Sangat Tidak Setuju,Tidak Setuju,Sangat Tidak Setuju,Sangat Setuju,Setuju,Sangat Tidak Setuju,Tidak Setuju,Setuju,Setuju,Tidak Setuju,Tidak Setuju,Sangat Setuju,Sangat Setuju,Setuju,Setuju,Sangat Setuju,Sangat Setuju,9,9,9,9,7,8,4,7,Nisrina,
05/09/2026 13:50:31,"Ya, Saya bersedia",YZ,082287806428,banda aceh,Perempuan,44,S1,Menikah,Guru,8.000.000,18,26,3,Rumah Sendiri,,,,,,,,,,,,,,Jarang,Sering,Sering,Sering,Sering,Sering,Sering,Sering,Sering,Sering,Sering,Sering,Sering,Sering,Sering,Sering,Sering,Sering,Sering,Sering,Sering,Sering,Sering,Sering,Sering,Sering,Sering,Sering,Sering,Sering,Sering,Sering,Sering,Tidak Pernah,Tidak Pernah,Tidak Pernah,Tidak Pernah,Tidak Pernah,Tidak Pernah,Tidak Pernah,Sering,Tidak Pernah,Tidak Pernah,Tidak Pernah,Jarang,Tidak Pernah,Jarang,Tidak Pernah,Tidak Pernah,Tidak Pernah,Tidak Pernah,Tidak Pernah,Tidak Pernah,Tidak Pernah,Tidak Setuju,Tidak Setuju,Tidak Setuju,Setuju,Tidak Setuju,Setuju,Tidak Setuju,Tidak Setuju,Tidak Setuju,Tidak Setuju,Setuju,Setuju,Tidak Setuju,Setuju,Setuju,Tidak Setuju,Setuju,Setuju,Setuju,Setuju,Setuju,Setuju,Setuju,Tidak Setuju,Tidak Setuju,Tidak Setuju,Setuju,Setuju,Tidak Setuju,Setuju,Setuju,Setuju,Sangat Setuju,Sangat Tidak Setuju,Setuju,Setuju,Setuju,Setuju,Setuju,Setuju,9,9,7,9,7,7,9,7,Nisrina,
05/09/2026 13:58:08,"Ya, Saya bersedia",Egia Natasa Br Ginting,085262802355,Punge,Perempuan,27,S1,Menikah,Karyawan tetap,17.000.000,3,25,1,Rumah Sendiri,,,,,,,,,,,,,,Selalu,Sering,Selalu,Selalu,Selalu,Selalu,Selalu,Sering,Sering,Jarang,Selalu,Sering,Kadang-kadang,Selalu,Kadang-kadang,Selalu,Selalu,Selalu,Selalu,Selalu,Selalu,Sering,Selalu,Sering,Sering,Sering,Sering,Sering,Sering,Sering,Sering,Sering,Kadang-kadang,Jarang,Tidak Pernah,Tidak Pernah,Tidak Pernah,Tidak Pernah,Kadang-kadang,Kadang-kadang,Sering,Selalu,Selalu,Tidak Pernah,Selalu,Selalu,Selalu,Kadang-kadang,Tidak Pernah,Sering,Jarang,Tidak Pernah,Tidak Pernah,Tidak Pernah,Sangat Tidak Setuju,Tidak Setuju,Tidak Setuju,Sangat Setuju,Tidak Setuju,Setuju,Sangat Tidak Setuju,Sangat Tidak Setuju,Tidak Setuju,Sangat Tidak Setuju,Setuju,Sangat Setuju,Sangat Tidak Setuju,Sangat Setuju,Setuju,Sangat Tidak Setuju,Sangat Setuju,Sangat Setuju,Sangat Setuju,Sangat Setuju,Sangat Setuju,Sangat Setuju,Sangat Setuju,Sangat Tidak Setuju,Sangat Tidak Setuju,Sangat Tidak Setuju,Sangat Setuju,Setuju,Sangat Tidak Setuju,Sangat Setuju,Sangat Setuju,Sangat Setuju,Setuju,Sangat Tidak Setuju,Setuju,Setuju,Setuju,Setuju,Tidak Setuju,Setuju,9,10,9,7,9,9,9,9,Nasywaa Syifa,
05/09/2026 13:58:45,"Ya, Saya bersedia",wati,081367657380,Banda Aceh,Perempuan,35,S1,Menikah,guru,3.500.000,12,23,1,Rumah Sendiri,,,,,,,,,,,,,,Selalu,Selalu,Sering,Selalu,Selalu,Selalu,Sering,Selalu,Selalu,Sering,Sering,Sering,Selalu,Selalu,Sering,Selalu,Selalu,Sering,Selalu,Sering,Selalu,Sering,Selalu,Selalu,Sering,Sering,Sering,Selalu,Selalu,Sering,Jarang,Jarang,Kadang-kadang,Jarang,Jarang,Kadang-kadang,Kadang-kadang,Kadang-kadang,Jarang,Tidak Pernah,Jarang,Jarang,Kadang-kadang,Jarang,Jarang,Jarang,Jarang,Kadang-kadang,Kadang-kadang,Kadang-kadang,Jarang,Kadang-kadang,Jarang,Jarang,Tidak Setuju,Sangat Tidak Setuju,Sangat Tidak Setuju,Sangat Tidak Setuju,Tidak Setuju,Tidak Setuju,Tidak Setuju,Tidak Setuju,Tidak Setuju,Tidak Setuju,Sangat Tidak Setuju,Sangat Tidak Setuju,Sangat Tidak Setuju,Tidak Setuju,Tidak Setuju,Sangat Tidak Setuju,Tidak Setuju,Tidak Setuju,Tidak Setuju,Sangat Tidak Setuju,Tidak Setuju,Sangat Tidak Setuju,Sangat Tidak Setuju,Sangat Tidak Setuju,Tidak Setuju,Sangat Tidak Setuju,Sangat Tidak Setuju,Tidak Setuju,Sangat Tidak Setuju,Tidak Setuju,Sangat Tidak Setuju,Sangat Tidak Setuju,Sangat Tidak Setuju,Tidak Setuju,Tidak Setuju,Sangat Tidak Setuju,Sangat Tidak Setuju,Sangat Tidak Setuju,Sangat Tidak Setuju,Tidak Setuju,7,9,6,5,7,7,6,6,Nasywaa Syifa,
05/09/2026 14:03:18,"Ya, Saya bersedia",Intan Yurika,082318976233,Punge,Perempuan,33,SMA,Menikah,-,6.000.000,9,24,2,Rumah Sendiri,,,,,,,,,,,,,,Sering,Jarang,Sering,Sering,Selalu,Selalu,Sering,Selalu,Selalu,Selalu,Sering,Sering,Selalu,Sering,Sering,Sering,Sering,Sering,Kadang-kadang,Sering,Sering,Sering,Selalu,Sering,Sering,Sering,Kadang-kadang,Selalu,Sering,Sering,Kadang-kadang,Kadang-kadang,Jarang,Jarang,Tidak Pernah,Tidak Pernah,Jarang,Jarang,Kadang-kadang,Jarang,Kadang-kadang,Jarang,Jarang,Tidak Pernah,Tidak Pernah,Jarang,Jarang,Kadang-kadang,Jarang,Jarang,Kadang-kadang,Sering,Kadang-kadang,Sering,Sangat Tidak Setuju,Setuju,Tidak Setuju,Sangat Setuju,Sangat Tidak Setuju,Sangat Setuju,Tidak Setuju,Sangat Tidak Setuju,Setuju,Sangat Tidak Setuju,Sangat Setuju,Sangat Setuju,Sangat Tidak Setuju,Sangat Setuju,Sangat Setuju,Sangat Tidak Setuju,Sangat Setuju,Sangat Setuju,Sangat Setuju,Sangat Setuju,Sangat Setuju,Sangat Setuju,Setuju,Sangat Tidak Setuju,Sangat Tidak Setuju,Sangat Tidak Setuju,Sangat Setuju,Setuju,Sangat Tidak Setuju,Setuju,Sangat Setuju,Sangat Setuju,Setuju,Sangat Tidak Setuju,Sangat Setuju,Sangat Setuju,Setuju,Sangat Setuju,Sangat Tidak Setuju,Setuju,7,6,6,2,6,7,7,7,Nasywaa Syifa,
05/09/2026 14:07:57,"Ya, Saya bersedia",S,-,Pango,Perempuan,52,SMA,Menikah,ibu rumah tangga,1.000 000,12,40,1,Rumah Keluarga,,,,,,,,,,,,,,Kadang-kadang,Sering,Kadang-kadang,Sering,Sering,Selalu,Selalu,Kadang-kadang,Kadang-kadang,Selalu,Selalu,Sering,Kadang-kadang,Sering,Selalu,Selalu,Sering,Selalu,Selalu,Sering,Selalu,Selalu,Selalu,Sering,Sering,Sering,Sering,Selalu,Selalu,Sering,Tidak Pernah,Tidak Pernah,Tidak Pernah,Tidak Pernah,Tidak Pernah,Tidak Pernah,Tidak Pernah,Jarang,Jarang,Tidak Pernah,Tidak Pernah,Kadang-kadang,Sering,Tidak Pernah,Sering,Sering,Tidak Pernah,Tidak Pernah,Jarang,Jarang,Kadang-kadang,Tidak Pernah,Tidak Pernah,Tidak Pernah,Sangat Tidak Setuju,Tidak Setuju,Tidak Setuju,Sangat Tidak Setuju,Sangat Tidak Setuju,Sangat Tidak Setuju,Sangat Tidak Setuju,Sangat Tidak Setuju,Tidak Setuju,Sangat Tidak Setuju,Setuju,Sangat Setuju,Sangat Tidak Setuju,Tidak Setuju,Sangat Setuju,Tidak Setuju,Sangat Setuju,Sangat Setuju,Sangat Tidak Setuju,Setuju,Tidak Setuju,Sangat Setuju,Sangat Setuju,Sangat Tidak Setuju,Tidak Setuju,Sangat Tidak Setuju,Sangat Setuju,Setuju,Sangat Tidak Setuju,Setuju,Sangat Tidak Setuju,Setuju,Setuju,Tidak Setuju,Setuju,Sangat Setuju,Sangat Setuju,Setuju,Tidak Setuju,Sangat Setuju,7,2,4,4,4,4,1,4,Nasywaa Syifa,
05/09/2026 14:07:59,"Ya, Saya bersedia",Rabiah,085262501112,Punge Blang Cut banda aceh,Perempuan,46,SMA,Menikah,IRT,4.000.000,26,20,4,Rumah Sendiri,,,,,,,,,,,,,,Kadang-kadang,Kadang-kadang,Kadang-kadang,Selalu,Sering,Kadang-kadang,Sering,Selalu,Sering,Kadang-kadang,Sering,Kadang-kadang,Kadang-kadang,Sering,Sering,Kadang-kadang,Kadang-kadang,Kadang-kadang,Kadang-kadang,Sering,Kadang-kadang,Sering,Kadang-kadang,Kadang-kadang,Sering,Sering,Sering,Kadang-kadang,Kadang-kadang,Sering,Jarang,Kadang-kadang,Jarang,Jarang,Jarang,Jarang,Jarang,Jarang,Kadang-kadang,Jarang,Tidak Pernah,Tidak Pernah,Jarang,Tidak Pernah,Jarang,Kadang-kadang,Kadang-kadang,Jarang,Kadang-kadang,Kadang-kadang,Jarang,Jarang,Tidak Pernah,Tidak Pernah,Sangat Tidak Setuju,Sangat Tidak Setuju,Sangat Tidak Setuju,Setuju,Sangat Tidak Setuju,Sangat Setuju,Sangat Tidak Setuju,Sangat Tidak Setuju,Tidak Setuju,Sangat Tidak Setuju,Setuju,Sangat Setuju,Sangat Tidak Setuju,Sangat Setuju,Setuju,Sangat Tidak Setuju,Sangat Setuju,Sangat Setuju,Sangat Setuju,Sangat Setuju,Sangat Setuju,Sangat Setuju,Setuju,Sangat Tidak Setuju,Tidak Setuju,Sangat Tidak Setuju,Setuju,Setuju,Sangat Tidak Setuju,Setuju,Setuju,Setuju,Setuju,Sangat Tidak Setuju,Sangat Setuju,Setuju,Setuju,Setuju,Sangat Tidak Setuju,Setuju,7,7,6,7,5,6,7,7,Nasywaa Syifa,
05/09/2026 14:12:20,"Ya, Saya bersedia",Astuti Ningsih,085211802344,Punge,Perempuan,41,SMA,Menikah,IRT,5.600.000,21,20,3,Rumah Sendiri,,,,,,,,,,,,,,Sering,Kadang-kadang,Sering,Sering,Sering,Kadang-kadang,Kadang-kadang,Jarang,Jarang,Jarang,Sering,Sering,Sering,Kadang-kadang,Sering,Kadang-kadang,Kadang-kadang,Sering,Kadang-kadang,Sering,Sering,Sering,Sering,Kadang-kadang,Kadang-kadang,Jarang,Sering,Selalu,Kadang-kadang,Sering,Jarang,Tidak Pernah,Tidak Pernah,Jarang,Jarang,Tidak Pernah,Jarang,Jarang,Kadang-kadang,Kadang-kadang,Kadang-kadang,Kadang-kadang,Kadang-kadang,Tidak Pernah,Kadang-kadang,Kadang-kadang,Kadang-kadang,Sering,Jarang,Jarang,Jarang,Jarang,Jarang,Jarang,Tidak Setuju,Tidak Setuju,Tidak Setuju,Tidak Setuju,Sangat Tidak Setuju,Sangat Setuju,Sangat Tidak Setuju,Tidak Setuju,Tidak Setuju,Tidak Setuju,Setuju,Setuju,Tidak Setuju,Setuju,Setuju,Tidak Setuju,Setuju,Setuju,Setuju,Setuju,Setuju,Sangat Setuju,Setuju,Tidak Setuju,Tidak Setuju,Tidak Setuju,Setuju,Setuju,Tidak Setuju,Setuju,Setuju,Setuju,Setuju,Tidak Setuju,Setuju,Setuju,Setuju,Setuju,Tidak Setuju,Setuju,5,5,4,4,3,5,4,5,Nasywaa Syifa,
05/09/2026 14:15:18,"Ya, Saya bersedia",LIA,0852210...,Punge,Perempuan,38,S1,Menikah,Usahawan,12.000.000,13,25,3,Rumah Sewa,,,,,,,,,,,,,,Selalu,Sering,Kadang-kadang,Sering,Sering,Sering,Selalu,Selalu,Selalu,Selalu,Sering,Sering,Sering,Selalu,Sering,Sering,Sering,Sering,Sering,Sering,Selalu,Selalu,Selalu,Sering,Sering,Sering,Sering,Sering,Selalu,Selalu,Jarang,Tidak Pernah,Tidak Pernah,Tidak Pernah,Tidak Pernah,Tidak Pernah,Tidak Pernah,Tidak Pernah,Tidak Pernah,Tidak Pernah,Tidak Pernah,Tidak Pernah,Tidak Pernah,Tidak Pernah,Tidak Pernah,Tidak Pernah,Tidak Pernah,Tidak Pernah,Tidak Pernah,Tidak Pernah,Tidak Pernah,Tidak Pernah,Tidak Pernah,Tidak Pernah,Sangat Tidak Setuju,Sangat Tidak Setuju,Sangat Tidak Setuju,Sangat Setuju,Sangat Setuju,Sangat Setuju,Sangat Tidak Setuju,Sangat Tidak Setuju,Sangat Tidak Setuju,Sangat Tidak Setuju,Sangat Setuju,Sangat Setuju,Sangat Tidak Setuju,Sangat Setuju,Sangat Setuju,Sangat Tidak Setuju,Sangat Setuju,Sangat Setuju,Sangat Setuju,Sangat Setuju,Sangat Setuju,Sangat Setuju,Sangat Setuju,Sangat Setuju,Sangat Setuju,Sangat Setuju,Sangat Setuju,Sangat Setuju,Sangat Setuju,Sangat Setuju,Sangat Setuju,Sangat Setuju,Setuju,Tidak Setuju,Sangat Setuju,Sangat Setuju,Sangat Setuju,Setuju,Tidak Setuju,Sangat Setuju,8,8,8,8,8,9,9,10,Nasywaa Syifa,
05/09/2026 14:17:39,"Ya, Saya bersedia",Afifah Marwa,081192321030,Blower,Perempuan,35,S1,Menikah,IRT,4.500.000,12,23,-,Rumah Sewa,,,,,,,,,,,,,,Sering,Jarang,Kadang-kadang,Sering,Sering,Jarang,Kadang-kadang,Jarang,Jarang,Jarang,Sering,Sering,Sering,Jarang,Sering,Kadang-kadang,Kadang-kadang,Sering,Kadang-kadang,Sering,Sering,Sering,Sering,Kadang-kadang,Kadang-kadang,Kadang-kadang,Sering,Selalu,Kadang-kadang,Sering,Jarang,Tidak Pernah,Tidak Pernah,Tidak Pernah,Tidak Pernah,Tidak Pernah,Jarang,Jarang,Jarang,Jarang,Sering,Sering,Sering,Tidak Pernah,Kadang-kadang,Jarang,Sering,Jarang,Jarang,Kadang-kadang,Jarang,Tidak Pernah,Tidak Pernah,Tidak Pernah,Sangat Tidak Setuju,Sangat Tidak Setuju,Sangat Tidak Setuju,Tidak Setuju,Sangat Tidak Setuju,Sangat Setuju,Sangat Tidak Setuju,Tidak Setuju,Tidak Setuju,Tidak Setuju,Setuju,Setuju,Tidak Setuju,Setuju,Setuju,Tidak Setuju,Setuju,Setuju,Setuju,Setuju,Setuju,Sangat Setuju,Setuju,Tidak Setuju,Tidak Setuju,Tidak Setuju,Setuju,Setuju,Tidak Setuju,Setuju,Setuju,Setuju,Setuju,Tidak Setuju,Setuju,Setuju,Setuju,Setuju,Tidak Setuju,Setuju,7,7,4,4,4,5,4,5,Nasywaa Syifa,
05/09/2026 14:22:21,"Ya, Saya bersedia",Aisah Aulia,087815801711,Blower,Perempuan,28,SD,Menikah,karyawan tetap,10.000.000,3,25,1,Rumah Sendiri,,,,,,,,,,,,,,Sering,Kadang-kadang,Selalu,Selalu,Selalu,Selalu,Selalu,Selalu,Selalu,Sering,Sering,Kadang-kadang,Kadang-kadang,Sering,Selalu,Kadang-kadang,Sering,Sering,Sering,Sering,Sering,Sering,Kadang-kadang,Selalu,Selalu,Sering,Kadang-kadang,Kadang-kadang,Sering,Sering,Kadang-kadang,Jarang,Jarang,Tidak Pernah,Tidak Pernah,Tidak Pernah,Tidak Pernah,Tidak Pernah,Jarang,Tidak Pernah,Jarang,Tidak Pernah,Jarang,Tidak Pernah,Jarang,Sering,Kadang-kadang,Tidak Pernah,Jarang,Jarang,Jarang,Jarang,Tidak Pernah,Tidak Pernah,Sangat Tidak Setuju,Sangat Tidak Setuju,Sangat Tidak Setuju,Sangat Setuju,Sangat Tidak Setuju,Sangat Setuju,Sangat Tidak Setuju,Tidak Setuju,Sangat Tidak Setuju,Sangat Tidak Setuju,Setuju,Sangat Setuju,Sangat Tidak Setuju,Sangat Setuju,Setuju,Sangat Setuju,Sangat Setuju,Sangat Setuju,Sangat Setuju,Sangat Setuju,Sangat Setuju,Sangat Setuju,Setuju,Tidak Setuju,Tidak Setuju,Sangat Tidak Setuju,Sangat Tidak Setuju,Setuju,Sangat Tidak Setuju,Setuju,Sangat Setuju,Setuju,Setuju,Sangat Tidak Setuju,Setuju,Setuju,Setuju,Setuju,Sangat Tidak Setuju,Setuju,9,9,9,8,9,9,9,9,Nasywaa Syifa,
05/09/2026 14:30:52,"Ya, Saya bersedia",YS,0813700180...,Banda Aceh,Perempuan,41,S2,Menikah,ibu rumah tangga,7.000.000,13,28,4,Rumah Sendiri,,,,,,,,,,,,,,Selalu,Sering,Kadang-kadang,Sering,Sering,Sering,Selalu,Selalu,Selalu,Selalu,Sering,Sering,Kadang-kadang,Selalu,Sering,Sering,Sering,Sering,Sering,Sering,Selalu,Selalu,Selalu,Sering,Kadang-kadang,Sering,Selalu,Selalu,Sering,Sering,Kadang-kadang,Tidak Pernah,Tidak Pernah,Tidak Pernah,Tidak Pernah,Tidak Pernah,Tidak Pernah,Tidak Pernah,Tidak Pernah,Tidak Pernah,Tidak Pernah,Tidak Pernah,Tidak Pernah,Tidak Pernah,Tidak Pernah,Tidak Pernah,Tidak Pernah,Tidak Pernah,Tidak Pernah,Tidak Pernah,Jarang,Tidak Pernah,Tidak Pernah,Tidak Pernah,Sangat Tidak Setuju,Sangat Tidak Setuju,Sangat Tidak Setuju,Setuju,Sangat Tidak Setuju,Sangat Setuju,Sangat Tidak Setuju,Sangat Tidak Setuju,Sangat Tidak Setuju,Sangat Tidak Setuju,Sangat Setuju,Sangat Setuju,Sangat Tidak Setuju,Sangat Setuju,Sangat Setuju,Sangat Tidak Setuju,Sangat Setuju,Sangat Setuju,Sangat Setuju,Sangat Setuju,Sangat Setuju,Sangat Setuju,Sangat Setuju,Sangat Setuju,Sangat Setuju,Sangat Setuju,Sangat Setuju,Sangat Setuju,Sangat Setuju,Sangat Setuju,Sangat Setuju,Sangat Setuju,Setuju,Sangat Tidak Setuju,Setuju,Setuju,Setuju,Setuju,Tidak Setuju,Sangat Setuju,9,8,9,9,9,9,9,9,Nasywaa Syifa,
05/09/2026 14:34:11,"Ya, Saya bersedia",DH,082360607872,Pango,Perempuan,37,S1,Menikah,Guru,3.000.000,17,20,4,Rumah Sendiri,,,,,,,,,,,,,,Jarang,Jarang,Jarang,Selalu,Selalu,Selalu,Selalu,Selalu,Selalu,Selalu,Selalu,Selalu,Selalu,Selalu,Selalu,Selalu,Selalu,Selalu,Selalu,Selalu,Selalu,Selalu,Selalu,Selalu,Selalu,Selalu,Selalu,Selalu,Selalu,Selalu,Jarang,Tidak Pernah,Tidak Pernah,Tidak Pernah,Tidak Pernah,Tidak Pernah,Tidak Pernah,Tidak Pernah,Tidak Pernah,Tidak Pernah,Jarang,Tidak Pernah,Tidak Pernah,Tidak Pernah,Jarang,Tidak Pernah,Jarang,Tidak Pernah,Tidak Pernah,Tidak Pernah,Tidak Pernah,Tidak Pernah,Tidak Pernah,Jarang,Tidak Setuju,Tidak Setuju,Tidak Setuju,Tidak Setuju,Tidak Setuju,Sangat Setuju,Setuju,Tidak Setuju,Tidak Setuju,Tidak Setuju,Setuju,Setuju,Sangat Tidak Setuju,Setuju,Tidak Setuju,Tidak Setuju,Setuju,Setuju,Setuju,Setuju,Tidak Setuju,Sangat Setuju,Sangat Setuju,Sangat Tidak Setuju,Sangat Tidak Setuju,Sangat Tidak Setuju,Setuju,Tidak Setuju,Sangat Tidak Setuju,Tidak Setuju,Sangat Tidak Setuju,Sangat Setuju,Tidak Setuju,Tidak Setuju,Setuju,Tidak Setuju,Tidak Setuju,Setuju,Tidak Setuju,Setuju,7,6,7,6,6,6,6,6,Nasywaa Syifa,
05/09/2026 14:40:50,"Ya, Saya bersedia",JK,085230305670,banda aceh,Laki-laki,45 thn,SMA,Menikah,wirausaha,3.000.000,7 thn,38 thn,2 anak,Rumah Keluarga,,,,,,,,,,,,,,Sering,Sering,Sering,Sering,Sering,Kadang-kadang,Sering,Sering,Sering,Kadang-kadang,Sering,Sering,Kadang-kadang,Selalu,Sering,Sering,Sering,Sering,Sering,Sering,Sering,Kadang-kadang,Selalu,Kadang-kadang,Sering,Kadang-kadang,Sering,Sering,Selalu,Selalu,Jarang,Tidak Pernah,Tidak Pernah,Tidak Pernah,Tidak Pernah,Tidak Pernah,Jarang,Jarang,Jarang,Jarang,Tidak Pernah,Tidak Pernah,Sering,Sering,Sering,Jarang,Sering,Jarang,Tidak Pernah,Tidak Pernah,Jarang,Tidak Pernah,Tidak Pernah,Tidak Pernah,Sangat Tidak Setuju,Sangat Tidak Setuju,Tidak Setuju,Tidak Setuju,Sangat Tidak Setuju,Setuju,Tidak Setuju,Tidak Setuju,Setuju,Tidak Setuju,Setuju,Setuju,Tidak Setuju,Setuju,Sangat Setuju,Sangat Tidak Setuju,Setuju,Setuju,Setuju,Setuju,Setuju,Setuju,Setuju,Tidak Setuju,Tidak Setuju,Tidak Setuju,Setuju,Setuju,Sangat Tidak Setuju,Sangat Setuju,Sangat Setuju,Setuju,Setuju,Sangat Tidak Setuju,Setuju,Setuju,Setuju,Sangat Setuju,Tidak Setuju,Setuju,8,7,8,7,5,8,8,7,Una,
05/09/2026 14:42:07,"Ya, Saya bersedia",ZR,08116830592,lampeneureut,Perempuan,32,S1,Menikah,Guru,3.000.000,13,19,1,Rumah Sendiri,,,,,,,,,,,,,,Kadang-kadang,Sering,Selalu,Selalu,Selalu,Selalu,Selalu,Selalu,Selalu,Selalu,Selalu,Selalu,Selalu,Selalu,Selalu,Selalu,Selalu,Selalu,Selalu,Selalu,Selalu,Selalu,Selalu,Selalu,Selalu,Selalu,Selalu,Selalu,Selalu,Selalu,Selalu,Selalu,Selalu,Tidak Pernah,Tidak Pernah,Tidak Pernah,Tidak Pernah,Tidak Pernah,Tidak Pernah,Tidak Pernah,Tidak Pernah,Tidak Pernah,Tidak Pernah,Tidak Pernah,Kadang-kadang,Tidak Pernah,Kadang-kadang,Kadang-kadang,Tidak Pernah,Tidak Pernah,Tidak Pernah,Kadang-kadang,Tidak Pernah,Tidak Pernah,Sangat Tidak Setuju,Sangat Tidak Setuju,Sangat Tidak Setuju,Sangat Tidak Setuju,Sangat Tidak Setuju,Sangat Tidak Setuju,Sangat Tidak Setuju,Sangat Tidak Setuju,Sangat Tidak Setuju,Sangat Tidak Setuju,Tidak Setuju,Sangat Setuju,Sangat Tidak Setuju,Sangat Setuju,Sangat Setuju,Sangat Tidak Setuju,Sangat Setuju,Sangat Setuju,Sangat Setuju,Sangat Tidak Setuju,Sangat Setuju,Sangat Setuju,Sangat Setuju,Sangat Tidak Setuju,Sangat Tidak Setuju,Sangat Tidak Setuju,Sangat Setuju,Sangat Setuju,Sangat Tidak Setuju,Sangat Setuju,Sangat Setuju,Setuju,Sangat Setuju,Sangat Tidak Setuju,Sangat Setuju,Sangat Setuju,Sangat Setuju,Sangat Setuju,Sangat Tidak Setuju,Sangat Setuju,7,7,6,6,6,6,6,6,Nasywaa Syifa,
05/09/2026 14:44:19,"Ya, Saya bersedia",SRI,0812....,Pango,Perempuan,49,S1,Menikah,Karyawan Swasta,10.000.000,17,32,1,Rumah Sendiri,,,,,,,,,,,,,,Sering,Sering,Sering,Sering,Selalu,Sering,Sering,Sering,Sering,Sering,Sering,Sering,Selalu,Selalu,Selalu,Selalu,Selalu,Selalu,Selalu,Selalu,Selalu,Selalu,Selalu,Sering,Sering,Sering,Sering,Sering,Selalu,Selalu,Jarang,Tidak Pernah,Tidak Pernah,Tidak Pernah,Tidak Pernah,Tidak Pernah,Tidak Pernah,Tidak Pernah,Tidak Pernah,Tidak Pernah,Tidak Pernah,Tidak Pernah,Tidak Pernah,Tidak Pernah,Tidak Pernah,Tidak Pernah,Tidak Pernah,Tidak Pernah,Tidak Pernah,Tidak Pernah,Kadang-kadang,Jarang,Jarang,Tidak Pernah,Sangat Tidak Setuju,Sangat Tidak Setuju,Sangat Tidak Setuju,Sangat Setuju,Sangat Tidak Setuju,Sangat Setuju,Sangat Tidak Setuju,Sangat Tidak Setuju,Sangat Setuju,Sangat Tidak Setuju,Sangat Setuju,Sangat Setuju,Sangat Tidak Setuju,Sangat Setuju,Sangat Tidak Setuju,Sangat Tidak Setuju,Sangat Tidak Setuju,Sangat Tidak Setuju,Sangat Setuju,Sangat Setuju,Sangat Setuju,Sangat Setuju,Setuju,Sangat Tidak Setuju,Sangat Tidak Setuju,Sangat Tidak Setuju,Sangat Setuju,Setuju,Sangat Tidak Setuju,Setuju,Sangat Setuju,Sangat Setuju,Setuju,Sangat Tidak Setuju,Sangat Setuju,Sangat Setuju,Setuju,Setuju,Tidak Setuju,Setuju,7,7,7,7,7,4,7,7,Nasywaa Syifa,
05/09/2026 14:47:02,"Ya, Saya bersedia",Dekuong,081360095625,Ie Masen Kaye Adang Banda,Perempuan,46,S1,Menikah,PNS,13.000.000,21,24,2,Rumah Sendiri,,,,,,,,,,,,,,Sering,Jarang,Selalu,Selalu,Selalu,Kadang-kadang,Selalu,Selalu,Selalu,Selalu,Selalu,Selalu,Selalu,Selalu,Selalu,Sering,Selalu,Selalu,Selalu,Selalu,Selalu,Selalu,Selalu,Selalu,Sering,Selalu,Sering,Sering,Selalu,Selalu,Jarang,Jarang,Tidak Pernah,Tidak Pernah,Tidak Pernah,Tidak Pernah,Tidak Pernah,Jarang,Jarang,Tidak Pernah,Sering,Jarang,Jarang,Tidak Pernah,Jarang,Sering,Sering,Sering,Tidak Pernah,Tidak Pernah,Kadang-kadang,Tidak Pernah,Tidak Pernah,Tidak Pernah,Sangat Tidak Setuju,Sangat Tidak Setuju,Sangat Tidak Setuju,Sangat Tidak Setuju,Sangat Tidak Setuju,Sangat Tidak Setuju,Sangat Tidak Setuju,Sangat Tidak Setuju,Sangat Tidak Setuju,Sangat Tidak Setuju,Sangat Setuju,Sangat Setuju,Sangat Setuju,Sangat Setuju,Sangat Setuju,Sangat Tidak Setuju,Sangat Setuju,Sangat Setuju,Sangat Setuju,Sangat Setuju,Sangat Setuju,Sangat Setuju,Sangat Setuju,Sangat Tidak Setuju,Tidak Setuju,Sangat Tidak Setuju,Sangat Setuju,Setuju,Sangat Tidak Setuju,Sangat Setuju,Sangat Setuju,Setuju,Setuju,Sangat Tidak Setuju,Sangat Setuju,Sangat Setuju,Setuju,Sangat Setuju,Sangat Tidak Setuju,Setuju,7,8,8,8,7,8,7,7,Nasywaa Syifa,
05/09/2026 14:48:03,"Ya, Saya bersedia",YA,081216403300,Aceh besar,Perempuan,40 thn,SMA,Menikah,IRT,2.500.000,10 thn,30 thn,3 anak,Rumah Sendiri,,,,,,,,,,,,,,Kadang-kadang,Sering,Sering,Sering,Sering,Sering,Kadang-kadang,Kadang-kadang,Sering,Sering,Kadang-kadang,Kadang-kadang,Kadang-kadang,Selalu,Sering,Sering,Kadang-kadang,Kadang-kadang,Sering,Sering,Kadang-kadang,Kadang-kadang,Sering,Sering,Sering,Sering,Kadang-kadang,Kadang-kadang,Sering,Sering,Kadang-kadang,Kadang-kadang,Tidak Pernah,Tidak Pernah,Tidak Pernah,Tidak Pernah,Kadang-kadang,Jarang,Kadang-kadang,Kadang-kadang,Kadang-kadang,Sering,Sering,Tidak Pernah,Kadang-kadang,Kadang-kadang,Sering,Kadang-kadang,Tidak Pernah,Tidak Pernah,Jarang,Tidak Pernah,Tidak Pernah,Tidak Pernah,Sangat Tidak Setuju,Sangat Tidak Setuju,Sangat Tidak Setuju,Sangat Tidak Setuju,Sangat Tidak Setuju,Sangat Tidak Setuju,Sangat Tidak Setuju,Sangat Tidak Setuju,Setuju,Tidak Setuju,Setuju,Sangat Setuju,Tidak Setuju,Sangat Setuju,Setuju,Tidak Setuju,Setuju,Setuju,Setuju,Setuju,Setuju,Setuju,Setuju,Tidak Setuju,Tidak Setuju,Tidak Setuju,Setuju,Setuju,Setuju,Sangat Setuju,Sangat Setuju,Setuju,Sangat Setuju,Tidak Setuju,Sangat Setuju,Setuju,Setuju,Sangat Setuju,Tidak Setuju,Setuju,5,5,5,4,3,6,6,5,Una,
05/09/2026 14:53:21,"Ya, Saya bersedia",Z,081560606530,Aceh besar,Perempuan,30 thn,SMA,Menikah,IRT,3.000.000,7 thn,23 thn,3 anak,Rumah Keluarga,,,,,,,,,,,,,,Kadang-kadang,Kadang-kadang,Kadang-kadang,Kadang-kadang,Kadang-kadang,Sering,Sering,Sering,Sering,Kadang-kadang,Kadang-kadang,Sering,Sering,Selalu,Sering,Kadang-kadang,Sering,Sering,Kadang-kadang,Sering,Sering,Sering,Sering,Kadang-kadang,Sering,Sering,Kadang-kadang,Sering,Sering,Sering,Jarang,Tidak Pernah,Tidak Pernah,Tidak Pernah,Tidak Pernah,Tidak Pernah,Jarang,Jarang,Jarang,Kadang-kadang,Kadang-kadang,Sering,Sering,Jarang,Sering,Jarang,Kadang-kadang,Jarang,Jarang,Jarang,Kadang-kadang,Tidak Pernah,Tidak Pernah,Tidak Pernah,Sangat Tidak Setuju,Sangat Tidak Setuju,Sangat Tidak Setuju,Sangat Tidak Setuju,Sangat Tidak Setuju,Tidak Setuju,Tidak Setuju,Tidak Setuju,Sangat Setuju,Tidak Setuju,Setuju,Sangat Setuju,Tidak Setuju,Sangat Setuju,Setuju,Setuju,Setuju,Setuju,Setuju,Setuju,Setuju,Setuju,Setuju,Tidak Setuju,Tidak Setuju,Tidak Setuju,Sangat Setuju,Setuju,Setuju,Setuju,Sangat Setuju,Sangat Setuju,Setuju,Tidak Setuju,Sangat Setuju,Setuju,Sangat Setuju,Sangat Setuju,Tidak Setuju,Setuju,5,4,4,5,3,5,5,4,Una,
05/09/2026 14:54:08,"Ya, Saya bersedia",Mutiawati,085260010363,pango,Perempuan,54,S1,Menikah,PNS,5.000.000,28,26,2,Rumah Sendiri,,,,,,,,,,,,,,Sering,Sering,Selalu,Selalu,Selalu,Selalu,Selalu,Selalu,Selalu,Selalu,Selalu,Selalu,Selalu,Selalu,Selalu,Selalu,Selalu,Selalu,Selalu,Selalu,Selalu,Selalu,Selalu,Selalu,Selalu,Selalu,Selalu,Selalu,Selalu,Sering,Kadang-kadang,Tidak Pernah,Tidak Pernah,Tidak Pernah,Tidak Pernah,Tidak Pernah,Tidak Pernah,Tidak Pernah,Kadang-kadang,Tidak Pernah,Tidak Pernah,Jarang,Kadang-kadang,Tidak Pernah,Tidak Pernah,Kadang-kadang,Kadang-kadang,Jarang,Kadang-kadang,Kadang-kadang,Kadang-kadang,Kadang-kadang,Tidak Pernah,Tidak Pernah,Sangat Tidak Setuju,Sangat Tidak Setuju,Sangat Tidak Setuju,Setuju,Sangat Tidak Setuju,Sangat Tidak Setuju,Sangat Tidak Setuju,Sangat Tidak Setuju,Sangat Tidak Setuju,Sangat Tidak Setuju,Sangat Setuju,Sangat Setuju,Sangat Tidak Setuju,Sangat Setuju,Sangat Setuju,Sangat Tidak Setuju,Sangat Setuju,Sangat Setuju,Sangat Setuju,Sangat Setuju,Sangat Setuju,Sangat Setuju,Sangat Setuju,Sangat Tidak Setuju,Sangat Tidak Setuju,Sangat Tidak Setuju,Sangat Setuju,Sangat Setuju,Sangat Tidak Setuju,Sangat Setuju,Sangat Setuju,Sangat Setuju,Setuju,Sangat Tidak Setuju,Sangat Setuju,Sangat Setuju,Sangat Setuju,Sangat Setuju,Sangat Setuju,Sangat Setuju,10,10,10,9,8,9,9,8,Nasywaa Syifa,
05/09/2026 14:56:37,"Ya, Saya bersedia",GM,0823.....,Jln. Syiah Kuala,Perempuan,51,S1,Menikah,ibu rumah tangga,7.000.000,27,24,5,Rumah Sewa,,,,,,,,,,,,,,Tidak pernah,Tidak Pernah,Jarang,Tidak Pernah,Selalu,Kadang-kadang,Selalu,Selalu,Selalu,Sering,Selalu,Selalu,Sering,Selalu,Sering,Sering,Sering,Sering,Sering,Sering,Selalu,Sering,Sering,Sering,Sering,Sering,Sering,Sering,Sering,Sering,Sering,Sering,Sering,Tidak Pernah,Tidak Pernah,Tidak Pernah,Tidak Pernah,Tidak Pernah,Tidak Pernah,Tidak Pernah,Jarang,Kadang-kadang,Kadang-kadang,Kadang-kadang,Jarang,Jarang,Jarang,Jarang,Kadang-kadang,Kadang-kadang,Tidak Pernah,Tidak Pernah,Tidak Pernah,Tidak Pernah,Sangat Tidak Setuju,Sangat Tidak Setuju,Sangat Tidak Setuju,Sangat Setuju,Sangat Tidak Setuju,Sangat Tidak Setuju,Sangat Tidak Setuju,Sangat Tidak Setuju,Sangat Tidak Setuju,Sangat Tidak Setuju,Sangat Tidak Setuju,Sangat Tidak Setuju,Sangat Tidak Setuju,Sangat Tidak Setuju,Sangat Tidak Setuju,Sangat Tidak Setuju,Sangat Tidak Setuju,Sangat Tidak Setuju,Sangat Tidak Setuju,Sangat Tidak Setuju,Sangat Setuju,Sangat Setuju,Tidak Setuju,Sangat Tidak Setuju,Sangat Tidak Setuju,Sangat Tidak Setuju,Sangat Setuju,Sangat Tidak Setuju,Tidak Setuju,Tidak Setuju,Tidak Setuju,Tidak Setuju,Tidak Setuju,Tidak Setuju,Tidak Setuju,Tidak Setuju,Tidak Setuju,Setuju,Setuju,Setuju,7,7,8,6,10,7,7,7,Nasywaa Syifa,
05/09/2026 14:59:23,"Ya, Saya bersedia",ZR,-,pango b aceh,Perempuan,54,S1,Menikah,pns,3.500.000,29,25,3,Rumah Sendiri,,,,,,,,,,,,,,Sering,Kadang-kadang,Selalu,Selalu,Selalu,Selalu,Selalu,Selalu,Selalu,Selalu,Selalu,Selalu,Selalu,Selalu,Selalu,Selalu,Selalu,Selalu,Selalu,Selalu,Selalu,Selalu,Selalu,Selalu,Selalu,Selalu,Kadang-kadang,Selalu,Selalu,Selalu,Sering,Tidak Pernah,Tidak Pernah,Tidak Pernah,Tidak Pernah,Tidak Pernah,Tidak Pernah,Tidak Pernah,Tidak Pernah,Tidak Pernah,Tidak Pernah,Tidak Pernah,Tidak Pernah,Tidak Pernah,Tidak Pernah,Tidak Pernah,Tidak Pernah,Tidak Pernah,Tidak Pernah,Tidak Pernah,Tidak Pernah,Jarang,Tidak Pernah,Tidak Pernah,Sangat Tidak Setuju,Sangat Tidak Setuju,Sangat Tidak Setuju,Sangat Tidak Setuju,Sangat Tidak Setuju,Sangat Tidak Setuju,Sangat Tidak Setuju,Sangat Tidak Setuju,Sangat Tidak Setuju,Sangat Tidak Setuju,Sangat Setuju,Sangat Setuju,Sangat Tidak Setuju,Sangat Setuju,Sangat Setuju,Sangat Tidak Setuju,Sangat Setuju,Sangat Setuju,Sangat Setuju,Sangat Tidak Setuju,Sangat Setuju,Sangat Setuju,Sangat Setuju,Sangat Tidak Setuju,Sangat Tidak Setuju,Sangat Tidak Setuju,Sangat Setuju,Sangat Setuju,Sangat Tidak Setuju,Sangat Setuju,Sangat Tidak Setuju,Setuju,Sangat Setuju,Sangat Tidak Setuju,Sangat Setuju,Sangat Setuju,Sangat Setuju,Sangat Setuju,Sangat Tidak Setuju,Sangat Setuju,7,7,7,6,6,6,6,6,Nasywaa Syifa,
05/09/2026 19:52:55,"Ya, Saya bersedia",FS,085277401775,Banda Aceh,Perempuan,51,S1,Menikah,Wiraswasta,5.000.000,25,26,4,Rumah Sendiri,,,,,,,,,,,,,,Kadang-kadang,Jarang,Sering,Sering,Sering,Sering,Sering,Sering,Sering,Sering,Sering,Sering,Kadang-kadang,Sering,Sering,Sering,Sering,Sering,Sering,Sering,Sering,Sering,Sering,Sering,Sering,Sering,Sering,Sering,Sering,Sering,Jarang,Kadang-kadang,Tidak Pernah,Tidak Pernah,Tidak Pernah,Jarang,Jarang,Tidak Pernah,Kadang-kadang,Tidak Pernah,Kadang-kadang,Jarang,Jarang,Tidak Pernah,Jarang,Jarang,Kadang-kadang,Kadang-kadang,Kadang-kadang,Kadang-kadang,Kadang-kadang,Tidak Pernah,Tidak Pernah,Tidak Pernah,Sangat Tidak Setuju,Sangat Tidak Setuju,Sangat Tidak Setuju,Setuju,Sangat Tidak Setuju,Sangat Setuju,Sangat Tidak Setuju,Tidak Setuju,Tidak Setuju,Sangat Tidak Setuju,Setuju,Setuju,Tidak Setuju,Setuju,Setuju,Sangat Setuju,Sangat Setuju,Setuju,Setuju,Setuju,Sangat Setuju,Tidak Setuju,Setuju,Tidak Setuju,Tidak Setuju,Tidak Setuju,Setuju,Setuju,Tidak Setuju,Setuju,Setuju,Setuju,Setuju,Tidak Setuju,Sangat Setuju,Sangat Setuju,Setuju,Setuju,Tidak Setuju,Setuju,4,5,4,3,4,6,4,4,Dhiya,
05/09/2026 20:05:05,"Ya, Saya bersedia",RIANI,08536200...,Meuraxa,Perempuan,38,S2,Menikah,Karyawan Swasta,13.000.000,13,25,4,Rumah Sendiri,,,,,,,,,,,,,,Selalu,Sering,Sering,Sering,Selalu,Selalu,Sering,Selalu,Selalu,Selalu,Selalu,Selalu,Selalu,Selalu,Selalu,Selalu,Selalu,Selalu,Selalu,Selalu,Selalu,Jarang,Selalu,Selalu,Sering,Sering,Sering,Sering,Sering,Sering,Sering,Kadang-kadang,Kadang-kadang,Tidak Pernah,Tidak Pernah,Tidak Pernah,Tidak Pernah,Tidak Pernah,Jarang,Tidak Pernah,Tidak Pernah,Tidak Pernah,Tidak Pernah,Tidak Pernah,Tidak Pernah,Tidak Pernah,Tidak Pernah,Tidak Pernah,Tidak Pernah,Tidak Pernah,Tidak Pernah,Tidak Pernah,Tidak Pernah,Tidak Pernah,Sangat Tidak Setuju,Sangat Tidak Setuju,Sangat Tidak Setuju,Sangat Tidak Setuju,Sangat Tidak Setuju,Sangat Tidak Setuju,Sangat Tidak Setuju,Sangat Tidak Setuju,Sangat Tidak Setuju,Sangat Tidak Setuju,Setuju,Setuju,Sangat Tidak Setuju,Setuju,Setuju,Tidak Setuju,Tidak Setuju,Setuju,Setuju,Setuju,Sangat Setuju,Sangat Setuju,Setuju,Tidak Setuju,Tidak Setuju,Tidak Setuju,Setuju,Setuju,Tidak Setuju,Setuju,Setuju,Setuju,Setuju,Tidak Setuju,Setuju,Setuju,Setuju,Setuju,Setuju,Setuju,7,8,8,7,7,7,7,9,Nasywaa Syifa,
05/09/2026 20:12:25,"Ya, Saya bersedia",RN,-,Banda Aceh,Perempuan,43,S2,Menikah,ibu rumah tangga,10.000.000,22,21,2,Rumah Sendiri,,,,,,,,,,,,,,Sering,Kadang-kadang,Sering,Sering,Sering,Sering,Sering,Sering,Sering,Sering,Sering,Sering,Sering,Sering,Sering,Sering,Sering,Sering,Sering,Sering,Sering,Sering,Sering,Sering,Sering,Sering,Sering,Sering,Kadang-kadang,Kadang-kadang,Kadang-kadang,Kadang-kadang,Kadang-kadang,Tidak Pernah,Tidak Pernah,Tidak Pernah,Tidak Pernah,Tidak Pernah,Tidak Pernah,Tidak Pernah,Tidak Pernah,Tidak Pernah,Tidak Pernah,Tidak Pernah,Tidak Pernah,Tidak Pernah,Tidak Pernah,Tidak Pernah,Kadang-kadang,Jarang,Jarang,Jarang,Kadang-kadang,Kadang-kadang,Sangat Tidak Setuju,Sangat Tidak Setuju,Sangat Tidak Setuju,Sangat Tidak Setuju,Sangat Tidak Setuju,Sangat Setuju,Sangat Tidak Setuju,Sangat Tidak Setuju,Sangat Tidak Setuju,Sangat Tidak Setuju,Sangat Setuju,Sangat Setuju,Sangat Tidak Setuju,Sangat Setuju,Sangat Setuju,Sangat Tidak Setuju,Sangat Setuju,Sangat Setuju,Sangat Setuju,Sangat Setuju,Sangat Setuju,Sangat Setuju,Sangat Tidak Setuju,Sangat Tidak Setuju,Sangat Tidak Setuju,Sangat Setuju,Sangat Setuju,Sangat Setuju,Sangat Setuju,Sangat Tidak Setuju,Sangat Setuju,Sangat Setuju,Sangat Tidak Setuju,Sangat Tidak Setuju,Sangat Setuju,Sangat Tidak Setuju,Sangat Setuju,Sangat Setuju,Sangat Setuju,Sangat Setuju,7,6,7,7,4,8,8,8,Nasywaa Syifa,
05/09/2026 20:24:18,"Ya, Saya bersedia",RIZKA,-,banda aceh,Perempuan,30,S1,Menikah,guru,3.000.000,5,25,2,Rumah Keluarga,,,,,,,,,,,,,,Sering,Sering,Sering,Sering,Kadang-kadang,Jarang,Jarang,Kadang-kadang,Jarang,Kadang-kadang,Jarang,Kadang-kadang,Kadang-kadang,Jarang,Kadang-kadang,Jarang,Kadang-kadang,Jarang,Jarang,Jarang,Jarang,Kadang-kadang,Kadang-kadang,Sering,Sering,Kadang-kadang,Kadang-kadang,Kadang-kadang,Kadang-kadang,Kadang-kadang,Kadang-kadang,Kadang-kadang,Kadang-kadang,Jarang,Tidak Pernah,Tidak Pernah,Tidak Pernah,Tidak Pernah,Jarang,Jarang,Kadang-kadang,Kadang-kadang,Kadang-kadang,Kadang-kadang,Kadang-kadang,Kadang-kadang,Kadang-kadang,Kadang-kadang,Jarang,Tidak Pernah,Kadang-kadang,Sering,Tidak Pernah,Tidak Pernah,Tidak Setuju,Tidak Setuju,Tidak Setuju,Tidak Setuju,Tidak Setuju,Sangat Tidak Setuju,Sangat Tidak Setuju,Tidak Setuju,Setuju,Setuju,Setuju,Setuju,Setuju,Sangat Setuju,Setuju,Sangat Setuju,Setuju,Setuju,Sangat Setuju,Sangat Setuju,Setuju,Setuju,Setuju,Setuju,Tidak Setuju,Setuju,Setuju,Tidak Setuju,Setuju,Tidak Setuju,Setuju,Setuju,Setuju,Tidak Setuju,Tidak Setuju,Tidak Setuju,Tidak Setuju,Tidak Setuju,Tidak Setuju,Tidak Setuju,5,5,5,4,7,4,5,4,Nasywaa Syifa,
05/09/2026 20:30:51,"Ya, Saya bersedia",SN,082277455625,tibang,Perempuan,25,SMA,Menikah,ibu rumah tangga,4.000.000,2,23,-,Rumah Sendiri,,,,,,,,,,,,,,Sering,Kadang-kadang,Sering,Selalu,Sering,Sering,Selalu,Selalu,Selalu,Kadang-kadang,Kadang-kadang,Kadang-kadang,Jarang,Selalu,Kadang-kadang,Selalu,Selalu,Kadang-kadang,Sering,Sering,Selalu,Sering,Selalu,Sering,Sering,Sering,Kadang-kadang,Selalu,Sering,Sering,Sering,Jarang,Jarang,Tidak Pernah,Tidak Pernah,Jarang,Tidak Pernah,Tidak Pernah,Jarang,Kadang-kadang,Jarang,Jarang,Jarang,Kadang-kadang,Tidak Pernah,Jarang,Tidak Pernah,Jarang,Tidak Pernah,Jarang,Jarang,Sering,Jarang,Selalu,Sangat Tidak Setuju,Sangat Tidak Setuju,Sangat Tidak Setuju,Setuju,Sangat Tidak Setuju,Sangat Tidak Setuju,Sangat Tidak Setuju,Sangat Tidak Setuju,Sangat Tidak Setuju,Sangat Tidak Setuju,Sangat Tidak Setuju,Sangat Tidak Setuju,Sangat Setuju,Sangat Setuju,Sangat Setuju,Sangat Tidak Setuju,Sangat Setuju,Sangat Setuju,Sangat Setuju,Sangat Setuju,Sangat Setuju,Sangat Setuju,Setuju,Sangat Tidak Setuju,Sangat Tidak Setuju,Sangat Tidak Setuju,Sangat Setuju,Setuju,Tidak Setuju,Setuju,Sangat Setuju,Sangat Setuju,Sangat Setuju,Sangat Tidak Setuju,Sangat Setuju,Sangat Setuju,Sangat Setuju,Setuju,Sangat Tidak Setuju,Setuju,7,7,7,5,7,7,4,7,Nasywaa Syifa,
05/09/2026 20:38:38,"Ya, Saya bersedia",Alfhi,081396069196,Banda aceh ,Perempuan,26,S2,Menikah,Karyawan BUMN,6.000.000,3,23,1,Rumah Sendiri,,,,,,,,,,,,,,Sering,Kadang-kadang,Sering,Selalu,Selalu,Selalu,Selalu,Selalu,Sering,Kadang-kadang,Sering,Kadang-kadang,Kadang-kadang,Selalu,Selalu,Kadang-kadang,Kadang-kadang,Kadang-kadang,Kadang-kadang,Sering,Kadang-kadang,Kadang-kadang,Sering,Kadang-kadang,Sering,Kadang-kadang,Kadang-kadang,Kadang-kadang,Sering,Sering,Sering,Sering,Sering,Jarang,Tidak Pernah,Tidak Pernah,Jarang,Kadang-kadang,Kadang-kadang,Kadang-kadang,Kadang-kadang,Kadang-kadang,Kadang-kadang,Kadang-kadang,Kadang-kadang,Kadang-kadang,Kadang-kadang,Kadang-kadang,Jarang,Jarang,Tidak Pernah,Tidak Pernah,Tidak Pernah,Tidak Pernah,Tidak Setuju,Sangat Tidak Setuju,Sangat Tidak Setuju,Setuju,Sangat Tidak Setuju,Sangat Tidak Setuju,Sangat Tidak Setuju,Sangat Tidak Setuju,Sangat Setuju,Sangat Tidak Setuju,Sangat Tidak Setuju,Sangat Tidak Setuju,Sangat Tidak Setuju,Sangat Tidak Setuju,Sangat Tidak Setuju,Sangat Tidak Setuju,Sangat Tidak Setuju,Tidak Setuju,Sangat Tidak Setuju,Tidak Setuju,Setuju,Sangat Setuju,Tidak Setuju,Sangat Tidak Setuju,Tidak Setuju,Tidak Setuju,Sangat Setuju,Tidak Setuju,Sangat Tidak Setuju,Sangat Tidak Setuju,Setuju,Sangat Setuju,Setuju,Tidak Setuju,Sangat Setuju,Sangat Setuju,Sangat Setuju,Sangat Setuju,Tidak Setuju,Tidak Setuju,8,8,6,6,7,9,8,8,Nasywaa Syifa,
05/09/2026 20:46:52,"Ya, Saya bersedia",Si,-,banda aceh,Perempuan,24,SMA,Menikah,ibu rumah tangga,5.000.000,6 bulan,24,-,Rumah Keluarga,,,,,,,,,,,,,,Kadang-kadang,Kadang-kadang,Kadang-kadang,Kadang-kadang,Sering,Sering,Selalu,Selalu,Kadang-kadang,Jarang,Kadang-kadang,Kadang-kadang,Kadang-kadang,Kadang-kadang,Kadang-kadang,Kadang-kadang,Sering,Jarang,Kadang-kadang,Jarang,Sering,Sering,Selalu,Kadang-kadang,Sering,Sering,Kadang-kadang,Kadang-kadang,Sering,Kadang-kadang,Sering,Kadang-kadang,Sering,Jarang,Jarang,Jarang,Jarang,Kadang-kadang,Jarang,Jarang,Kadang-kadang,Jarang,Tidak Pernah,Kadang-kadang,Jarang,Kadang-kadang,Jarang,Kadang-kadang,Jarang,Jarang,Jarang,Kadang-kadang,Kadang-kadang,Tidak Pernah,Tidak Setuju,Setuju,Sangat Setuju,Setuju,Tidak Setuju,Sangat Tidak Setuju,Sangat Tidak Setuju,Setuju,Setuju,Setuju,Setuju,Setuju,Tidak Setuju,Tidak Setuju,Setuju,Tidak Setuju,Setuju,Setuju,Tidak Setuju,Setuju,Tidak Setuju,Setuju,Setuju,Tidak Setuju,Tidak Setuju,Tidak Setuju,Setuju,Sangat Setuju,Sangat Tidak Setuju,Setuju,Sangat Tidak Setuju,Setuju,Tidak Setuju,Sangat Tidak Setuju,Setuju,Sangat Tidak Setuju,Setuju,Sangat Tidak Setuju,Sangat Tidak Setuju,Sangat Tidak Setuju,7,6,7,7,4,8,8,8,Nasywaa Syifa,
05/09/2026 20:54:03,"Ya, Saya bersedia",LZ,-,lingke,Perempuan,26,S1,Menikah,ibu rumah tangga,7.000.000,1,25,-,Rumah Sendiri,,,,,,,,,,,,,,Kadang-kadang,Jarang,Sering,Sering,Sering,Sering,Selalu,Sering,Sering,Sering,Kadang-kadang,Kadang-kadang,Sering,Sering,Kadang-kadang,Selalu,Selalu,Selalu,Sering,Sering,Selalu,Selalu,Sering,Sering,Sering,Sering,Jarang,Sering,Sering,Kadang-kadang,Sering,Jarang,Tidak Pernah,Tidak Pernah,Tidak Pernah,Jarang,Tidak Pernah,Tidak Pernah,Jarang,Jarang,Kadang-kadang,Jarang,Kadang-kadang,Jarang,Jarang,Kadang-kadang,Jarang,Jarang,Tidak Pernah,Kadang-kadang,Kadang-kadang,Jarang,Jarang,Sering,Sangat Tidak Setuju,Sangat Tidak Setuju,Sangat Tidak Setuju,Tidak Setuju,Setuju,Tidak Setuju,Tidak Setuju,Sangat Tidak Setuju,Sangat Tidak Setuju,Sangat Tidak Setuju,Tidak Setuju,Tidak Setuju,Tidak Setuju,Sangat Setuju,Setuju,Sangat Setuju,Setuju,Setuju,Setuju,Setuju,Sangat Setuju,Sangat Setuju,Setuju,Sangat Tidak Setuju,Sangat Tidak Setuju,Sangat Tidak Setuju,Sangat Setuju,Setuju,Sangat Setuju,Setuju,Sangat Setuju,Sangat Setuju,Sangat Setuju,Tidak Setuju,Sangat Setuju,Setuju,Setuju,Setuju,Sangat Tidak Setuju,Setuju,8,8,8,5,9,8,5,9,Nasywaa Syifa,
05/09/2026 21:01:29,"Ya, Saya bersedia",AK,085360010118,Banda Aceh,Laki-laki,53,S1,Menikah,PNS,5.000.000,25,28,4,Rumah Sendiri,,,,,,,,,,,,,,Sering,Jarang,Kadang-kadang,Kadang-kadang,Sering,Sering,Sering,Sering,Sering,Selalu,Sering,Sering,Kadang-kadang,Selalu,Sering,Sering,Sering,Sering,Sering,Sering,Kadang-kadang,Sering,Sering,Sering,Sering,Sering,Sering,Sering,Sering,Sering,Kadang-kadang,Tidak Pernah,Tidak Pernah,Tidak Pernah,Tidak Pernah,Tidak Pernah,Tidak Pernah,Tidak Pernah,Jarang,Kadang-kadang,Jarang,Kadang-kadang,Kadang-kadang,Jarang,Kadang-kadang,Kadang-kadang,Kadang-kadang,Kadang-kadang,Jarang,Jarang,Jarang,Tidak Pernah,Tidak Pernah,Tidak Pernah,Sangat Tidak Setuju,Tidak Setuju,Tidak Setuju,Setuju,Tidak Setuju,Sangat Tidak Setuju,Tidak Setuju,Tidak Setuju,Setuju,Tidak Setuju,Setuju,Setuju,Tidak Setuju,Setuju,Tidak Setuju,Tidak Setuju,Setuju,Setuju,Setuju,Setuju,Setuju,Tidak Setuju,Tidak Setuju,Tidak Setuju,Tidak Setuju,Tidak Setuju,Setuju,Tidak Setuju,Sangat Tidak Setuju,Setuju,Setuju,Setuju,Setuju,Tidak Setuju,Setuju,Setuju,Setuju,Setuju,Tidak Setuju,Setuju,3,3,4,3,3,5,4,7,Dhiya,
05/09/2026 21:02:53,"Ya, Saya bersedia",GN,085500214536,Darussalam,Perempuan,27,S1,Menikah,ibu rumah tangga,5.000.000,24,3,1,Rumah Sendiri,,,,,,,,,,,,,,Sering,Kadang-kadang,Selalu,Sering,Selalu,Sering,Sering,Kadang-kadang,Sering,Jarang,Kadang-kadang,Sering,Kadang-kadang,Selalu,Kadang-kadang,Kadang-kadang,Sering,Kadang-kadang,Kadang-kadang,Sering,Kadang-kadang,Selalu,Kadang-kadang,Sering,Selalu,Kadang-kadang,Sering,Selalu,Kadang-kadang,Sering,Jarang,Kadang-kadang,Jarang,Tidak Pernah,Tidak Pernah,Tidak Pernah,Tidak Pernah,Jarang,Jarang,Jarang,Tidak Pernah,Kadang-kadang,Kadang-kadang,Kadang-kadang,Jarang,Jarang,Kadang-kadang,Tidak Pernah,Kadang-kadang,Jarang,Tidak Pernah,Kadang-kadang,Jarang,Kadang-kadang,Sangat Tidak Setuju,Tidak Setuju,Sangat Tidak Setuju,Tidak Setuju,Tidak Setuju,Sangat Setuju,Sangat Tidak Setuju,Sangat Tidak Setuju,Sangat Tidak Setuju,Sangat Tidak Setuju,Sangat Setuju,Sangat Setuju,Sangat Tidak Setuju,Sangat Setuju,Sangat Setuju,Sangat Tidak Setuju,Sangat Setuju,Sangat Setuju,Sangat Setuju,Sangat Setuju,Sangat Setuju,Sangat Setuju,Sangat Setuju,Sangat Tidak Setuju,Sangat Tidak Setuju,Sangat Tidak Setuju,Sangat Setuju,Sangat Setuju,Sangat Setuju,Sangat Tidak Setuju,Sangat Setuju,Sangat Setuju,Sangat Tidak Setuju,Sangat Tidak Setuju,Sangat Setuju,Sangat Tidak Setuju,Sangat Setuju,Sangat Setuju,Sangat Setuju,Sangat Setuju,8,8,7,8,8,8,7,8,Nasywaa Syifa,
05/09/2026 21:09:45,"Ya, Saya bersedia",Siti,081373604035,banda aceh,Perempuan,37,S1,Menikah,PNS,4.500.000,15,22,3,Rumah Sendiri,,,,,,,,,,,,,,Selalu,Selalu,Sering,Selalu,Selalu,Selalu,Sering,Selalu,Selalu,Selalu,Selalu,Sering,Selalu,Selalu,Selalu,Sering,Sering,Selalu,Sering,Selalu,Sering,Sering,Selalu,Selalu,Sering,Selalu,Selalu,Selalu,Selalu,Sering,Jarang,Jarang,Jarang,Jarang,Jarang,Jarang,Kadang-kadang,Kadang-kadang,Jarang,Jarang,Jarang,Jarang,Kadang-kadang,Jarang,Jarang,Kadang-kadang,Jarang,Jarang,Jarang,Jarang,Jarang,Kadang-kadang,Kadang-kadang,Kadang-kadang,Tidak Setuju,Tidak Setuju,Tidak Setuju,Sangat Setuju,Tidak Setuju,Sangat Setuju,Tidak Setuju,Tidak Setuju,Tidak Setuju,Tidak Setuju,Tidak Setuju,Sangat Tidak Setuju,Sangat Tidak Setuju,Sangat Tidak Setuju,Tidak Setuju,Sangat Tidak Setuju,Tidak Setuju,Tidak Setuju,Tidak Setuju,Tidak Setuju,Tidak Setuju,Tidak Setuju,Sangat Tidak Setuju,Sangat Tidak Setuju,Sangat Tidak Setuju,Sangat Tidak Setuju,Sangat Tidak Setuju,Tidak Setuju,Tidak Setuju,Tidak Setuju,Tidak Setuju,Sangat Tidak Setuju,Sangat Tidak Setuju,Tidak Setuju,Tidak Setuju,Sangat Tidak Setuju,Sangat Tidak Setuju,Sangat Tidak Setuju,Sangat Tidak Setuju,Sangat Tidak Setuju,7,8,4,4,7,7,4,7,Nasywaa Syifa,
05/09/2026 21:17:59,"Ya, Saya bersedia",AR,-,banda aceh,Perempuan,35,S1,Menikah,guru,2.000.000,5,30,3,Rumah Sendiri,,,,,,,,,,,,,,Tidak pernah,Jarang,Jarang,Tidak Pernah,Jarang,Kadang-kadang,Jarang,Selalu,Kadang-kadang,Jarang,Kadang-kadang,Jarang,Kadang-kadang,Jarang,Kadang-kadang,Jarang,Kadang-kadang,Jarang,Jarang,Jarang,Jarang,Jarang,Jarang,Kadang-kadang,Kadang-kadang,Jarang,Kadang-kadang,Jarang,Kadang-kadang,Jarang,Kadang-kadang,Jarang,Kadang-kadang,Sering,Kadang-kadang,Kadang-kadang,Kadang-kadang,Sering,Kadang-kadang,Kadang-kadang,Sering,Kadang-kadang,Kadang-kadang,Sering,Kadang-kadang,Sering,Sering,Kadang-kadang,Sering,Sering,Sering,Kadang-kadang,Sering,Sering,Tidak Setuju,Tidak Setuju,Setuju,Tidak Setuju,Tidak Setuju,Setuju,Tidak Setuju,Tidak Setuju,Tidak Setuju,Setuju,Tidak Setuju,Setuju,Tidak Setuju,Sangat Setuju,Tidak Setuju,Sangat Setuju,Sangat Setuju,Sangat Setuju,Sangat Setuju,Tidak Setuju,Setuju,Setuju,Setuju,Tidak Setuju,Tidak Setuju,Tidak Setuju,Tidak Setuju,Sangat Setuju,Sangat Setuju,Tidak Setuju,Sangat Setuju,Sangat Setuju,Setuju,Setuju,Setuju,Tidak Setuju,Sangat Setuju,Sangat Setuju,Tidak Setuju,Sangat Setuju,3,4,3,3,3,4,4,4,Nasywaa Syifa,
05/09/2026 21:38:12,"Ya, Saya bersedia",Marzuki,082273216543,banda aceh,Laki-laki,43,SMA,Cerai Hidup,Pedagang,3.000.000,,,,,Karena masalah perekonomian,10,26,36,2,Rumah Sendiri,,,,,,,,Sering,Sering,Sering,Sering,Kadang-kadang,Sering,Sering,Sering,Sering,Kadang-kadang,Sering,Jarang,Sering,Sering,Sering,Kadang-kadang,Kadang-kadang,Kadang-kadang,Sering,Sering,Kadang-kadang,Sering,Sering,Sering,Kadang-kadang,Kadang-kadang,Jarang,Sering,Sering,Sering,Sering,Kadang-kadang,Sering,Sering,Kadang-kadang,Kadang-kadang,Kadang-kadang,Sering,Kadang-kadang,Kadang-kadang,Jarang,Kadang-kadang,Kadang-kadang,Kadang-kadang,Sering,Kadang-kadang,Jarang,Kadang-kadang,Kadang-kadang,Sering,Sering,Kadang-kadang,Sering,Kadang-kadang,Sangat Setuju,Tidak Setuju,Setuju,Setuju,Setuju,Sangat Setuju,Setuju,Setuju,Setuju,Sangat Setuju,Setuju,Sangat Setuju,Setuju,Setuju,Sangat Setuju,Sangat Setuju,Sangat Setuju,Setuju,Setuju,Setuju,Sangat Setuju,Setuju,Setuju,Setuju,Setuju,Setuju,Sangat Setuju,Setuju,Setuju,Setuju,Setuju,Setuju,Setuju,Setuju,Setuju,Tidak Setuju,Tidak Setuju,Setuju,Setuju,Setuju,5,5,2,3,4,4,4,5,Nasywaa Syifa,
05/09/2026 21:45:31,"Ya, Saya bersedia",FR,085177184691,Tungkop,Perempuan,26,SMA,Menikah,ibu rumah tangga,3.000.000,4,21,1,Rumah Sendiri,,,,,,,,,,,,,,Sering,Kadang-kadang,Jarang,Kadang-kadang,Kadang-kadang,Kadang-kadang,Sering,Kadang-kadang,Sering,Kadang-kadang,Kadang-kadang,Jarang,Kadang-kadang,Kadang-kadang,Tidak Pernah,Sering,Kadang-kadang,Sering,Kadang-kadang,Kadang-kadang,Sering,Sering,Sering,Kadang-kadang,Kadang-kadang,Kadang-kadang,Jarang,Kadang-kadang,Kadang-kadang,Kadang-kadang,Jarang,Tidak Pernah,Jarang,Jarang,Tidak Pernah,Jarang,Tidak Pernah,Jarang,Kadang-kadang,Tidak Pernah,Jarang,Tidak Pernah,Kadang-kadang,Jarang,Tidak Pernah,Jarang,Jarang,Jarang,Jarang,Jarang,Jarang,Jarang,Jarang,Jarang,Sangat Tidak Setuju,Tidak Setuju,Tidak Setuju,Tidak Setuju,Tidak Setuju,Sangat Setuju,Sangat Tidak Setuju,Sangat Tidak Setuju,Sangat Tidak Setuju,Sangat Tidak Setuju,Sangat Setuju,Sangat Setuju,Sangat Tidak Setuju,Sangat Setuju,Sangat Setuju,Sangat Tidak Setuju,Sangat Setuju,Sangat Setuju,Sangat Setuju,Sangat Setuju,Sangat Setuju,Sangat Setuju,Sangat Setuju,Sangat Tidak Setuju,Sangat Tidak Setuju,Sangat Tidak Setuju,Sangat Setuju,Sangat Setuju,Sangat Setuju,Sangat Tidak Setuju,Sangat Setuju,Sangat Setuju,Sangat Tidak Setuju,Sangat Tidak Setuju,Sangat Setuju,Sangat Tidak Setuju,Sangat Setuju,Sangat Setuju,Setuju,Sangat Setuju,6,6,6,6,6,6,6,6,Nasywaa Syifa,
05/09/2026 21:52:10,"Ya, Saya bersedia",FS,081399331876,banda aceh,Perempuan,25,S1,Menikah,ibu rumah tangga,3.500.000,3,22,-,Rumah Sewa,,,,,,,,,,,,,,Sering,Kadang-kadang,Jarang,Kadang-kadang,Kadang-kadang,Kadang-kadang,Sering,Kadang-kadang,Sering,Sering,Kadang-kadang,Jarang,Sering,Sering,Tidak Pernah,Sering,Kadang-kadang,Sering,Kadang-kadang,Kadang-kadang,Sering,Sering,Sering,Kadang-kadang,Kadang-kadang,Kadang-kadang,Jarang,Kadang-kadang,Kadang-kadang,Kadang-kadang,Jarang,Kadang-kadang,Jarang,Jarang,Tidak Pernah,Jarang,Tidak Pernah,Kadang-kadang,Tidak Pernah,Jarang,Tidak Pernah,Kadang-kadang,Jarang,Tidak Pernah,Jarang,Jarang,Jarang,Jarang,Jarang,Jarang,Jarang,Jarang,Jarang,Jarang,Sangat Tidak Setuju,Tidak Setuju,Tidak Setuju,Tidak Setuju,Sangat Tidak Setuju,Sangat Setuju,Sangat Tidak Setuju,Sangat Tidak Setuju,Sangat Tidak Setuju,Sangat Tidak Setuju,Sangat Setuju,Sangat Setuju,Sangat Tidak Setuju,Sangat Setuju,Sangat Setuju,Sangat Tidak Setuju,Sangat Setuju,Sangat Setuju,Sangat Setuju,Sangat Setuju,Sangat Setuju,Sangat Setuju,Sangat Setuju,Sangat Tidak Setuju,Sangat Tidak Setuju,Sangat Tidak Setuju,Sangat Setuju,Sangat Setuju,Sangat Setuju,Sangat Tidak Setuju,Sangat Setuju,Sangat Setuju,Sangat Tidak Setuju,Sangat Tidak Setuju,Sangat Setuju,Sangat Tidak Setuju,Sangat Setuju,Sangat Setuju,Setuju,Sangat Setuju,6,6,6,6,6,6,6,6,Nasywaa Syifa,
05/09/2026 22:00:00,"Ya, Saya bersedia",AF,082180308254,banda aceh,Laki-laki,27,SMA,Menikah,buruh,1.500.000,7,20,3,Rumah Keluarga,,,,,,,,,,,,,,Tidak pernah,Jarang,Jarang,Tidak Pernah,Jarang,Kadang-kadang,Jarang,Selalu,Kadang-kadang,Jarang,Kadang-kadang,Jarang,Kadang-kadang,Jarang,Kadang-kadang,Jarang,Kadang-kadang,Jarang,Jarang,Jarang,Jarang,Jarang,Kadang-kadang,Kadang-kadang,Jarang,Kadang-kadang,Jarang,Kadang-kadang,Jarang,Kadang-kadang,Jarang,Kadang-kadang,Jarang,Sering,Kadang-kadang,Kadang-kadang,Kadang-kadang,Sering,Kadang-kadang,Kadang-kadang,Sering,Kadang-kadang,Kadang-kadang,Sering,Kadang-kadang,Sering,Sering,Kadang-kadang,Sering,Sering,Sering,Kadang-kadang,Sering,Sering,Tidak Setuju,Tidak Setuju,Setuju,Tidak Setuju,Tidak Setuju,Setuju,Tidak Setuju,Tidak Setuju,Tidak Setuju,Setuju,Tidak Setuju,Setuju,Tidak Setuju,Sangat Setuju,Sangat Setuju,Tidak Setuju,Sangat Setuju,Sangat Setuju,Sangat Setuju,Tidak Setuju,Setuju,Setuju,Setuju,Tidak Setuju,Tidak Setuju,Tidak Setuju,Sangat Setuju,Sangat Setuju,Tidak Setuju,Sangat Setuju,Sangat Setuju,Sangat Setuju,Sangat Setuju,Tidak Setuju,Sangat Tidak Setuju,Tidak Setuju,Sangat Setuju,Sangat Setuju,Tidak Setuju,Sangat Setuju,2,4,3,3,3,2,2,3,Nasywaa Syifa,
05/09/2026 22:06:15,"Ya, Saya bersedia",NR,082161098266,banda aceh,Laki-laki,26,S1,Menikah,guru,4.500.000,2,24,-,Rumah Sendiri,,,,,,,,,,,,,,Sering,Kadang-kadang,Sering,Sering,Sering,Sering,Sering,Sering,Sering,Kadang-kadang,Sering,Sering,Kadang-kadang,Sering,Kadang-kadang,Sering,Sering,Sering,Sering,Sering,Kadang-kadang,Sering,Sering,Sering,Sering,Sering,Kadang-kadang,Kadang-kadang,Kadang-kadang,Kadang-kadang,Jarang,Kadang-kadang,Jarang,Jarang,Tidak Pernah,Tidak Pernah,Tidak Pernah,Jarang,Tidak Pernah,Jarang,Jarang,Tidak Pernah,Tidak Pernah,Tidak Pernah,Tidak Pernah,Tidak Pernah,Tidak Pernah,Tidak Pernah,Kadang-kadang,Jarang,Jarang,Kadang-kadang,Tidak Pernah,Jarang,Sangat Tidak Setuju,Sangat Tidak Setuju,Sangat Tidak Setuju,Sangat Tidak Setuju,Sangat Tidak Setuju,Sangat Setuju,Sangat Tidak Setuju,Sangat Tidak Setuju,Sangat Tidak Setuju,Sangat Tidak Setuju,Sangat Setuju,Sangat Setuju,Sangat Tidak Setuju,Sangat Setuju,Sangat Setuju,Sangat Tidak Setuju,Sangat Setuju,Sangat Setuju,Sangat Setuju,Sangat Setuju,Sangat Setuju,Sangat Setuju,Sangat Setuju,Sangat Tidak Setuju,Sangat Tidak Setuju,Sangat Tidak Setuju,Sangat Setuju,Sangat Setuju,Sangat Setuju,Sangat Tidak Setuju,Sangat Setuju,Sangat Setuju,Sangat Tidak Setuju,Sangat Tidak Setuju,Sangat Setuju,Sangat Tidak Setuju,Sangat Setuju,Sangat Setuju,Sangat Setuju,Sangat Setuju,6,6,4,7,7,7,7,7,Nasywaa Syifa,
05/09/2026 22:13:28,"Ya, Saya bersedia",Nadira,-,banda aceh ,Perempuan,28,SMA,Menikah,ibu rumah tangga,2.000.000,5,24,2,Rumah Keluarga,,,,,,,,,,,,,,Tidak pernah,Jarang,Jarang,Tidak Pernah,Jarang,Kadang-kadang,Jarang,Selalu,Kadang-kadang,Jarang,Kadang-kadang,Jarang,Kadang-kadang,Jarang,Kadang-kadang,Jarang,Kadang-kadang,Jarang,Jarang,Jarang,Jarang,Jarang,Kadang-kadang,Kadang-kadang,Jarang,Kadang-kadang,Jarang,Kadang-kadang,Jarang,Kadang-kadang,Jarang,Kadang-kadang,Jarang,Sering,Kadang-kadang,Kadang-kadang,Kadang-kadang,Kadang-kadang,Sering,Kadang-kadang,Kadang-kadang,Sering,Kadang-kadang,Kadang-kadang,Sering,Kadang-kadang,Sering,Sering,Sering,Sering,Sering,Kadang-kadang,Sering,Sering,Tidak Setuju,Tidak Setuju,Setuju,Tidak Setuju,Tidak Setuju,Setuju,Tidak Setuju,Tidak Setuju,Tidak Setuju,Setuju,Tidak Setuju,Setuju,Tidak Setuju,Sangat Setuju,Sangat Setuju,Tidak Setuju,Sangat Setuju,Sangat Setuju,Sangat Setuju,Tidak Setuju,Setuju,Setuju,Setuju,Tidak Setuju,Tidak Setuju,Tidak Setuju,Sangat Setuju,Sangat Setuju,Tidak Setuju,Sangat Setuju,Sangat Setuju,Sangat Setuju,Setuju,Setuju,Tidak Setuju,Tidak Setuju,Setuju,Setuju,Tidak Setuju,Setuju,4,4,4,4,4,4,4,4,Nasywaa Syifa,
05/09/2026 22:18:42,"Ya, Saya bersedia",ZR,-,banda aceh,Laki-laki,32,SMA,Menikah,buruh,4.000.000,2,30,1,Rumah Sewa,,,,,,,,,,,,,,Sering,Kadang-kadang,Sering,Sering,Sering,Sering,Sering,Sering,Sering,Kadang-kadang,Sering,Sering,Kadang-kadang,Sering,Kadang-kadang,Sering,Sering,Sering,Sering,Sering,Sering,Sering,Sering,Selalu,Selalu,Selalu,Selalu,Selalu,Selalu,Selalu,Tidak Pernah,Jarang,Tidak Pernah,Jarang,Jarang,Jarang,Tidak Pernah,Jarang,Jarang,Jarang,Tidak Pernah,Tidak Pernah,Tidak Pernah,Tidak Pernah,Tidak Pernah,Tidak Pernah,Jarang,Jarang,Jarang,Jarang,Jarang,Jarang,Jarang,Jarang,Sangat Tidak Setuju,Tidak Setuju,Tidak Setuju,Tidak Setuju,Tidak Setuju,Sangat Setuju,Sangat Tidak Setuju,Sangat Tidak Setuju,Sangat Tidak Setuju,Sangat Tidak Setuju,Sangat Setuju,Sangat Setuju,Sangat Tidak Setuju,Sangat Setuju,Sangat Setuju,Sangat Tidak Setuju,Sangat Setuju,Sangat Setuju,Sangat Setuju,Sangat Setuju,Sangat Setuju,Sangat Setuju,Sangat Setuju,Sangat Tidak Setuju,Sangat Tidak Setuju,Sangat Tidak Setuju,Sangat Setuju,Sangat Setuju,Sangat Setuju,Sangat Tidak Setuju,Sangat Setuju,Sangat Setuju,Sangat Tidak Setuju,Sangat Tidak Setuju,Sangat Setuju,Sangat Tidak Setuju,Sangat Setuju,Sangat Setuju,Sangat Setuju,Sangat Setuju,6,6,6,6,6,6,6,6,Nasywaa Syifa,
05/09/2026 22:25:20,"Ya, Saya bersedia",TS,081350556070,banda aceh,Laki-laki,28,S1,Menikah,masinis,15.000.000,3,25,1,Rumah Sendiri,,,,,,,,,,,,,,Sering,Sering,Sering,Selalu,Sering,Sering,Sering,Selalu,Selalu,Selalu,Sering,Selalu,Kadang-kadang,Selalu,Sering,Selalu,Selalu,Selalu,Kadang-kadang,Selalu,Selalu,Selalu,Selalu,Sering,Kadang-kadang,Kadang-kadang,Kadang-kadang,Sering,Sering,Sering,Sering,Sering,Jarang,Tidak Pernah,Tidak Pernah,Tidak Pernah,Jarang,Tidak Pernah,Kadang-kadang,Kadang-kadang,Kadang-kadang,Jarang,Jarang,Tidak Pernah,Kadang-kadang,Kadang-kadang,Jarang,Kadang-kadang,Kadang-kadang,Kadang-kadang,Kadang-kadang,Tidak Pernah,Jarang,Sering,Sangat Tidak Setuju,Sangat Tidak Setuju,Sangat Tidak Setuju,Setuju,Sangat Tidak Setuju,Sangat Setuju,Tidak Setuju,Sangat Tidak Setuju,Tidak Setuju,Sangat Tidak Setuju,Sangat Setuju,Sangat Setuju,Sangat Tidak Setuju,Sangat Setuju,Sangat Setuju,Sangat Tidak Setuju,Sangat Setuju,Sangat Setuju,Sangat Setuju,Setuju,Setuju,Setuju,Tidak Setuju,Sangat Tidak Setuju,Tidak Setuju,Setuju,Setuju,Tidak Setuju,Setuju,Sangat Tidak Setuju,Sangat Tidak Setuju,Sangat Tidak Setuju,Tidak Setuju,Setuju,Setuju,Tidak Setuju,Sangat Tidak Setuju,Sangat Tidak Setuju,Tidak Setuju,Tidak Setuju,9,8,8,6,6,6,4,6,Nasywaa Syifa,
05/09/2026 22:32:24,"Ya, Saya bersedia",SZ,085219284041,banda aceh,Perempuan,29,S1,Menikah,PNS,4.000.000,4,25,2,Rumah Sendiri,,,,,,,,,,,,,,Sering,Sering,Sering,Selalu,Selalu,Selalu,Selalu,Selalu,Selalu,Selalu,Selalu,Selalu,Sering,Sering,Sering,Sering,Sering,Sering,Sering,Sering,Sering,Sering,Sering,Kadang-kadang,Kadang-kadang,Kadang-kadang,Sering,Sering,Kadang-kadang,Kadang-kadang,Kadang-kadang,Sering,Tidak Pernah,Jarang,Jarang,Jarang,Tidak Pernah,Jarang,Jarang,Jarang,Jarang,Jarang,Kadang-kadang,Jarang,Jarang,Jarang,Jarang,Jarang,Kadang-kadang,Kadang-kadang,Jarang,Tidak Pernah,Tidak Pernah,Tidak Pernah,Sangat Tidak Setuju,Sangat Tidak Setuju,Sangat Tidak Setuju,Sangat Setuju,Sangat Tidak Setuju,Sangat Setuju,Sangat Tidak Setuju,Sangat Tidak Setuju,Tidak Setuju,Tidak Setuju,Sangat Tidak Setuju,Sangat Tidak Setuju,Sangat Tidak Setuju,Sangat Tidak Setuju,Sangat Tidak Setuju,Sangat Setuju,Sangat Tidak Setuju,Sangat Tidak Setuju,Tidak Setuju,Setuju,Sangat Setuju,Sangat Setuju,Setuju,Sangat Tidak Setuju,Setuju,Sangat Tidak Setuju,Sangat Setuju,Setuju,Sangat Tidak Setuju,Sangat Tidak Setuju,Sangat Setuju,Sangat Setuju,Setuju,Sangat Tidak Setuju,Sangat Setuju,Sangat Setuju,Tidak Setuju,Sangat Setuju,Tidak Setuju,Setuju,7,7,7,7,8,8,7,8,Nasywaa Syifa,
05/09/2026 22:38:57,"Ya, Saya bersedia",IF,085260688088,Banda aceh,Perempuan,27,S1,Menikah,PNS,3.500.000,3,24,2,Rumah Sendiri,,,,,,,,,,,,,,Kadang-kadang,Sering,Sering,Selalu,Selalu,Sering,Selalu,Selalu,Sering,Sering,Sering,Sering,Sering,Sering,Sering,Sering,Kadang-kadang,Sering,Kadang-kadang,Sering,Selalu,Selalu,Selalu,Sering,Sering,Sering,Sering,Sering,Sering,Sering,Kadang-kadang,Sering,Jarang,Jarang,Jarang,Jarang,Tidak Pernah,Tidak Pernah,Kadang-kadang,Kadang-kadang,Jarang,Kadang-kadang,Jarang,Tidak Pernah,Jarang,Jarang,Kadang-kadang,Jarang,Jarang,Kadang-kadang,Kadang-kadang,Jarang,Jarang,Jarang,Sangat Tidak Setuju,Sangat Tidak Setuju,Tidak Setuju,Tidak Setuju,Sangat Tidak Setuju,Sangat Tidak Setuju,Sangat Tidak Setuju,Sangat Tidak Setuju,Tidak Setuju,Sangat Tidak Setuju,Sangat Tidak Setuju,Tidak Setuju,Sangat Tidak Setuju,Sangat Tidak Setuju,Sangat Tidak Setuju,Sangat Tidak Setuju,Sangat Setuju,Sangat Tidak Setuju,Tidak Setuju,Setuju,Sangat Setuju,Sangat Setuju,Setuju,Sangat Tidak Setuju,Sangat Tidak Setuju,Sangat Setuju,Setuju,Sangat Tidak Setuju,Sangat Setuju,Sangat Setuju,Sangat Setuju,Sangat Setuju,Setuju,Sangat Tidak Setuju,Sangat Setuju,Sangat Setuju,Tidak Setuju,Setuju,Tidak Setuju,Setuju,8,8,7,8,8,8,8,8,Nasywaa Syifa,
05/09/2026 22:44:22,"Ya, Saya bersedia",putri zahwa,082251216123,banda aceh,Laki-laki,29,S1,Menikah,PNS,4.500.000,5,24,2,Rumah Sendiri,,,,,,,,,,,,,,Kadang-kadang,Jarang,Kadang-kadang,Kadang-kadang,Kadang-kadang,Jarang,Kadang-kadang,Kadang-kadang,Kadang-kadang,Jarang,Kadang-kadang,Jarang,Kadang-kadang,Kadang-kadang,Kadang-kadang,Jarang,Jarang,Kadang-kadang,Kadang-kadang,Jarang,Kadang-kadang,Kadang-kadang,Jarang,Kadang-kadang,Kadang-kadang,Kadang-kadang,Kadang-kadang,Jarang,Kadang-kadang,Kadang-kadang,Jarang,Kadang-kadang,Kadang-kadang,Kadang-kadang,Jarang,Kadang-kadang,Jarang,Jarang,Jarang,Kadang-kadang,Kadang-kadang,Jarang,Kadang-kadang,Jarang,Kadang-kadang,Kadang-kadang,Jarang,Kadang-kadang,Jarang,Jarang,Kadang-kadang,Jarang,Jarang,Kadang-kadang,Tidak Setuju,Tidak Setuju,Tidak Setuju,Setuju,Tidak Setuju,Tidak Setuju,Tidak Setuju,Setuju,Setuju,Setuju,Setuju,Setuju,Setuju,Setuju,Tidak Setuju,Tidak Setuju,Tidak Setuju,Setuju,Setuju,Tidak Setuju,Setuju,Setuju,Setuju,Tidak Setuju,Tidak Setuju,Tidak Setuju,Setuju,Tidak Setuju,Tidak Setuju,Setuju,Setuju,Sangat Setuju,Setuju,Tidak Setuju,Setuju,Setuju,Setuju,Setuju,Tidak Setuju,Setuju,6,5,6,5,3,6,4,5,Nasywaa Syifa,
05/09/2026 22:51:08,"Ya, Saya bersedia",Sri Wahyuni,085241611370,banda aceh,Perempuan,27,S1,Menikah,Pegawai BUMN,7.000.000,3,24,2,Rumah Sewa,,,,,,,,,,,,,,Selalu,Selalu,Selalu,Selalu,Selalu,Selalu,Selalu,Selalu,Selalu,Selalu,Selalu,Selalu,Selalu,Sering,Selalu,Selalu,Selalu,Selalu,Selalu,Selalu,Selalu,Sering,Selalu,Kadang-kadang,Kadang-kadang,Kadang-kadang,Kadang-kadang,Sering,Sering,Kadang-kadang,Kadang-kadang,Kadang-kadang,Kadang-kadang,Tidak Pernah,Tidak Pernah,Tidak Pernah,Sering,Tidak Pernah,Jarang,Jarang,Jarang,Tidak Pernah,Tidak Pernah,Tidak Pernah,Tidak Pernah,Jarang,Jarang,Jarang,Jarang,Jarang,Jarang,Jarang,Tidak Pernah,Tidak Pernah,Sangat Tidak Setuju,Sangat Tidak Setuju,Sangat Tidak Setuju,Sangat Tidak Setuju,Sangat Tidak Setuju,Sangat Setuju,Sangat Tidak Setuju,Tidak Setuju,Setuju,Sangat Tidak Setuju,Sangat Setuju,Setuju,Sangat Tidak Setuju,Sangat Setuju,Sangat Setuju,Sangat Tidak Setuju,Sangat Setuju,Sangat Setuju,Sangat Setuju,Setuju,Sangat Setuju,Sangat Setuju,Setuju,Tidak Setuju,Tidak Setuju,Sangat Tidak Setuju,Sangat Setuju,Setuju,Sangat Tidak Setuju,Setuju,Sangat Setuju,Sangat Setuju,Sangat Setuju,Sangat Tidak Setuju,Sangat Setuju,Sangat Setuju,Setuju,Sangat Setuju,Tidak Setuju,Setuju,8,7,8,7,7,9,9,8,Nasywaa Syifa,
05/09/2026 22:56:38,"Ya, Saya bersedia",Mauliza Assyifa,085270416113,banda aceh,Perempuan,24,S1,Menikah,PNS,4.000.000,1,23,1,Rumah Sendiri,,,,,,,,,,,,,,Kadang-kadang,Kadang-kadang,Selalu,Selalu,Selalu,Selalu,Sering,Selalu,Selalu,Selalu,Selalu,Selalu,Sering,Jarang,Selalu,Selalu,Selalu,Selalu,Sering,Kadang-kadang,Kadang-kadang,Sering,Kadang-kadang,Kadang-kadang,Kadang-kadang,Jarang,Kadang-kadang,Jarang,Jarang,Kadang-kadang,Kadang-kadang,Kadang-kadang,Selalu,Tidak Pernah,Jarang,Tidak Pernah,Tidak Pernah,Tidak Pernah,Kadang-kadang,Tidak Pernah,Tidak Pernah,Tidak Pernah,Tidak Pernah,Jarang,Sering,Sering,Sering,Sering,Tidak Pernah,Selalu,Sering,Selalu,Sering,Sering,Sangat Tidak Setuju,Sangat Tidak Setuju,Sangat Tidak Setuju,Sangat Tidak Setuju,Sangat Tidak Setuju,Sangat Setuju,Sangat Tidak Setuju,Sangat Tidak Setuju,Setuju,Sangat Tidak Setuju,Sangat Setuju,Sangat Setuju,Sangat Tidak Setuju,Sangat Setuju,Sangat Setuju,Sangat Tidak Setuju,Sangat Setuju,Sangat Setuju,Sangat Setuju,Sangat Setuju,Sangat Setuju,Sangat Setuju,Setuju,Tidak Setuju,Setuju,Sangat Tidak Setuju,Sangat Setuju,Setuju,Sangat Tidak Setuju,Sangat Setuju,Sangat Setuju,Sangat Setuju,Tidak Setuju,Sangat Setuju,Sangat Setuju,Sangat Setuju,Sangat Setuju,Sangat Setuju,Sangat Tidak Setuju,Sangat Setuju,3,4,6,5,4,9,3,5,Nasywaa Syifa,
05/09/2026 23:26:54,"Ya, Saya bersedia",UB,085277452885,Banda Aceh ,Laki-laki,40 tahun,SMA,Menikah,Wiraswasta,2.500.000,13 tahun,27 tahun,3,Rumah Sewa,,,,,,,,,,,,,,Kadang-kadang,Sering,Kadang-kadang,Kadang-kadang,Sering,Kadang-kadang,Kadang-kadang,Sering,Sering,Sering,Sering,Sering,Kadang-kadang,Kadang-kadang,Sering,Kadang-kadang,Sering,Kadang-kadang,Sering,Jarang,Jarang,Kadang-kadang,Kadang-kadang,Kadang-kadang,Jarang,Kadang-kadang,Kadang-kadang,Jarang,Jarang,Kadang-kadang,Jarang,Kadang-kadang,Kadang-kadang,Kadang-kadang,Kadang-kadang,Jarang,Jarang,Jarang,Kadang-kadang,Kadang-kadang,Jarang,Sering,Sering,Kadang-kadang,Sering,Kadang-kadang,Sering,Sering,Jarang,Kadang-kadang,Sering,Sering,Kadang-kadang,Jarang,Tidak Setuju,Setuju,Setuju,Setuju,Tidak Setuju,Tidak Setuju,Tidak Setuju,Tidak Setuju,Setuju,Tidak Setuju,Setuju,Setuju,Tidak Setuju,Setuju,Setuju,Setuju,Tidak Setuju,Tidak Setuju,Tidak Setuju,Setuju,Tidak Setuju,Tidak Setuju,Tidak Setuju,Setuju,Setuju,Setuju,Setuju,Tidak Setuju,Setuju,Tidak Setuju,Tidak Setuju,Setuju,Setuju,Setuju,Setuju,Setuju,Setuju,Setuju,Setuju,Setuju,4,4,3,2,3,2,7,3,Dhiya,
06/09/2026 6:40:22,"Ya, Saya bersedia",RAG,082275941088,Aceh Tengah,Perempuan,32,S2,Menikah,Guru,Rp.6.500.000,5 tahun,27 tahun,1,Rumah Keluarga,,,,,,,,,,,,,,Selalu,Selalu,Selalu,Selalu,Selalu,Jarang,Selalu,Selalu,Selalu,Selalu,Selalu,Selalu,Selalu,Selalu,Selalu,Selalu,Selalu,Selalu,Selalu,Selalu,Selalu,Selalu,Selalu,Selalu,Selalu,Selalu,Selalu,Selalu,Selalu,Selalu,Selalu,Jarang,Tidak Pernah,Tidak Pernah,Tidak Pernah,Tidak Pernah,Tidak Pernah,Tidak Pernah,Jarang,Jarang,Jarang,Jarang,Kadang-kadang,Tidak Pernah,Kadang-kadang,Selalu,Selalu,Kadang-kadang,Tidak Pernah,Tidak Pernah,Kadang-kadang,Sering,Tidak Pernah,Tidak Pernah,Sangat Tidak Setuju,Sangat Setuju,Sangat Tidak Setuju,Sangat Tidak Setuju,Sangat Tidak Setuju,Sangat Tidak Setuju,Sangat Tidak Setuju,Sangat Tidak Setuju,Sangat Tidak Setuju,Sangat Tidak Setuju,Sangat Setuju,Sangat Tidak Setuju,Sangat Tidak Setuju,Sangat Tidak Setuju,Sangat Tidak Setuju,Sangat Tidak Setuju,Sangat Setuju,Sangat Setuju,Sangat Setuju,Sangat Setuju,Sangat Setuju,Sangat Setuju,Sangat Setuju,Sangat Tidak Setuju,Sangat Tidak Setuju,Sangat Tidak Setuju,Sangat Setuju,Sangat Setuju,Sangat Tidak Setuju,Sangat Setuju,Sangat Setuju,Sangat Setuju,Sangat Setuju,Sangat Tidak Setuju,Sangat Setuju,Sangat Setuju,Sangat Setuju,Sangat Setuju,Sangat Setuju,Sangat Setuju,2,5,5,8,10,9,7,3,Talitha,
06/09/2026 9:28:17,"Ya, Saya bersedia",W,085260081821,Pango raya,Laki-laki,42,SMA,Menikah,Karyawan Swasta,2.000.000,11,31,1,Rumah Keluarga,,,,,,,,,,,,,,Tidak pernah,Tidak Pernah,Tidak Pernah,Tidak Pernah,Sering,Kadang-kadang,Selalu,Sering,Sering,Sering,Selalu,Sering,Sering,Selalu,Sering,Sering,Selalu,Selalu,Selalu,Selalu,Sering,Sering,Sering,Sering,Sering,Sering,Sering,Sering,Selalu,Selalu,Tidak Pernah,Tidak Pernah,Tidak Pernah,Tidak Pernah,Tidak Pernah,Tidak Pernah,Tidak Pernah,Tidak Pernah,Tidak Pernah,Tidak Pernah,Tidak Pernah,Tidak Pernah,Tidak Pernah,Tidak Pernah,Tidak Pernah,Tidak Pernah,Tidak Pernah,Tidak Pernah,Tidak Pernah,Tidak Pernah,Tidak Pernah,Tidak Pernah,Tidak Pernah,Tidak Pernah,Sangat Tidak Setuju,Tidak Setuju,Tidak Setuju,Sangat Setuju,Sangat Tidak Setuju,Sangat Setuju,Sangat Tidak Setuju,Tidak Setuju,Tidak Setuju,Sangat Tidak Setuju,Setuju,Sangat Setuju,Sangat Tidak Setuju,Sangat Setuju,Setuju,Tidak Setuju,Sangat Setuju,Setuju,Sangat Setuju,Sangat Setuju,Sangat Setuju,Sangat Setuju,Setuju,Sangat Tidak Setuju,Tidak Setuju,Tidak Setuju,Sangat Setuju,Setuju,Sangat Tidak Setuju,Setuju,Setuju,Setuju,Setuju,Tidak Setuju,Sangat Setuju,Setuju,Setuju,Setuju,Tidak Setuju,Setuju,8,8,7,7,7,7,7,8,Nasywaa Syifa,
06/09/2026 9:34:29,"Ya, Saya bersedia",Fitri Yani,081249485216,Banda Aceh,Perempuan,32,S1,Menikah,PNS,4.500.000,6,26,4,Rumah Sendiri,,,,,,,,,,,,,,Kadang-kadang,Tidak Pernah,Sering,Selalu,Selalu,Sering,Selalu,Kadang-kadang,Kadang-kadang,Selalu,Sering,Jarang,Sering,Selalu,Sering,Selalu,Sering,Sering,Sering,Sering,Sering,Sering,Jarang,Sering,Sering,Sering,Kadang-kadang,Kadang-kadang,Sering,Kadang-kadang,Jarang,Kadang-kadang,Jarang,Tidak Pernah,Tidak Pernah,Jarang,Tidak Pernah,Jarang,Kadang-kadang,Kadang-kadang,Kadang-kadang,Jarang,Kadang-kadang,Kadang-kadang,Kadang-kadang,Jarang,Tidak Pernah,Tidak Pernah,Kadang-kadang,Kadang-kadang,Jarang,Selalu,Jarang,Tidak Pernah,Sangat Tidak Setuju,Tidak Setuju,Setuju,Tidak Setuju,Sangat Tidak Setuju,Sangat Tidak Setuju,Setuju,Tidak Setuju,Setuju,Sangat Tidak Setuju,Sangat Tidak Setuju,Sangat Tidak Setuju,Sangat Tidak Setuju,Sangat Tidak Setuju,Setuju,Tidak Setuju,Tidak Setuju,Setuju,Tidak Setuju,Setuju,Setuju,Setuju,Sangat Setuju,Setuju,Tidak Setuju,Setuju,Tidak Setuju,Tidak Setuju,Setuju,Sangat Setuju,Sangat Setuju,Sangat Setuju,Setuju,Setuju,Sangat Setuju,Sangat Setuju,Sangat Setuju,Setuju,Setuju,Tidak Setuju,7,9,5,5,4,2,3,6,Nasywaa Syifa,
06/09/2026 9:40:12,"Ya, Saya bersedia",Citra,085370212674,Banda Aceh,Perempuan,32,S1,Menikah,guru,10.000.000,7,25,2,Rumah Sendiri,,,,,,,,,,,,,,Selalu,Selalu,Selalu,Sering,Sering,Sering,Sering,Kadang-kadang,Kadang-kadang,Kadang-kadang,Sering,Kadang-kadang,Sering,Jarang,Jarang,Jarang,Kadang-kadang,Sering,Jarang,Jarang,Kadang-kadang,Jarang,Kadang-kadang,Jarang,Kadang-kadang,Jarang,Jarang,Jarang,Jarang,Kadang-kadang,Sering,Jarang,Jarang,Sering,Sering,Kadang-kadang,Selalu,Kadang-kadang,Kadang-kadang,Sering,Kadang-kadang,Kadang-kadang,Sering,Kadang-kadang,Sering,Sering,Kadang-kadang,Kadang-kadang,Kadang-kadang,Sering,Kadang-kadang,Selalu,Selalu,Kadang-kadang,Sangat Tidak Setuju,Sangat Tidak Setuju,Sangat Tidak Setuju,Sangat Setuju,Sangat Setuju,Sangat Setuju,Sangat Tidak Setuju,Tidak Setuju,Setuju,Sangat Tidak Setuju,Sangat Setuju,Sangat Setuju,Sangat Tidak Setuju,Sangat Setuju,Sangat Setuju,Sangat Tidak Setuju,Sangat Setuju,Sangat Setuju,Sangat Setuju,Sangat Setuju,Sangat Setuju,Sangat Setuju,Sangat Setuju,Sangat Tidak Setuju,Sangat Tidak Setuju,Sangat Setuju,Sangat Setuju,Sangat Setuju,Sangat Tidak Setuju,Sangat Setuju,Sangat Setuju,Sangat Setuju,Sangat Setuju,Sangat Tidak Setuju,Sangat Setuju,Sangat Setuju,Sangat Setuju,Sangat Setuju,Sangat Tidak Setuju,Sangat Setuju,9,8,9,8,7,8,7,7,Nasywaa Syifa,
06/09/2026 9:47:49,"Ya, Saya bersedia",Fira Maulia,085270436212,"Pineng, Banda Aceh",Perempuan,30,S2,Cerai Hidup,Karyawan BUMN,10.000.000,,,,,selingkuh,2,28,30,-,Rumah Sendiri,,,,,,,,Selalu,Kadang-kadang,Sering,Selalu,Selalu,Jarang,Jarang,Kadang-kadang,Jarang,Tidak Pernah,Tidak Pernah,Tidak Pernah,Jarang,Tidak Pernah,Tidak Pernah,Jarang,Tidak Pernah,Jarang,Jarang,Jarang,Kadang-kadang,Kadang-kadang,Sering,Tidak Pernah,Kadang-kadang,Tidak Pernah,Jarang,Jarang,Kadang-kadang,Jarang,Tidak Pernah,Jarang,Tidak Pernah,Sering,Kadang-kadang,Kadang-kadang,Kadang-kadang,Jarang,Sering,Jarang,Kadang-kadang,Tidak Pernah,Sering,Jarang,Sering,Sering,Kadang-kadang,Sering,Jarang,Sering,Jarang,Tidak Pernah,Tidak Pernah,Selalu,Sangat Tidak Setuju,Tidak Setuju,Tidak Setuju,Tidak Setuju,Sangat Tidak Setuju,Sangat Tidak Setuju,Sangat Tidak Setuju,Tidak Setuju,Setuju,Sangat Tidak Setuju,Sangat Setuju,Sangat Setuju,Sangat Tidak Setuju,Sangat Setuju,Tidak Setuju,Sangat Tidak Setuju,Sangat Setuju,Sangat Setuju,Sangat Setuju,Sangat Setuju,Setuju,Setuju,Sangat Setuju,Sangat Tidak Setuju,Tidak Setuju,Sangat Setuju,Setuju,Setuju,Tidak Setuju,Sangat Setuju,Setuju,Setuju,Sangat Setuju,Sangat Tidak Setuju,Setuju,Setuju,Setuju,Sangat Setuju,Sangat Tidak Setuju,Sangat Setuju,9,9,9,9,9,9,1,9,Nasywaa Syifa,
06/09/2026 9:53:58,"Ya, Saya bersedia",PD,081212520654,banda aceh,Perempuan,25,S2,Cerai Hidup,dosen,15.000.000,,,,,tidak cocok (LDR),2,22,24,2,Rumah Sendiri,,,,,,,,Sering,Sering,Jarang,Jarang,Jarang,Jarang,Jarang,Jarang,Kadang-kadang,Jarang,Tidak Pernah,Jarang,Kadang-kadang,Jarang,Jarang,Jarang,Kadang-kadang,Jarang,Jarang,Jarang,Selalu,Selalu,Selalu,Tidak Pernah,Selalu,Selalu,Tidak Pernah,Tidak Pernah,Jarang,Tidak Pernah,Tidak Pernah,Tidak Pernah,Tidak Pernah,Tidak Pernah,Tidak Pernah,Tidak Pernah,Tidak Pernah,Kadang-kadang,Jarang,Tidak Pernah,Tidak Pernah,Kadang-kadang,Tidak Pernah,Kadang-kadang,Sering,Tidak Pernah,Sering,Tidak Pernah,Sering,Sering,Sering,Sering,Tidak Pernah,Tidak Pernah,Sangat Tidak Setuju,Tidak Setuju,Tidak Setuju,Setuju,Sangat Tidak Setuju,Sangat Tidak Setuju,Sangat Tidak Setuju,Sangat Tidak Setuju,Sangat Tidak Setuju,Sangat Tidak Setuju,Sangat Setuju,Sangat Setuju,Sangat Tidak Setuju,Sangat Tidak Setuju,Sangat Setuju,Sangat Tidak Setuju,Sangat Setuju,Sangat Setuju,Sangat Setuju,Sangat Setuju,Sangat Setuju,Sangat Setuju,Sangat Setuju,Sangat Tidak Setuju,Sangat Tidak Setuju,Sangat Tidak Setuju,Sangat Setuju,Sangat Setuju,Sangat Tidak Setuju,Sangat Setuju,Sangat Setuju,Sangat Setuju,Sangat Setuju,Sangat Tidak Setuju,Sangat Setuju,Sangat Setuju,Sangat Setuju,Sangat Setuju,Sangat Tidak Setuju,Sangat Setuju,8,9,8,8,8,9,8,9,Nasywaa Syifa,
06/09/2026 9:59:16,"Ya, Saya bersedia",M,081229112181,Tungkop,Perempuan,30,S2,Menikah,dosen,10.000.000,1,29,-,Rumah Sendiri,,,,,,,,,,,,,,Selalu,Sering,Selalu,Selalu,Selalu,Selalu,Selalu,Selalu,Selalu,Selalu,Selalu,Selalu,Sering,Selalu,Selalu,Sering,Selalu,Selalu,Selalu,Selalu,Selalu,Sering,Sering,Sering,Sering,Sering,Sering,Selalu,Selalu,Sering,Kadang-kadang,Kadang-kadang,Jarang,Jarang,Tidak Pernah,Tidak Pernah,Tidak Pernah,Tidak Pernah,Jarang,Tidak Pernah,Tidak Pernah,Jarang,Tidak Pernah,Tidak Pernah,Jarang,Tidak Pernah,Tidak Pernah,Jarang,Tidak Pernah,Jarang,Jarang,Tidak Pernah,Tidak Pernah,Tidak Pernah,Sangat Tidak Setuju,Sangat Tidak Setuju,Sangat Tidak Setuju,Setuju,Sangat Tidak Setuju,Sangat Setuju,Sangat Tidak Setuju,Sangat Tidak Setuju,Sangat Tidak Setuju,Sangat Tidak Setuju,Setuju,Sangat Setuju,Tidak Setuju,Sangat Setuju,Sangat Setuju,Tidak Setuju,Sangat Setuju,Sangat Setuju,Sangat Setuju,Sangat Setuju,Sangat Setuju,Sangat Setuju,Setuju,Tidak Setuju,Sangat Tidak Setuju,Sangat Tidak Setuju,Sangat Setuju,Setuju,Sangat Tidak Setuju,Sangat Setuju,Sangat Setuju,Sangat Setuju,Setuju,Sangat Tidak Setuju,Sangat Setuju,Sangat Setuju,Setuju,Sangat Setuju,Tidak Setuju,Sangat Setuju,6,7,7,6,6,6,7,7,Nasywaa Syifa,
06/09/2026 10:05:03,"Ya, Saya bersedia",Cut Mawar,082361862026,Banda Aceh,Perempuan,25,S1,Menikah,ibu rumah tangga,5.000.000,2,23,1,Rumah Sendiri,,,,,,,,,,,,,,Sering,Jarang,Selalu,Selalu,Selalu,Sering,Sering,Selalu,Selalu,Sering,Sering,Selalu,Sering,Selalu,Selalu,Selalu,Sering,Sering,Sering,Kadang-kadang,Selalu,Selalu,Sering,Selalu,Sering,Selalu,Selalu,Sering,Selalu,Sering,Sering,Kadang-kadang,Kadang-kadang,Jarang,Tidak Pernah,Tidak Pernah,Tidak Pernah,Tidak Pernah,Jarang,Jarang,Jarang,Jarang,Jarang,Jarang,Kadang-kadang,Kadang-kadang,Kadang-kadang,Kadang-kadang,Jarang,Jarang,Jarang,Kadang-kadang,Jarang,Jarang,Sangat Tidak Setuju,Setuju,Sangat Setuju,Tidak Setuju,Sangat Tidak Setuju,Sangat Tidak Setuju,Sangat Tidak Setuju,Tidak Setuju,Setuju,Sangat Tidak Setuju,Sangat Setuju,Sangat Setuju,Sangat Setuju,Sangat Setuju,Setuju,Sangat Tidak Setuju,Sangat Setuju,Sangat Setuju,Sangat Setuju,Sangat Setuju,Sangat Setuju,Sangat Setuju,Setuju,Sangat Tidak Setuju,Setuju,Sangat Tidak Setuju,Sangat Setuju,Sangat Setuju,Sangat Tidak Setuju,Sangat Setuju,Sangat Setuju,Sangat Setuju,Setuju,Sangat Tidak Setuju,Sangat Setuju,Sangat Setuju,Tidak Setuju,Sangat Setuju,Setuju,Sangat Setuju,4,6,5,5,7,7,6,6,Nasywaa Syifa,
06/09/2026 10:09:48,"Ya, Saya bersedia",Indah,087775924186,Banda Aceh,Perempuan,26,SMA,Menikah,ibu rumah tangga,4.000.000,5,21,2,Rumah Sendiri,,,,,,,,,,,,,,Sering,Sering,Selalu,Selalu,Selalu,Selalu,Sering,Selalu,Selalu,Selalu,Sering,Selalu,Kadang-kadang,Selalu,Selalu,Selalu,Sering,Selalu,Selalu,Sering,Kadang-kadang,Kadang-kadang,Kadang-kadang,Jarang,Kadang-kadang,Selalu,Selalu,Selalu,Selalu,Selalu,Sering,Sering,Selalu,Kadang-kadang,Tidak Pernah,Tidak Pernah,Tidak Pernah,Jarang,Jarang,Kadang-kadang,Sering,Selalu,Selalu,Tidak Pernah,Selalu,Selalu,Selalu,Selalu,Sering,Tidak Pernah,Tidak Pernah,Jarang,Tidak Pernah,Tidak Pernah,Tidak Setuju,Sangat Tidak Setuju,Tidak Setuju,Setuju,Tidak Setuju,Tidak Setuju,Tidak Setuju,Tidak Setuju,Setuju,Tidak Setuju,Tidak Setuju,Sangat Tidak Setuju,Sangat Tidak Setuju,Sangat Tidak Setuju,Tidak Setuju,Sangat Tidak Setuju,Sangat Tidak Setuju,Sangat Tidak Setuju,Sangat Tidak Setuju,Sangat Tidak Setuju,Tidak Setuju,Setuju,Setuju,Tidak Setuju,Setuju,Sangat Tidak Setuju,Sangat Tidak Setuju,Setuju,Sangat Tidak Setuju,Setuju,Sangat Setuju,Sangat Setuju,Setuju,Tidak Setuju,Sangat Setuju,Sangat Setuju,Setuju,Sangat Setuju,Tidak Setuju,Setuju,5,3,3,4,4,4,4,3,Nasywaa Syifa,
06/09/2026 10:17:22,"Ya, Saya bersedia",Putri,082126747682,banda aceh,Perempuan,25,SMA,Menikah,ibu rumah tangga,5.000.000,4,21,1,Rumah Sendiri,,,,,,,,,,,,,,Kadang-kadang,Jarang,Selalu,Selalu,Selalu,Sering,Selalu,Selalu,Selalu,Kadang-kadang,Selalu,Selalu,Kadang-kadang,Sering,Sering,Kadang-kadang,Sering,Sering,Sering,Sering,Selalu,Sering,Selalu,Kadang-kadang,Jarang,Jarang,Sering,Kadang-kadang,Jarang,Kadang-kadang,Sering,Sering,Kadang-kadang,Jarang,Jarang,Jarang,Kadang-kadang,Kadang-kadang,Sering,Kadang-kadang,Kadang-kadang,Kadang-kadang,Kadang-kadang,Jarang,Sering,Tidak Pernah,Tidak Pernah,Jarang,Jarang,Jarang,Jarang,Jarang,Kadang-kadang,Jarang,Sangat Tidak Setuju,Sangat Tidak Setuju,Sangat Tidak Setuju,Sangat Tidak Setuju,Sangat Tidak Setuju,Sangat Setuju,Sangat Tidak Setuju,Sangat Tidak Setuju,Setuju,Sangat Tidak Setuju,Sangat Setuju,Sangat Setuju,Sangat Tidak Setuju,Sangat Setuju,Sangat Setuju,Sangat Tidak Setuju,Sangat Setuju,Sangat Setuju,Sangat Setuju,Sangat Setuju,Sangat Setuju,Sangat Setuju,Sangat Setuju,Sangat Tidak Setuju,Sangat Tidak Setuju,Sangat Tidak Setuju,Sangat Setuju,Sangat Setuju,Sangat Tidak Setuju,Sangat Setuju,Sangat Setuju,Sangat Setuju,Sangat Setuju,Sangat Tidak Setuju,Sangat Setuju,Sangat Setuju,Sangat Setuju,Sangat Setuju,Sangat Tidak Setuju,Sangat Setuju,7,5,7,4,4,7,8,7,Nasywaa Syifa,
06/09/2026 10:25:48,"Ya, Saya bersedia",A,-,Pango raya,Perempuan,30,D-III / D-IV,Menikah,ibu rumah tangga,6.000.000,6,24,1,Rumah Keluarga,,,,,,,,,,,,,,Tidak pernah,Tidak Pernah,Tidak Pernah,Tidak Pernah,Sering,Kadang-kadang,Selalu,Sering,Sering,Sering,Selalu,Sering,Sering,Selalu,Sering,Sering,Selalu,Selalu,Selalu,Selalu,Sering,Sering,Sering,Sering,Sering,Sering,Sering,Sering,Selalu,Selalu,Tidak Pernah,Tidak Pernah,Tidak Pernah,Tidak Pernah,Tidak Pernah,Tidak Pernah,Tidak Pernah,Tidak Pernah,Tidak Pernah,Tidak Pernah,Tidak Pernah,Tidak Pernah,Tidak Pernah,Tidak Pernah,Tidak Pernah,Tidak Pernah,Tidak Pernah,Tidak Pernah,Tidak Pernah,Tidak Pernah,Tidak Pernah,Tidak Pernah,Tidak Pernah,Tidak Pernah,Sangat Tidak Setuju,Tidak Setuju,Tidak Setuju,Sangat Setuju,Sangat Tidak Setuju,Sangat Setuju,Sangat Tidak Setuju,Tidak Setuju,Tidak Setuju,Sangat Tidak Setuju,Setuju,Sangat Setuju,Sangat Tidak Setuju,Sangat Setuju,Setuju,Tidak Setuju,Sangat Setuju,Setuju,Sangat Setuju,Sangat Setuju,Sangat Setuju,Sangat Setuju,Setuju,Sangat Tidak Setuju,Tidak Setuju,Tidak Setuju,Sangat Setuju,Setuju,Sangat Tidak Setuju,Setuju,Setuju,Setuju,Setuju,Tidak Setuju,Sangat Setuju,Setuju,Setuju,Setuju,Tidak Setuju,Sangat Setuju,8,8,7,7,7,7,7,8,Nasywaa Syifa,
06/09/2026 11:58:24,"Ya, Saya bersedia",A,085277674879,Banda Aceh,Perempuan,52,SMA,Pernah Bercerai,karyawan MBG,2.000.000,,,,,,,,,,,ekonomi,30,6,46,6,1,Rumah Sendiri,Jarang,Jarang,Jarang,Jarang,Kadang-kadang,Kadang-kadang,Kadang-kadang,Tidak Pernah,Kadang-kadang,Tidak Pernah,Tidak Pernah,Tidak Pernah,Tidak Pernah,Jarang,Tidak Pernah,Jarang,Jarang,Tidak Pernah,Jarang,Tidak Pernah,Jarang,Jarang,Jarang,Jarang,Tidak Pernah,Tidak Pernah,Tidak Pernah,Tidak Pernah,Selalu,Tidak Pernah,Sering,Jarang,Tidak Pernah,Kadang-kadang,Tidak Pernah,Tidak Pernah,Sering,Selalu,Sering,Sering,Kadang-kadang,Kadang-kadang,Kadang-kadang,Sering,Sering,Sering,Kadang-kadang,Kadang-kadang,Sering,Sering,Kadang-kadang,Sering,Kadang-kadang,Tidak Pernah,Sangat Tidak Setuju,Tidak Setuju,Tidak Setuju,Sangat Tidak Setuju,Tidak Setuju,Sangat Tidak Setuju,Tidak Setuju,Tidak Setuju,Tidak Setuju,Sangat Tidak Setuju,Sangat Tidak Setuju,Sangat Tidak Setuju,Sangat Tidak Setuju,Sangat Tidak Setuju,Tidak Setuju,Sangat Tidak Setuju,Sangat Tidak Setuju,Sangat Tidak Setuju,Sangat Tidak Setuju,Sangat Tidak Setuju,Tidak Setuju,Sangat Setuju,Sangat Tidak Setuju,Sangat Tidak Setuju,Sangat Tidak Setuju,Tidak Setuju,Sangat Setuju,Setuju,Sangat Tidak Setuju,Sangat Setuju,Sangat Setuju,Sangat Setuju,Setuju,Tidak Setuju,Sangat Setuju,Sangat Setuju,Setuju,Setuju,Tidak Setuju,Sangat Setuju,7,7,6,6,6,4,7,6,Nasywaa Syifa,
06/09/2026 12:15:07,"Ya, Saya bersedia",Zulfa,081360001777,Banda Aceh,Perempuan,51 tahun,S2,Menikah,PNS,5000000,26 thn,24 thn,2,Rumah Keluarga,,,,,,,,,,,,,,Sering,Sering,Selalu,Selalu,Sering,Selalu,Sering,Sering,Sering,Kadang-kadang,Sering,Sering,Kadang-kadang,Sering,Kadang-kadang,Kadang-kadang,Kadang-kadang,Sering,Kadang-kadang,Sering,Sering,Sering,Sering,Sering,Sering,Sering,Sering,Sering,Sering,Sering,Kadang-kadang,Kadang-kadang,Kadang-kadang,Jarang,Tidak Pernah,Tidak Pernah,Jarang,Jarang,Kadang-kadang,Tidak Pernah,Jarang,Jarang,Kadang-kadang,Jarang,Sering,Kadang-kadang,Kadang-kadang,Sering,Kadang-kadang,Kadang-kadang,Kadang-kadang,Kadang-kadang,Kadang-kadang,Kadang-kadang,Sangat Tidak Setuju,Sangat Tidak Setuju,Sangat Tidak Setuju,Tidak Setuju,Sangat Tidak Setuju,Sangat Setuju,Sangat Tidak Setuju,Sangat Tidak Setuju,Tidak Setuju,Sangat Tidak Setuju,Sangat Setuju,Sangat Setuju,Sangat Tidak Setuju,Setuju,Setuju,Tidak Setuju,Setuju,Setuju,Sangat Setuju,Sangat Setuju,Setuju,Sangat Setuju,Setuju,Tidak Setuju,Tidak Setuju,Tidak Setuju,Setuju,Tidak Setuju,Tidak Setuju,Setuju,Setuju,Setuju,Tidak Setuju,Tidak Setuju,Setuju,Setuju,Tidak Setuju,Setuju,Setuju,Setuju,7,8,8,5,8,6,4,7,Haiyun Nisa,
06/09/2026 12:29:48,"Ya, Saya bersedia",AA,081373943932,Banda Aceh,Perempuan,36,S1,Menikah,Pekerja,6000000,4 tahun,32,-,Rumah Keluarga,,,,,,,,,,,,,,Sering,Kadang-kadang,Sering,Selalu,Sering,Sering,Sering,Kadang-kadang,Sering,Sering,Selalu,Sering,Kadang-kadang,Sering,Sering,Sering,Sering,Sering,Sering,Sering,Sering,Sering,Selalu,Sering,Sering,Sering,Sering,Selalu,Selalu,Kadang-kadang,Kadang-kadang,Kadang-kadang,Jarang,Tidak Pernah,Tidak Pernah,Tidak Pernah,Tidak Pernah,Jarang,Jarang,Tidak Pernah,Tidak Pernah,Jarang,Jarang,Tidak Pernah,Jarang,Tidak Pernah,Sering,Jarang,Tidak Pernah,Tidak Pernah,Tidak Pernah,Jarang,Tidak Pernah,Tidak Pernah,Sangat Tidak Setuju,Sangat Tidak Setuju,Tidak Setuju,Tidak Setuju,Sangat Tidak Setuju,Sangat Setuju,Sangat Tidak Setuju,Sangat Tidak Setuju,Sangat Tidak Setuju,Sangat Tidak Setuju,Sangat Setuju,Sangat Setuju,Sangat Tidak Setuju,Sangat Setuju,Sangat Setuju,Sangat Setuju,Sangat Setuju,Sangat Setuju,Sangat Setuju,Sangat Setuju,Sangat Setuju,Sangat Setuju,Sangat Setuju,Sangat Tidak Setuju,Sangat Tidak Setuju,Sangat Tidak Setuju,Sangat Setuju,Tidak Setuju,Sangat Tidak Setuju,Sangat Setuju,Sangat Setuju,Sangat Setuju,Setuju,Sangat Tidak Setuju,Sangat Setuju,Sangat Setuju,Setuju,Sangat Setuju,Sangat Tidak Setuju,Setuju,5,5,5,3,3,5,3,3,Nasywaa Syifa,
06/09/2026 18:24:14,"Ya, Saya bersedia",A,-,Lamdingin,Perempuan,36,S1,Menikah,IRT,-,12,24,4,Rumah Sendiri,,,,,,,,,,,,,,Jarang,Kadang-kadang,Kadang-kadang,Sering,Sering,Sering,Sering,Sering,Sering,Sering,Sering,Sering,Sering,Sering,Sering,Sering,Selalu,Sering,Sering,Sering,Sering,Sering,Sering,Kadang-kadang,Sering,Sering,Sering,Sering,Sering,Sering,Jarang,Kadang-kadang,Kadang-kadang,Tidak Pernah,Tidak Pernah,Tidak Pernah,Tidak Pernah,Tidak Pernah,Tidak Pernah,Tidak Pernah,Tidak Pernah,Tidak Pernah,Tidak Pernah,Tidak Pernah,Tidak Pernah,Tidak Pernah,Tidak Pernah,Tidak Pernah,Jarang,Kadang-kadang,Kadang-kadang,Tidak Pernah,Kadang-kadang,Jarang,Sangat Tidak Setuju,Sangat Tidak Setuju,Sangat Tidak Setuju,Sangat Setuju,Sangat Tidak Setuju,Sangat Setuju,Sangat Tidak Setuju,Sangat Tidak Setuju,Sangat Setuju,Sangat Tidak Setuju,Sangat Setuju,Sangat Setuju,Sangat Tidak Setuju,Sangat Setuju,Tidak Setuju,Sangat Tidak Setuju,Sangat Setuju,Sangat Setuju,Sangat Setuju,Sangat Setuju,Sangat Setuju,Sangat Setuju,Sangat Setuju,Sangat Tidak Setuju,Sangat Tidak Setuju,Sangat Tidak Setuju,Setuju,Sangat Setuju,Sangat Tidak Setuju,Sangat Setuju,Sangat Setuju,Sangat Setuju,Sangat Tidak Setuju,Setuju,Sangat Setuju,Sangat Setuju,Setuju,Setuju,Tidak Setuju,Setuju,9,6,6,5,9,5,5,8,Nasywaa Syifa,
06/09/2026 18:30:07,"Ya, Saya bersedia",Devi Herlina,089682215627,pango banda aceh,Perempuan,43,SMA,Menikah,IRT,3.000.000,20,23,4,Rumah Sendiri,,,,,,,,,,,,,,Tidak pernah,Tidak Pernah,Tidak Pernah,Kadang-kadang,Selalu,Selalu,Selalu,Selalu,Selalu,Selalu,Selalu,Selalu,Selalu,Sering,Selalu,Selalu,Selalu,Selalu,Selalu,Selalu,Selalu,Selalu,Selalu,Selalu,Selalu,Kadang-kadang,Kadang-kadang,Selalu,Selalu,Selalu,Sering,Kadang-kadang,Tidak Pernah,Tidak Pernah,Tidak Pernah,Tidak Pernah,Tidak Pernah,Kadang-kadang,Kadang-kadang,Jarang,Jarang,Tidak Pernah,Selalu,Jarang,Kadang-kadang,Tidak Pernah,Tidak Pernah,Tidak Pernah,Tidak Pernah,Tidak Pernah,Tidak Pernah,Tidak Pernah,Tidak Pernah,Tidak Pernah,Tidak Setuju,Tidak Setuju,Sangat Tidak Setuju,Setuju,Sangat Tidak Setuju,Sangat Tidak Setuju,Sangat Tidak Setuju,Setuju,Sangat Setuju,Sangat Tidak Setuju,Sangat Setuju,Sangat Setuju,Sangat Tidak Setuju,Sangat Tidak Setuju,Sangat Tidak Setuju,Sangat Tidak Setuju,Sangat Setuju,Sangat Setuju,Sangat Setuju,Sangat Setuju,Sangat Setuju,Sangat Setuju,Sangat Setuju,Tidak Setuju,Setuju,Sangat Tidak Setuju,Setuju,Setuju,Sangat Tidak Setuju,Setuju,Sangat Setuju,Sangat Setuju,Setuju,Sangat Tidak Setuju,Sangat Setuju,Sangat Setuju,Setuju,Setuju,Sangat Tidak Setuju,Sangat Setuju,9,7,7,4,9,4,4,9,Nasywaa Syifa,
06/09/2026 18:35:08,"Ya, Saya bersedia",Fatmawati,-,ceurih banda aceh,Perempuan,56,SMA,Menikah,IRT,1.000.000,22,34,5,Rumah Sendiri,,,,,,,,,,,,,,Selalu,Kadang-kadang,Selalu,Selalu,Selalu,Selalu,Selalu,Selalu,Selalu,Selalu,Selalu,Selalu,Jarang,Selalu,Kadang-kadang,Selalu,Selalu,Selalu,Selalu,Sering,Selalu,Selalu,Selalu,Selalu,Selalu,Selalu,Selalu,Selalu,Selalu,Selalu,Jarang,Kadang-kadang,Kadang-kadang,Kadang-kadang,Jarang,Kadang-kadang,Tidak Pernah,Tidak Pernah,Tidak Pernah,Tidak Pernah,Selalu,Tidak Pernah,Tidak Pernah,Tidak Pernah,Tidak Pernah,Tidak Pernah,Selalu,Jarang,Tidak Pernah,Tidak Pernah,Kadang-kadang,Tidak Pernah,Jarang,Jarang,Sangat Tidak Setuju,Sangat Tidak Setuju,Sangat Tidak Setuju,Setuju,Sangat Tidak Setuju,Sangat Setuju,Tidak Setuju,Sangat Tidak Setuju,Tidak Setuju,Sangat Tidak Setuju,Sangat Setuju,Sangat Setuju,Sangat Tidak Setuju,Setuju,Sangat Setuju,Sangat Tidak Setuju,Sangat Setuju,Sangat Setuju,Sangat Setuju,Sangat Setuju,Setuju,Sangat Setuju,Setuju,Tidak Setuju,Sangat Tidak Setuju,Sangat Tidak Setuju,Sangat Setuju,Sangat Setuju,Sangat Setuju,Sangat Setuju,Sangat Setuju,Sangat Setuju,Setuju,Sangat Tidak Setuju,Sangat Setuju,Sangat Setuju,Sangat Setuju,Sangat Setuju,Sangat Tidak Setuju,Setuju,7,10,10,4,7,4,1,4,Nasywaa Syifa,
06/09/2026 18:40:07,"Ya, Saya bersedia",Putri,085333116528,Miruk,Perempuan,32,SMA,Menikah,Buruh,2.000.000 ke atas,4,28,1,Rumah Keluarga,,,,,,,,,,,,,,Sering,Sering,Sering,Selalu,Sering,Kadang-kadang,Sering,Sering,Sering,Sering,Sering,Sering,Sering,Sering,Sering,Sering,Sering,Sering,Sering,Sering,Selalu,Selalu,Selalu,Selalu,Sering,Selalu,Selalu,Selalu,Selalu,Sering,Tidak Pernah,Tidak Pernah,Tidak Pernah,Tidak Pernah,Tidak Pernah,Tidak Pernah,Tidak Pernah,Tidak Pernah,Tidak Pernah,Tidak Pernah,Tidak Pernah,Tidak Pernah,Tidak Pernah,Tidak Pernah,Sering,Tidak Pernah,Sering,Tidak Pernah,Tidak Pernah,Tidak Pernah,Tidak Pernah,Tidak Pernah,Tidak Pernah,Tidak Pernah,Sangat Tidak Setuju,Sangat Tidak Setuju,Sangat Tidak Setuju,Setuju,Sangat Tidak Setuju,Sangat Setuju,Sangat Tidak Setuju,Sangat Tidak Setuju,Sangat Tidak Setuju,Sangat Tidak Setuju,Sangat Setuju,Sangat Setuju,Sangat Setuju,Sangat Setuju,Sangat Setuju,Sangat Tidak Setuju,Sangat Setuju,Sangat Setuju,Sangat Setuju,Sangat Setuju,Sangat Setuju,Sangat Setuju,Sangat Setuju,Sangat Tidak Setuju,Sangat Tidak Setuju,Sangat Tidak Setuju,Sangat Setuju,Sangat Setuju,Tidak Setuju,Setuju,Sangat Setuju,Sangat Setuju,Sangat Setuju,Tidak Setuju,Setuju,Sangat Setuju,Setuju,Sangat Setuju,Sangat Tidak Setuju,Sangat Setuju,7,7,7,7,4,7,7,7,Nasywaa Syifa,
06/09/2026 18:46:27,"Ya, Saya bersedia",Darmawati,082165354065,banda aceh,Perempuan,40,S1,Menikah,karyawan swasta,8.000.000,8,32,-,Rumah Keluarga,,,,,,,,,,,,,,Selalu,Sering,Kadang-kadang,Selalu,Kadang-kadang,Jarang,Kadang-kadang,Jarang,Kadang-kadang,Tidak Pernah,Jarang,Sering,Tidak Pernah,Tidak Pernah,Tidak Pernah,Kadang-kadang,Tidak Pernah,Tidak Pernah,Tidak Pernah,Sering,Sering,Selalu,Selalu,Selalu,Selalu,Selalu,Selalu,Sering,Selalu,Selalu,Jarang,Tidak Pernah,Tidak Pernah,Tidak Pernah,Tidak Pernah,Tidak Pernah,Selalu,Selalu,Jarang,Tidak Pernah,Selalu,Selalu,Sering,Selalu,Jarang,Jarang,Tidak Pernah,Kadang-kadang,Tidak Pernah,Selalu,Selalu,Tidak Pernah,Tidak Pernah,Kadang-kadang,Sangat Tidak Setuju,Tidak Setuju,Sangat Tidak Setuju,Setuju,Sangat Tidak Setuju,Sangat Setuju,Sangat Tidak Setuju,Setuju,Sangat Tidak Setuju,Sangat Tidak Setuju,Sangat Setuju,Sangat Setuju,Sangat Tidak Setuju,Sangat Setuju,Sangat Setuju,Sangat Tidak Setuju,Sangat Setuju,Sangat Setuju,Sangat Setuju,Setuju,Sangat Setuju,Sangat Setuju,Sangat Setuju,Sangat Tidak Setuju,Setuju,Sangat Tidak Setuju,Sangat Tidak Setuju,Setuju,Sangat Tidak Setuju,Setuju,Sangat Setuju,Setuju,Sangat Setuju,Sangat Tidak Setuju,Sangat Setuju,Sangat Setuju,Tidak Setuju,Setuju,Sangat Tidak Setuju,Sangat Setuju,10,10,10,10,9,10,10,10,Nasywaa Syifa,
06/09/2026 18:51:41,"Ya, Saya bersedia",DF,083127479440,Mibo Banda Aceh,Laki-laki,34,S1,Menikah,PNS,3.000.000,5,29,2,Rumah Dinas,,,,,,,,,,,,,,Selalu,Selalu,Selalu,Selalu,Selalu,Selalu,Selalu,Selalu,Selalu,Selalu,Selalu,Selalu,Selalu,Selalu,Selalu,Selalu,Selalu,Selalu,Selalu,Selalu,Selalu,Selalu,Selalu,Selalu,Selalu,Selalu,Selalu,Selalu,Selalu,Selalu,Jarang,Jarang,Tidak Pernah,Tidak Pernah,Tidak Pernah,Tidak Pernah,Tidak Pernah,Jarang,Jarang,Tidak Pernah,Tidak Pernah,Tidak Pernah,Tidak Pernah,Tidak Pernah,Tidak Pernah,Tidak Pernah,Kadang-kadang,Jarang,Tidak Pernah,Tidak Pernah,Tidak Pernah,Kadang-kadang,Tidak Pernah,Sering,Sangat Tidak Setuju,Sangat Tidak Setuju,Sangat Tidak Setuju,Sangat Tidak Setuju,Sangat Tidak Setuju,Sangat Setuju,Sangat Tidak Setuju,Sangat Tidak Setuju,Sangat Tidak Setuju,Sangat Tidak Setuju,Sangat Setuju,Sangat Setuju,Sangat Tidak Setuju,Sangat Setuju,Sangat Setuju,Sangat Tidak Setuju,Sangat Setuju,Sangat Setuju,Sangat Setuju,Setuju,Sangat Setuju,Sangat Setuju,Sangat Setuju,Sangat Tidak Setuju,Sangat Tidak Setuju,Sangat Tidak Setuju,Sangat Setuju,Sangat Setuju,Sangat Tidak Setuju,Sangat Setuju,Setuju,Sangat Setuju,Sangat Setuju,Sangat Tidak Setuju,Sangat Setuju,Sangat Setuju,Sangat Setuju,Sangat Setuju,Sangat Tidak Setuju,Sangat Setuju,7,7,6,6,6,6,6,6,Nasywaa Syifa,
06/09/2026 18:56:42,"Ya, Saya bersedia",HN,085358263580,lambhuk banda aceh,Perempuan,41,S1,Menikah,Guru,4.000.000,15,26,3,Rumah Sendiri,,,,,,,,,,,,,,Selalu,Sering,Selalu,Selalu,Selalu,Selalu,Selalu,Selalu,Selalu,Selalu,Selalu,Selalu,Selalu,Selalu,Selalu,Selalu,Selalu,Selalu,Selalu,Selalu,Selalu,Selalu,Selalu,Selalu,Selalu,Selalu,Selalu,Selalu,Selalu,Selalu,Selalu,Selalu,Selalu,Tidak Pernah,Tidak Pernah,Tidak Pernah,Tidak Pernah,Tidak Pernah,Tidak Pernah,Tidak Pernah,Tidak Pernah,Tidak Pernah,Tidak Pernah,Tidak Pernah,Kadang-kadang,Tidak Pernah,Kadang-kadang,Kadang-kadang,Kadang-kadang,Kadang-kadang,Kadang-kadang,Kadang-kadang,Tidak Pernah,Tidak Pernah,Sangat Tidak Setuju,Sangat Tidak Setuju,Sangat Tidak Setuju,Sangat Tidak Setuju,Sangat Tidak Setuju,Sangat Tidak Setuju,Sangat Tidak Setuju,Sangat Tidak Setuju,Sangat Tidak Setuju,Sangat Tidak Setuju,Sangat Setuju,Sangat Setuju,Sangat Tidak Setuju,Sangat Setuju,Sangat Setuju,Sangat Tidak Setuju,Sangat Setuju,Sangat Setuju,Sangat Setuju,Sangat Tidak Setuju,Sangat Setuju,Sangat Setuju,Sangat Setuju,Sangat Tidak Setuju,Sangat Tidak Setuju,Sangat Tidak Setuju,Sangat Setuju,Sangat Setuju,Sangat Tidak Setuju,Sangat Setuju,Sangat Setuju,Sangat Setuju,Sangat Setuju,Sangat Tidak Setuju,Sangat Setuju,Sangat Setuju,Sangat Setuju,Sangat Setuju,Sangat Tidak Setuju,Sangat Setuju,7,7,7,6,6,6,6,6,Nasywaa Syifa,
07/09/2026 9:08:39,"Ya, Saya bersedia",nuna,0811683539,Banda Aceh,Perempuan,57,S3,Menikah,PNS,10 juta,29 tahun,29 tahun,2,Rumah Dinas,,,,,,,,,,,,,,Selalu,Selalu,Sering,Sering,Sering,Kadang-kadang,Selalu,Kadang-kadang,Jarang,Selalu,Selalu,Selalu,Selalu,Selalu,Selalu,Selalu,Selalu,Selalu,Kadang-kadang,Selalu,Selalu,Selalu,Selalu,Selalu,Selalu,Selalu,Selalu,Selalu,Selalu,Selalu,Jarang,Tidak Pernah,Tidak Pernah,Tidak Pernah,Tidak Pernah,Tidak Pernah,Tidak Pernah,Jarang,Tidak Pernah,Tidak Pernah,Tidak Pernah,Tidak Pernah,Tidak Pernah,Tidak Pernah,Tidak Pernah,Tidak Pernah,Tidak Pernah,Jarang,Tidak Pernah,Tidak Pernah,Tidak Pernah,Tidak Pernah,Tidak Pernah,Kadang-kadang,Sangat Tidak Setuju,Sangat Tidak Setuju,Sangat Tidak Setuju,Sangat Setuju,Sangat Tidak Setuju,Sangat Setuju,Sangat Tidak Setuju,Tidak Setuju,Sangat Tidak Setuju,Sangat Tidak Setuju,Setuju,Sangat Setuju,Sangat Tidak Setuju,Sangat Setuju,Setuju,Tidak Setuju,Setuju,Sangat Setuju,Sangat Setuju,Tidak Setuju,Sangat Setuju,Sangat Setuju,Sangat Setuju,Sangat Tidak Setuju,Tidak Setuju,Sangat Tidak Setuju,Sangat Setuju,Sangat Setuju,Sangat Tidak Setuju,Sangat Setuju,Sangat Setuju,Sangat Setuju,Setuju,Sangat Tidak Setuju,Sangat Setuju,Sangat Setuju,Sangat Setuju,Sangat Setuju,Tidak Setuju,Sangat Setuju,9,9,9,9,9,9,9,9,Nasywaa Syifa,
08/09/2026 11:37:52,"Ya, Saya bersedia",Ujuu,081292022198,Kampung Dayah,Perempuan,29,S2,Menikah,PNS,10 juta,4 tahun,25 tahun,O,Rumah Sewa,,,,,,,,,,,,,,Selalu,Selalu,Selalu,Selalu,Selalu,Jarang,Selalu,Selalu,Selalu,Selalu,Selalu,Selalu,Selalu,Selalu,Selalu,Selalu,Selalu,Selalu,Selalu,Selalu,Selalu,Selalu,Selalu,Selalu,Selalu,Selalu,Selalu,Selalu,Selalu,Selalu,Tidak Pernah,Jarang,Tidak Pernah,Tidak Pernah,Tidak Pernah,Tidak Pernah,Tidak Pernah,Tidak Pernah,Tidak Pernah,Tidak Pernah,Selalu,Tidak Pernah,Tidak Pernah,Tidak Pernah,Tidak Pernah,Kadang-kadang,Tidak Pernah,Jarang,Sering,Kadang-kadang,Kadang-kadang,Tidak Pernah,Tidak Pernah,Sering,Sangat Tidak Setuju,Sangat Tidak Setuju,Tidak Setuju,Sangat Setuju,Sangat Tidak Setuju,Sangat Setuju,Sangat Tidak Setuju,Sangat Tidak Setuju,Sangat Tidak Setuju,Sangat Tidak Setuju,Sangat Tidak Setuju,Sangat Tidak Setuju,Sangat Tidak Setuju,Sangat Tidak Setuju,Tidak Setuju,Sangat Tidak Setuju,Sangat Setuju,Sangat Setuju,Sangat Setuju,Sangat Setuju,Sangat Setuju,Sangat Setuju,Sangat Setuju,Sangat Tidak Setuju,Sangat Tidak Setuju,Sangat Tidak Setuju,Sangat Setuju,Sangat Setuju,Sangat Tidak Setuju,Sangat Setuju,Sangat Setuju,Sangat Setuju,Sangat Setuju,Sangat Tidak Setuju,Sangat Setuju,Sangat Setuju,Sangat Setuju,Sangat Setuju,Sangat Tidak Setuju,Sangat Setuju,7,6,7,8,10,10,7,7,Una,
08/09/2026 20:10:18,"Ya, Saya bersedia",GAA,08113209241,Banda Aceh,Laki-laki,34,SMA,Menikah,Wiraswasta,3.000.000,8 th,26th,1,Rumah Sendiri,,,,,,,,,,,,,,Selalu,Sering,Sering,Selalu,Selalu,Selalu,Selalu,Selalu,Selalu,Selalu,Sering,Sering,Sering,Selalu,Sering,Sering,Sering,Sering,Sering,Selalu,Sering,Sering,Sering,Sering,Kadang-kadang,Sering,Sering,Sering,Sering,Sering,Kadang-kadang,Sering,Kadang-kadang,Kadang-kadang,Jarang,Jarang,Tidak Pernah,Jarang,Jarang,Tidak Pernah,Kadang-kadang,Kadang-kadang,Kadang-kadang,Jarang,Kadang-kadang,Kadang-kadang,Sering,Kadang-kadang,Kadang-kadang,Kadang-kadang,Kadang-kadang,Sering,Jarang,Kadang-kadang,Tidak Setuju,Tidak Setuju,Tidak Setuju,Tidak Setuju,Tidak Setuju,Sangat Setuju,Sangat Tidak Setuju,Tidak Setuju,Tidak Setuju,Sangat Tidak Setuju,Setuju,Sangat Setuju,Sangat Tidak Setuju,Sangat Setuju,Setuju,Sangat Tidak Setuju,Setuju,Setuju,Sangat Setuju,Setuju,Sangat Setuju,Sangat Setuju,Sangat Setuju,Sangat Tidak Setuju,Tidak Setuju,Sangat Tidak Setuju,Sangat Setuju,Setuju,Sangat Tidak Setuju,Setuju,Sangat Setuju,Setuju,Setuju,Tidak Setuju,Sangat Setuju,Sangat Setuju,Setuju,Setuju,Tidak Setuju,Setuju,6,7,6,6,8,7,6,6,Nasywaa Syifa,
09/09/2026 11:28:37,"Ya, Saya bersedia",MT,083369363843,Aceh Pidie,Laki-laki,52,SMA,Menikah,petani,1.000.000-2.000.000,27,25,2,Rumah Sendiri,,,,,,,,,,,,,,Sering,Kadang-kadang,Sering,Sering,Selalu,Selalu,Selalu,Selalu,Sering,Sering,Selalu,Selalu,Kadang-kadang,Selalu,Selalu,Kadang-kadang,Selalu,Sering,Sering,Selalu,Kadang-kadang,Selalu,Sering,Sering,Sering,Sering,Selalu,Selalu,Sering,Selalu,Selalu,Kadang-kadang,Jarang,Tidak Pernah,Jarang,Tidak Pernah,Sering,Kadang-kadang,Jarang,Jarang,Jarang,Kadang-kadang,Kadang-kadang,Sering,Kadang-kadang,Sering,Sering,Jarang,Tidak Pernah,Jarang,Kadang-kadang,Jarang,Jarang,Jarang,Sangat Tidak Setuju,Sangat Tidak Setuju,Tidak Setuju,Setuju,Tidak Setuju,Sangat Setuju,Tidak Setuju,Tidak Setuju,Tidak Setuju,Tidak Setuju,Setuju,Sangat Setuju,Tidak Setuju,Setuju,Setuju,Tidak Setuju,Setuju,Setuju,Sangat Setuju,Setuju,Setuju,Setuju,Setuju,Tidak Setuju,Tidak Setuju,Tidak Setuju,Setuju,Setuju,Tidak Setuju,Setuju,Setuju,Setuju,Setuju,Tidak Setuju,Sangat Setuju,Setuju,Setuju,Sangat Setuju,Setuju,Tidak Setuju,7,5,4,3,5,8,4,6,Wazugni,
09/09/2026 11:59:31,"Ya, Saya bersedia",Riza Winanda,082363145629,Aceh pidie,Perempuan,33,SMA,Menikah,Irt,1000000,10,24,2,Rumah Keluarga,,,,,,,,,,,,,,Selalu,Kadang-kadang,Sering,Sering,Selalu,Selalu,Sering,Sering,Sering,Selalu,Sering,Sering,Sering,Sering,Sering,Selalu,Sering,Sering,Kadang-kadang,Selalu,Sering,Selalu,Selalu,Sering,Sering,Kadang-kadang,Selalu,Tidak Pernah,Sering,Sering,Jarang,Jarang,Kadang-kadang,Tidak Pernah,Tidak Pernah,Tidak Pernah,Tidak Pernah,Tidak Pernah,Jarang,Tidak Pernah,Tidak Pernah,Tidak Pernah,Tidak Pernah,Tidak Pernah,Kadang-kadang,Kadang-kadang,Tidak Pernah,Tidak Pernah,Tidak Pernah,Tidak Pernah,Jarang,Tidak Pernah,Tidak Pernah,Tidak Pernah,Sangat Tidak Setuju,Setuju,Setuju,Sangat Setuju,Sangat Tidak Setuju,Sangat Tidak Setuju,Sangat Tidak Setuju,Sangat Tidak Setuju,Tidak Setuju,Sangat Tidak Setuju,Setuju,Sangat Tidak Setuju,Sangat Tidak Setuju,Setuju,Setuju,Tidak Setuju,Setuju,Setuju,Sangat Setuju,Tidak Setuju,Setuju,Sangat Setuju,Sangat Tidak Setuju,Tidak Setuju,Sangat Setuju,Tidak Setuju,Sangat Tidak Setuju,Setuju,Tidak Setuju,Setuju,Setuju,Setuju,Sangat Tidak Setuju,Tidak Setuju,Setuju,Setuju,Setuju,Tidak Setuju,Tidak Setuju,Setuju,1,10,4,2,1,1,2,2,Wazugni,
10/09/2026 9:50:29,"Ya, Saya bersedia",Yenni,085296951617,Banda Aceh,Perempuan,43 thn,S1,Menikah,Ibu rumah tangga,3.000.000,20 thn,21 thn,4 org,Rumah Keluarga,,,,,,,,,,,,,,Kadang-kadang,Kadang-kadang,Sering,Selalu,Selalu,Selalu,Selalu,Selalu,Sering,Kadang-kadang,Selalu,Kadang-kadang,Kadang-kadang,Selalu,Selalu,Selalu,Selalu,Selalu,Selalu,Selalu,Selalu,Selalu,Selalu,Kadang-kadang,Selalu,Sering,Jarang,Selalu,Selalu,Selalu,Kadang-kadang,Tidak Pernah,Tidak Pernah,Tidak Pernah,Tidak Pernah,Tidak Pernah,Tidak Pernah,Kadang-kadang,Kadang-kadang,Tidak Pernah,Tidak Pernah,Kadang-kadang,Kadang-kadang,Tidak Pernah,Kadang-kadang,Kadang-kadang,Kadang-kadang,Tidak Pernah,Jarang,Tidak Pernah,Kadang-kadang,Tidak Pernah,Tidak Pernah,Tidak Pernah,Tidak Setuju,Tidak Setuju,Tidak Setuju,Sangat Setuju,Tidak Setuju,Sangat Setuju,Sangat Setuju,Tidak Setuju,Tidak Setuju,Tidak Setuju,Tidak Setuju,Tidak Setuju,Sangat Tidak Setuju,Sangat Tidak Setuju,Sangat Tidak Setuju,Sangat Tidak Setuju,Setuju,Sangat Setuju,Sangat Setuju,Sangat Tidak Setuju,Sangat Tidak Setuju,Sangat Setuju,Sangat Setuju,Sangat Tidak Setuju,Sangat Tidak Setuju,Sangat Tidak Setuju,Sangat Setuju,Sangat Setuju,Sangat Tidak Setuju,Sangat Setuju,Sangat Setuju,Sangat Setuju,Setuju,Sangat Tidak Setuju,Sangat Setuju,Sangat Setuju,Sangat Setuju,Sangat Setuju,Sangat Tidak Setuju,Sangat Setuju,8,10,10,10,1,10,1,2,Wazugni,
10/09/2026 9:53:40,"Ya, Saya bersedia",FITRI YENI,085361465398,Kota Banda Aceh,Perempuan,55 Tahun,S1,Menikah,Guru,Rp16.000.000,31 Tahun,24 Tahun,3,Rumah Dinas,,,,,,,,,,,,,,Jarang,Selalu,Selalu,Selalu,Selalu,Selalu,Selalu,Selalu,Selalu,Selalu,Selalu,Selalu,Sering,Selalu,Selalu,Selalu,Selalu,Selalu,Selalu,Selalu,Selalu,Selalu,Selalu,Sering,Selalu,Sering,Sering,Selalu,Selalu,Selalu,Jarang,Tidak Pernah,Tidak Pernah,Tidak Pernah,Tidak Pernah,Tidak Pernah,Selalu,Jarang,Tidak Pernah,Tidak Pernah,Tidak Pernah,Selalu,Selalu,Tidak Pernah,Selalu,Selalu,Selalu,Kadang-kadang,Tidak Pernah,Kadang-kadang,Kadang-kadang,Kadang-kadang,Tidak Pernah,Kadang-kadang,Sangat Tidak Setuju,Sangat Tidak Setuju,Sangat Tidak Setuju,Setuju,Sangat Tidak Setuju,Sangat Tidak Setuju,Sangat Tidak Setuju,Sangat Tidak Setuju,Tidak Setuju,Sangat Tidak Setuju,Setuju,Sangat Setuju,Sangat Tidak Setuju,Sangat Setuju,Setuju,Sangat Tidak Setuju,Sangat Setuju,Sangat Setuju,Sangat Setuju,Sangat Setuju,Sangat Setuju,Sangat Setuju,Sangat Setuju,Sangat Tidak Setuju,Sangat Tidak Setuju,Sangat Tidak Setuju,Sangat Setuju,Setuju,Sangat Tidak Setuju,Setuju,Setuju,Sangat Setuju,Setuju,Sangat Tidak Setuju,Sangat Setuju,Sangat Setuju,Setuju,Setuju,Setuju,Setuju,10,10,10,10,10,10,10,10,Haiyun Nisa,
10/09/2026 10:11:35,"Ya, Saya bersedia",Fitri Yeni,085361465398,Banda Aceh,Perempuan,55,S1,Menikah,ASN,Rp. 16.000.000,31 tahun,24 tahun,3,Rumah Dinas,,,,,,,,,,,,,,Selalu,Sering,Sering,Selalu,Selalu,Sering,Selalu,Selalu,Selalu,Selalu,Selalu,Selalu,Sering,Selalu,Selalu,Selalu,Selalu,Selalu,Selalu,Selalu,Selalu,Selalu,Selalu,Selalu,Selalu,Selalu,Sering,Selalu,Selalu,Selalu,Sering,Kadang-kadang,Tidak Pernah,Tidak Pernah,Tidak Pernah,Tidak Pernah,Tidak Pernah,Tidak Pernah,Tidak Pernah,Tidak Pernah,Tidak Pernah,Jarang,Kadang-kadang,Tidak Pernah,Kadang-kadang,Kadang-kadang,Kadang-kadang,Kadang-kadang,Tidak Pernah,Sering,Kadang-kadang,Kadang-kadang,Tidak Pernah,Tidak Pernah,Sangat Tidak Setuju,Tidak Setuju,Tidak Setuju,Sangat Setuju,Sangat Tidak Setuju,Sangat Setuju,Sangat Tidak Setuju,Sangat Tidak Setuju,Tidak Setuju,Sangat Tidak Setuju,Setuju,Sangat Setuju,Sangat Tidak Setuju,Sangat Setuju,Setuju,Sangat Tidak Setuju,Sangat Setuju,Sangat Setuju,Sangat Setuju,Setuju,Sangat Setuju,Sangat Setuju,Setuju,Sangat Tidak Setuju,Setuju,Sangat Tidak Setuju,Sangat Tidak Setuju,Sangat Tidak Setuju,Sangat Tidak Setuju,Sangat Tidak Setuju,Sangat Setuju,Sangat Setuju,Setuju,Sangat Tidak Setuju,Sangat Setuju,Sangat Setuju,Setuju,Setuju,Setuju,Setuju,10,10,10,10,10,10,10,10,Wazugni,
10/09/2026 10:19:43,"Ya, Saya bersedia",Santi Purnama Sari,081310173634,Banda Aceh,Perempuan,33,S1,Menikah,Wiraswasta,3000000,7,26,1,Rumah Sendiri,,,,,,,,,,,,,,Jarang,Selalu,Selalu,Selalu,Selalu,Selalu,Selalu,Selalu,Selalu,Selalu,Selalu,Selalu,Selalu,Selalu,Selalu,Selalu,Selalu,Selalu,Selalu,Selalu,Selalu,Selalu,Selalu,Selalu,Selalu,Selalu,Selalu,Selalu,Selalu,Selalu,Kadang-kadang,Tidak Pernah,Tidak Pernah,Tidak Pernah,Tidak Pernah,Tidak Pernah,Tidak Pernah,Jarang,Jarang,Tidak Pernah,Jarang,Jarang,Kadang-kadang,Tidak Pernah,Jarang,Jarang,Selalu,Kadang-kadang,Tidak Pernah,Kadang-kadang,Kadang-kadang,Tidak Pernah,Tidak Pernah,Tidak Pernah,Sangat Tidak Setuju,Sangat Tidak Setuju,Sangat Tidak Setuju,Sangat Tidak Setuju,Sangat Tidak Setuju,Sangat Tidak Setuju,Sangat Tidak Setuju,Sangat Tidak Setuju,Sangat Tidak Setuju,Sangat Tidak Setuju,Sangat Setuju,Sangat Setuju,Sangat Tidak Setuju,Sangat Setuju,Setuju,Sangat Tidak Setuju,Sangat Setuju,Sangat Setuju,Sangat Setuju,Sangat Setuju,Sangat Setuju,Sangat Setuju,Sangat Setuju,Sangat Tidak Setuju,Tidak Setuju,Sangat Tidak Setuju,Sangat Setuju,Setuju,Sangat Tidak Setuju,Sangat Setuju,Sangat Setuju,Sangat Setuju,Setuju,Sangat Tidak Setuju,Sangat Setuju,Sangat Setuju,Sangat Setuju,Sangat Setuju,Sangat Setuju,Sangat Setuju,6,8,6,6,5,5,5,5,Wazugni,
10/09/2026 10:49:26,"Ya, Saya bersedia",Mutia Wardani,085260678184,Ulee Kareng Banda Aceh,Perempuan,32,S1,Menikah,Guru,3.000.000,6,26,2,Rumah Sendiri,,,,,,,,,,,,,,Jarang,Sering,Selalu,Selalu,Selalu,Selalu,Selalu,Selalu,Selalu,Selalu,Selalu,Selalu,Kadang-kadang,Selalu,Selalu,Selalu,Selalu,Selalu,Selalu,Selalu,Selalu,Selalu,Selalu,Selalu,Selalu,Sering,Sering,Selalu,Selalu,Selalu,Sering,Tidak Pernah,Tidak Pernah,Tidak Pernah,Tidak Pernah,Tidak Pernah,Tidak Pernah,Tidak Pernah,Tidak Pernah,Tidak Pernah,Tidak Pernah,Tidak Pernah,Kadang-kadang,Tidak Pernah,Kadang-kadang,Tidak Pernah,Tidak Pernah,Tidak Pernah,Tidak Pernah,Tidak Pernah,Tidak Pernah,Tidak Pernah,Tidak Pernah,Tidak Pernah,Sangat Tidak Setuju,Sangat Tidak Setuju,Sangat Tidak Setuju,Sangat Setuju,Sangat Tidak Setuju,Sangat Setuju,Sangat Tidak Setuju,Sangat Tidak Setuju,Sangat Tidak Setuju,Sangat Tidak Setuju,Sangat Setuju,Sangat Setuju,Sangat Tidak Setuju,Sangat Setuju,Sangat Setuju,Sangat Tidak Setuju,Sangat Setuju,Sangat Setuju,Sangat Setuju,Sangat Setuju,Sangat Setuju,Sangat Setuju,Sangat Setuju,Sangat Tidak Setuju,Sangat Tidak Setuju,Sangat Tidak Setuju,Sangat Setuju,Sangat Setuju,Sangat Tidak Setuju,Sangat Setuju,Sangat Setuju,Sangat Setuju,Sangat Setuju,Sangat Tidak Setuju,Sangat Setuju,Sangat Setuju,Sangat Setuju,Sangat Setuju,Sangat Tidak Setuju,Sangat Setuju,9,9,9,9,2,6,4,9,Nasywaa Syifa,
10/09/2026 10:54:23,"Ya, Saya bersedia",SR,081264684888,Pango Raya,Perempuan,37,S1,Menikah,Pw Guru,2.000.000,13,25,3,Rumah Sendiri,,,,,,,,,,,,,,Kadang-kadang,Kadang-kadang,Jarang,Kadang-kadang,Selalu,Selalu,Selalu,Selalu,Selalu,Selalu,Selalu,Sering,Kadang-kadang,Selalu,Selalu,Selalu,Selalu,Selalu,Selalu,Selalu,Selalu,Selalu,Selalu,Selalu,Selalu,Selalu,Tidak Pernah,Selalu,Selalu,Selalu,Tidak Pernah,Tidak Pernah,Tidak Pernah,Tidak Pernah,Tidak Pernah,Tidak Pernah,Tidak Pernah,Kadang-kadang,Tidak Pernah,Tidak Pernah,Kadang-kadang,Kadang-kadang,Kadang-kadang,Tidak Pernah,Kadang-kadang,Kadang-kadang,Kadang-kadang,Sering,Tidak Pernah,Tidak Pernah,Tidak Pernah,Tidak Pernah,Tidak Pernah,Tidak Pernah,Sangat Tidak Setuju,Sangat Tidak Setuju,Sangat Tidak Setuju,Sangat Tidak Setuju,Sangat Tidak Setuju,Sangat Tidak Setuju,Sangat Tidak Setuju,Sangat Tidak Setuju,Sangat Tidak Setuju,Sangat Tidak Setuju,Sangat Setuju,Sangat Setuju,Sangat Tidak Setuju,Sangat Setuju,Sangat Setuju,Sangat Tidak Setuju,Sangat Setuju,Sangat Setuju,Sangat Setuju,Sangat Tidak Setuju,Sangat Setuju,Sangat Setuju,Sangat Setuju,Sangat Tidak Setuju,Sangat Tidak Setuju,Sangat Tidak Setuju,Sangat Setuju,Sangat Setuju,Sangat Tidak Setuju,Sangat Setuju,Sangat Tidak Setuju,Setuju,Sangat Setuju,Sangat Tidak Setuju,Sangat Setuju,Sangat Setuju,Sangat Setuju,Sangat Setuju,Sangat Tidak Setuju,Sangat Setuju,7,6,7,6,6,6,6,6,Nasywaa Syifa,
10/09/2026 10:59:43,"Ya, Saya bersedia",IM,081362557691,Lambhuk Banda Aceh,Perempuan,40,S1,Menikah,Guru,2.000.000,10,30,2,Rumah Sendiri,,,,,,,,,,,,,,Kadang-kadang,Kadang-kadang,Selalu,Selalu,Selalu,Selalu,Selalu,Selalu,Selalu,Selalu,Selalu,Sering,Kadang-kadang,Selalu,Selalu,Selalu,Selalu,Selalu,Selalu,Selalu,Selalu,Selalu,Selalu,Selalu,Selalu,Selalu,Tidak Pernah,Tidak Pernah,Tidak Pernah,Tidak Pernah,Tidak Pernah,Tidak Pernah,Tidak Pernah,Tidak Pernah,Tidak Pernah,Tidak Pernah,Tidak Pernah,Kadang-kadang,Tidak Pernah,Tidak Pernah,Kadang-kadang,Kadang-kadang,Kadang-kadang,Tidak Pernah,Kadang-kadang,Kadang-kadang,Kadang-kadang,Sering,Tidak Pernah,Tidak Pernah,Tidak Pernah,Tidak Pernah,Tidak Pernah,Tidak Pernah,Sangat Tidak Setuju,Sangat Tidak Setuju,Sangat Tidak Setuju,Sangat Tidak Setuju,Sangat Tidak Setuju,Sangat Tidak Setuju,Sangat Tidak Setuju,Sangat Tidak Setuju,Sangat Tidak Setuju,Sangat Tidak Setuju,Sangat Setuju,Sangat Setuju,Sangat Tidak Setuju,Sangat Setuju,Sangat Setuju,Sangat Tidak Setuju,Sangat Setuju,Sangat Setuju,Sangat Setuju,Sangat Tidak Setuju,Sangat Setuju,Sangat Setuju,Sangat Setuju,Sangat Tidak Setuju,Sangat Tidak Setuju,Sangat Tidak Setuju,Sangat Setuju,Sangat Setuju,Sangat Tidak Setuju,Sangat Setuju,Sangat Tidak Setuju,Setuju,Sangat Setuju,Sangat Tidak Setuju,Sangat Setuju,Sangat Setuju,Sangat Setuju,Sangat Setuju,Sangat Tidak Setuju,Sangat Setuju,4,3,7,6,6,6,6,6,Nasywaa Syifa,
10/09/2026 11:04:04,"Ya, Saya bersedia",Widia,085333116528,banda aceh,Perempuan,30,D-III / D-IV,Menikah,Guru,2.000.000,4,25,1,Rumah Keluarga,,,,,,,,,,,,,,Selalu,Selalu,Sering,Selalu,Sering,Sering,Sering,Selalu,Selalu,Sering,Selalu,Selalu,Selalu,Selalu,Selalu,Selalu,Selalu,Selalu,Selalu,Selalu,Selalu,Selalu,Selalu,Selalu,Selalu,Selalu,Sering,Selalu,Selalu,Sering,Jarang,Tidak Pernah,Tidak Pernah,Tidak Pernah,Tidak Pernah,Tidak Pernah,Tidak Pernah,Tidak Pernah,Tidak Pernah,Tidak Pernah,Tidak Pernah,Tidak Pernah,Sering,Tidak Pernah,Tidak Pernah,Tidak Pernah,Selalu,Tidak Pernah,Tidak Pernah,Tidak Pernah,Selalu,Tidak Pernah,Tidak Pernah,Tidak Pernah,Sangat Tidak Setuju,Tidak Setuju,Sangat Tidak Setuju,Sangat Tidak Setuju,Sangat Tidak Setuju,Sangat Tidak Setuju,Sangat Tidak Setuju,Sangat Tidak Setuju,Sangat Tidak Setuju,Sangat Tidak Setuju,Sangat Setuju,Sangat Setuju,Sangat Setuju,Sangat Setuju,Sangat Setuju,Sangat Tidak Setuju,Sangat Setuju,Sangat Setuju,Sangat Setuju,Sangat Setuju,Sangat Setuju,Sangat Setuju,Sangat Setuju,Sangat Tidak Setuju,Sangat Tidak Setuju,Sangat Tidak Setuju,Sangat Setuju,Sangat Setuju,Sangat Setuju,Sangat Setuju,Sangat Setuju,Sangat Setuju,Setuju,Sangat Setuju,Sangat Setuju,Sangat Setuju,Setuju,Sangat Setuju,Sangat Tidak Setuju,Tidak Setuju,9,9,7,7,4,7,7,8,Nasywaa Syifa,
10/09/2026 11:08:47,"Ya, Saya bersedia",SY DLY,085262180175,Banda Aceh,Laki-laki,34,S1,Menikah,Pegawai Tetap Yayasan,7.000.000,10,24,1,Rumah Sendiri,,,,,,,,,,,,,,Selalu,Kadang-kadang,Sering,Selalu,Sering,Sering,Sering,Selalu,Selalu,Sering,Selalu,Selalu,Selalu,Selalu,Selalu,Selalu,Selalu,Selalu,Selalu,Selalu,Selalu,Selalu,Selalu,Selalu,Selalu,Selalu,Sering,Selalu,Selalu,Sering,Jarang,Jarang,Tidak Pernah,Tidak Pernah,Tidak Pernah,Tidak Pernah,Tidak Pernah,Tidak Pernah,Tidak Pernah,Tidak Pernah,Tidak Pernah,Tidak Pernah,Sering,Tidak Pernah,Tidak Pernah,Tidak Pernah,Selalu,Tidak Pernah,Tidak Pernah,Tidak Pernah,Selalu,Tidak Pernah,Tidak Pernah,Tidak Pernah,Sangat Tidak Setuju,Tidak Setuju,Sangat Tidak Setuju,Sangat Tidak Setuju,Sangat Tidak Setuju,Sangat Tidak Setuju,Sangat Tidak Setuju,Sangat Tidak Setuju,Sangat Tidak Setuju,Sangat Tidak Setuju,Sangat Setuju,Sangat Setuju,Sangat Setuju,Sangat Setuju,Sangat Setuju,Sangat Tidak Setuju,Sangat Setuju,Sangat Setuju,Sangat Setuju,Sangat Setuju,Sangat Setuju,Sangat Setuju,Sangat Setuju,Sangat Tidak Setuju,Sangat Tidak Setuju,Sangat Tidak Setuju,Sangat Setuju,Sangat Setuju,Sangat Setuju,Sangat Setuju,Sangat Setuju,Sangat Setuju,Setuju,Sangat Setuju,Sangat Setuju,Sangat Setuju,Setuju,Sangat Setuju,Sangat Tidak Setuju,Tidak Setuju,10,10,9,9,9,10,10,10,Nasywaa Syifa,
10/09/2026 11:14:04,"Ya, Saya bersedia",Ibul,082276676321,banda aceh,Laki-laki,35,S1,Menikah,guru,1.500.000,2,33,1,Rumah Keluarga,,,,,,,,,,,,,,Selalu,Sering,Sering,Selalu,Selalu,Kadang-kadang,Sering,Selalu,Selalu,Kadang-kadang,Kadang-kadang,Kadang-kadang,Tidak Pernah,Sering,Selalu,Selalu,Jarang,Kadang-kadang,Selalu,Kadang-kadang,Selalu,Selalu,Sering,Sering,Sering,Selalu,Kadang-kadang,Kadang-kadang,Kadang-kadang,Sering,Jarang,Tidak Pernah,Tidak Pernah,Tidak Pernah,Tidak Pernah,Tidak Pernah,Tidak Pernah,Tidak Pernah,Jarang,Tidak Pernah,Kadang-kadang,Sering,Sering,Sering,Selalu,Selalu,Selalu,Tidak Pernah,Jarang,Kadang-kadang,Jarang,Tidak Pernah,Tidak Pernah,Tidak Pernah,Tidak Setuju,Tidak Setuju,Setuju,Setuju,Tidak Setuju,Tidak Setuju,Setuju,Setuju,Setuju,Tidak Setuju,Setuju,Sangat Setuju,Tidak Setuju,Tidak Setuju,Setuju,Tidak Setuju,Setuju,Setuju,Setuju,Tidak Setuju,Tidak Setuju,Sangat Setuju,Setuju,Tidak Setuju,Tidak Setuju,Tidak Setuju,Setuju,Setuju,Tidak Setuju,Tidak Setuju,Setuju,Setuju,Tidak Setuju,Setuju,Setuju,Setuju,Tidak Setuju,Tidak Setuju,Sangat Setuju,Sangat Setuju,7,5,4,4,4,1,1,7,Nasywaa Syifa,
10/09/2026 11:18:42,"Ya, Saya bersedia",Yati Nurhayati,0895322378281,banda aceh,Perempuan,46,SMA,Menikah,Pedagang,15.000.000,21,23,2,Rumah Sewa,,,,,,,,,,,,,,Selalu,Selalu,Kadang-kadang,Selalu,Selalu,Selalu,Selalu,Selalu,Selalu,Selalu,Selalu,Selalu,Selalu,Selalu,Kadang-kadang,Selalu,Selalu,Selalu,Selalu,Selalu,Selalu,Selalu,Selalu,Kadang-kadang,Selalu,Selalu,Kadang-kadang,Selalu,Selalu,Selalu,Kadang-kadang,Kadang-kadang,Jarang,Jarang,Tidak Pernah,Tidak Pernah,Tidak Pernah,Kadang-kadang,Kadang-kadang,Tidak Pernah,Kadang-kadang,Kadang-kadang,Kadang-kadang,Tidak Pernah,Kadang-kadang,Tidak Pernah,Kadang-kadang,Tidak Pernah,Kadang-kadang,Selalu,Selalu,Tidak Pernah,Tidak Pernah,Tidak Pernah,Sangat Tidak Setuju,Tidak Setuju,Tidak Setuju,Tidak Setuju,Sangat Tidak Setuju,Sangat Setuju,Sangat Tidak Setuju,Tidak Setuju,Tidak Setuju,Tidak Setuju,Tidak Setuju,Sangat Setuju,Tidak Setuju,Setuju,Tidak Setuju,Tidak Setuju,Setuju,Setuju,Sangat Setuju,Sangat Setuju,Setuju,Sangat Setuju,Setuju,Tidak Setuju,Sangat Setuju,Tidak Setuju,Sangat Setuju,Setuju,Sangat Tidak Setuju,Sangat Setuju,Sangat Setuju,Setuju,Setuju,Tidak Setuju,Setuju,Setuju,Setuju,Setuju,Setuju,Tidak Setuju,9,9,7,8,4,7,7,9,Nasywaa Syifa,
10/09/2026 11:23:02,"Ya, Saya bersedia",Ramzi,081360771697,banda aceh,Laki-laki,56,SMA,Menikah,supir,1.500.000,23,33,2,Rumah Sewa,,,,,,,,,,,,,,Selalu,Selalu,Selalu,Selalu,Selalu,Selalu,Selalu,Selalu,Selalu,Selalu,Selalu,Sering,Selalu,Selalu,Selalu,Selalu,Selalu,Selalu,Selalu,Selalu,Selalu,Selalu,Sering,Sering,Selalu,Selalu,Kadang-kadang,Selalu,Selalu,Selalu,Kadang-kadang,Tidak Pernah,Tidak Pernah,Tidak Pernah,Tidak Pernah,Tidak Pernah,Tidak Pernah,Tidak Pernah,Jarang,Tidak Pernah,Tidak Pernah,Kadang-kadang,Sering,Kadang-kadang,Selalu,Selalu,Selalu,Tidak Pernah,Jarang,Tidak Pernah,Kadang-kadang,Tidak Pernah,Tidak Pernah,Tidak Pernah,Sangat Tidak Setuju,Tidak Setuju,Tidak Setuju,Setuju,Sangat Tidak Setuju,Sangat Setuju,Sangat Tidak Setuju,Setuju,Setuju,Sangat Tidak Setuju,Setuju,Sangat Tidak Setuju,Sangat Tidak Setuju,Sangat Setuju,Sangat Setuju,Setuju,Sangat Setuju,Sangat Setuju,Setuju,Sangat Setuju,Setuju,Sangat Setuju,Sangat Setuju,Sangat Setuju,Setuju,Sangat Tidak Setuju,Sangat Setuju,Setuju,Sangat Tidak Setuju,Sangat Setuju,Sangat Setuju,Sangat Setuju,Setuju,Sangat Tidak Setuju,Setuju,Setuju,Setuju,Setuju,Setuju,Tidak Setuju,9,9,7,7,4,7,7,9,Nasywaa Syifa,
10/09/2026 11:30:09,"Ya, Saya bersedia",Ahmad Ihsan,08113364613,Punge Blang Cut,Laki-laki,38,S1,Menikah,PNS,4.500.000,8,30,3,Rumah Sendiri,,,,,,,,,,,,,,Jarang,Kadang-kadang,Sering,Selalu,Kadang-kadang,Kadang-kadang,Sering,Kadang-kadang,Kadang-kadang,Jarang,Jarang,Kadang-kadang,Jarang,Sering,Jarang,Kadang-kadang,Kadang-kadang,Sering,Kadang-kadang,Kadang-kadang,Sering,Selalu,Selalu,Sering,Selalu,Selalu,Kadang-kadang,Selalu,Selalu,Selalu,Tidak Pernah,Tidak Pernah,Tidak Pernah,Tidak Pernah,Tidak Pernah,Tidak Pernah,Kadang-kadang,Kadang-kadang,Kadang-kadang,Jarang,Jarang,Sering,Sering,Sering,Sering,Sering,Selalu,Kadang-kadang,Jarang,Jarang,Kadang-kadang,Tidak Pernah,Tidak Pernah,Jarang,Tidak Setuju,Setuju,Tidak Setuju,Setuju,Sangat Tidak Setuju,Sangat Tidak Setuju,Sangat Tidak Setuju,Tidak Setuju,Setuju,Sangat Tidak Setuju,Setuju,Sangat Setuju,Sangat Tidak Setuju,Setuju,Tidak Setuju,Sangat Tidak Setuju,Sangat Setuju,Sangat Setuju,Sangat Setuju,Setuju,Setuju,Sangat Setuju,Sangat Setuju,Sangat Tidak Setuju,Setuju,Sangat Tidak Setuju,Sangat Setuju,Sangat Setuju,Sangat Tidak Setuju,Sangat Setuju,Sangat Setuju,Sangat Setuju,Sangat Setuju,Sangat Tidak Setuju,Sangat Setuju,Sangat Setuju,Setuju,Sangat Setuju,Tidak Setuju,Sangat Setuju,9,10,5,9,9,3,4,9,Nasywaa Syifa,
10/09/2026 11:36:38,"Ya, Saya bersedia",Irmawati,081263196560,blower,Perempuan,60,S1,Menikah,guru,5.000.000,36,23,1,Rumah Sendiri,,,,,,,,,,,,,,Tidak pernah,Tidak Pernah,Tidak Pernah,Tidak Pernah,Tidak Pernah,Jarang,Tidak Pernah,Jarang,Jarang,Tidak Pernah,Tidak Pernah,Kadang-kadang,Tidak Pernah,Sering,Tidak Pernah,Tidak Pernah,Tidak Pernah,Jarang,Tidak Pernah,Tidak Pernah,Jarang,Tidak Pernah,Jarang,Tidak Pernah,Tidak Pernah,Tidak Pernah,Tidak Pernah,Tidak Pernah,Tidak Pernah,Jarang,Sering,Sering,Sering,Kadang-kadang,Kadang-kadang,Sering,Selalu,Selalu,Sering,Sering,Sering,Selalu,Selalu,Selalu,Selalu,Selalu,Selalu,Selalu,Sering,Sering,Sering,Selalu,Selalu,Selalu,Tidak Setuju,Tidak Setuju,Tidak Setuju,Tidak Setuju,Sangat Tidak Setuju,Sangat Tidak Setuju,Sangat Tidak Setuju,Tidak Setuju,Tidak Setuju,Setuju,Tidak Setuju,Tidak Setuju,Tidak Setuju,Tidak Setuju,Setuju,Setuju,Setuju,Tidak Setuju,Tidak Setuju,Tidak Setuju,Setuju,Setuju,Setuju,Setuju,Tidak Setuju,Tidak Setuju,Setuju,Tidak Setuju,Setuju,Tidak Setuju,Setuju,Setuju,Setuju,Setuju,Setuju,Setuju,Setuju,Setuju,Setuju,Setuju,4,4,3,3,2,3,3,3,Nasywaa Syifa,
10/09/2026 11:44:36,"Ya, Saya bersedia",H,083850136521,aceh besar,Perempuan,43 tahun,SMA,Menikah,jualan,"5,000,000",19 tahun,24 tahun,4 orang,Rumah Sendiri,,,,,,,,,,,,,,Jarang,Kadang-kadang,Selalu,Sering,Selalu,Sering,Selalu,Selalu,Kadang-kadang,Kadang-kadang,Sering,Kadang-kadang,Jarang,Selalu,Sering,Sering,Kadang-kadang,Kadang-kadang,Sering,Sering,Sering,Sering,Selalu,Sering,Sering,Sering,Kadang-kadang,Kadang-kadang,Kadang-kadang,Kadang-kadang,Jarang,Jarang,Kadang-kadang,Kadang-kadang,Jarang,Jarang,Jarang,Kadang-kadang,Kadang-kadang,Jarang,Kadang-kadang,Kadang-kadang,Kadang-kadang,Jarang,Sering,Sering,Sering,Jarang,Kadang-kadang,Kadang-kadang,Jarang,Kadang-kadang,Kadang-kadang,Jarang,Sangat Tidak Setuju,Tidak Setuju,Tidak Setuju,Sangat Setuju,Sangat Tidak Setuju,Sangat Setuju,Sangat Tidak Setuju,Tidak Setuju,Tidak Setuju,Sangat Tidak Setuju,Sangat Setuju,Sangat Setuju,Sangat Tidak Setuju,Sangat Setuju,Sangat Setuju,Sangat Tidak Setuju,Sangat Setuju,Sangat Setuju,Sangat Setuju,Sangat Setuju,Sangat Setuju,Sangat Setuju,Sangat Setuju,Sangat Tidak Setuju,Sangat Tidak Setuju,Sangat Tidak Setuju,Sangat Setuju,Sangat Setuju,Sangat Tidak Setuju,Sangat Setuju,Sangat Setuju,Sangat Setuju,Sangat Setuju,Sangat Tidak Setuju,Sangat Setuju,Sangat Setuju,Sangat Setuju,Sangat Setuju,Sangat Tidak Setuju,Sangat Setuju,7,7,5,5,4,5,5,7,Wazugni,
10/09/2026 11:53:14,"Ya, Saya bersedia",m,085225883186,Banda Aceh ,Perempuan,40 tahun ,SMA,Menikah,IRT,"2,000,000",14 tahun,23 tahun,2 orang ,Rumah Sendiri,,,,,,,,,,,,,,Kadang-kadang,Kadang-kadang,Kadang-kadang,Sering,Selalu,Selalu,Selalu,Selalu,Selalu,Selalu,Selalu,Selalu,Kadang-kadang,Selalu,Kadang-kadang,Selalu,Selalu,Selalu,Selalu,Selalu,Selalu,Selalu,Selalu,Selalu,Selalu,Selalu,Selalu,Selalu,Selalu,Selalu,Tidak Pernah,Tidak Pernah,Tidak Pernah,Tidak Pernah,Tidak Pernah,Tidak Pernah,Tidak Pernah,Kadang-kadang,Tidak Pernah,Tidak Pernah,Tidak Pernah,Tidak Pernah,Tidak Pernah,Tidak Pernah,Kadang-kadang,Kadang-kadang,Tidak Pernah,Tidak Pernah,Tidak Pernah,Tidak Pernah,Tidak Pernah,Tidak Pernah,Tidak Pernah,Tidak Pernah,Tidak Setuju,Tidak Setuju,Tidak Setuju,Tidak Setuju,Sangat Tidak Setuju,Setuju,Tidak Setuju,Tidak Setuju,Tidak Setuju,Tidak Setuju,Setuju,Setuju,Tidak Setuju,Setuju,Setuju,Tidak Setuju,Setuju,Setuju,Setuju,Setuju,Setuju,Setuju,Setuju,Tidak Setuju,Tidak Setuju,Tidak Setuju,Setuju,Setuju,Tidak Setuju,Setuju,Setuju,Setuju,Setuju,Tidak Setuju,Setuju,Setuju,Setuju,Setuju,Tidak Setuju,Setuju,8,7,6,6,6,7,6,8,Wazugni,
10/09/2026 12:00:50,"Ya, Saya bersedia",im,085361967172,Banda Aceh ,Perempuan,38,SMP,Menikah,IRT ,"2,500,000",18,20,3,Rumah Keluarga,,,,,,,,,,,,,,Sering,Sering,Sering,Sering,Sering,Selalu,Selalu,Sering,Selalu,Selalu,Sering,Sering,Kadang-kadang,Sering,Sering,Sering,Sering,Sering,Kadang-kadang,Sering,Sering,Selalu,Sering,Sering,Sering,Sering,Sering,Sering,Selalu,Sering,Kadang-kadang,Kadang-kadang,Kadang-kadang,Kadang-kadang,Tidak Pernah,Tidak Pernah,Jarang,Kadang-kadang,Sering,Jarang,Sering,Kadang-kadang,Kadang-kadang,Tidak Pernah,Sering,Sering,Sering,Sering,Kadang-kadang,Kadang-kadang,Sering,Kadang-kadang,Kadang-kadang,Kadang-kadang,Setuju,Setuju,Tidak Setuju,Setuju,Tidak Setuju,Setuju,Tidak Setuju,Tidak Setuju,Tidak Setuju,Tidak Setuju,Setuju,Setuju,Tidak Setuju,Setuju,Setuju,Tidak Setuju,Setuju,Setuju,Setuju,Setuju,Setuju,Setuju,Setuju,Tidak Setuju,Tidak Setuju,Tidak Setuju,Setuju,Setuju,Tidak Setuju,Setuju,Setuju,Setuju,Setuju,Tidak Setuju,Setuju,Setuju,Setuju,Setuju,Tidak Setuju,Setuju,7,6,4,3,2,3,1,3,Wazugni,
10/09/2026 17:21:54,"Ya, Saya bersedia",Marlina,+62 877-2920-2399,Banda Aceh,Perempuan,60 tahun,SMA,Menikah,Berjualan,1.000.000-1.500.000 / bulan,26 tahun,31 tahun,1,Rumah Sendiri,,,,,,,,,,,,,,Kadang-kadang,Kadang-kadang,Kadang-kadang,Kadang-kadang,Selalu,Selalu,Selalu,Sering,Sering,Selalu,Selalu,Selalu,Sering,Selalu,Selalu,Selalu,Selalu,Selalu,Selalu,Selalu,Selalu,Selalu,Selalu,Selalu,Selalu,Selalu,Tidak Pernah,Selalu,Selalu,Selalu,Tidak Pernah,Tidak Pernah,Tidak Pernah,Tidak Pernah,Tidak Pernah,Tidak Pernah,Tidak Pernah,Tidak Pernah,Tidak Pernah,Tidak Pernah,Tidak Pernah,Tidak Pernah,Selalu,Tidak Pernah,Selalu,Sering,Sering,Tidak Pernah,Tidak Pernah,Tidak Pernah,Tidak Pernah,Tidak Pernah,Tidak Pernah,Tidak Pernah,Sangat Tidak Setuju,Sangat Tidak Setuju,Sangat Tidak Setuju,Setuju,Sangat Tidak Setuju,Setuju,Sangat Tidak Setuju,Sangat Tidak Setuju,Tidak Setuju,Sangat Tidak Setuju,Setuju,Sangat Setuju,Sangat Tidak Setuju,Sangat Setuju,Setuju,Sangat Tidak Setuju,Sangat Setuju,Sangat Setuju,Sangat Setuju,Sangat Setuju,Sangat Setuju,Sangat Setuju,Sangat Setuju,Sangat Tidak Setuju,Sangat Tidak Setuju,Sangat Tidak Setuju,Sangat Setuju,Sangat Setuju,Sangat Tidak Setuju,Sangat Setuju,Sangat Setuju,Sangat Setuju,Sangat Setuju,Sangat Tidak Setuju,Sangat Setuju,Sangat Setuju,Sangat Setuju,Sangat Setuju,Sangat Tidak Setuju,Sangat Setuju,10,10,9,6,6,8,6,10,Wazugni,
11/09/2026 0:37:11,"Ya, Saya bersedia",ML,082162727869,banda aceh ,Perempuan,47 tahun,SMA,Menikah,IRT,2.000.000,25 tahun,21 tahun,4 orang,Rumah Sendiri,,,,,,,,,,,,,,Sering,Sering,Kadang-kadang,Sering,Selalu,Sering,Sering,Kadang-kadang,Sering,Kadang-kadang,Sering,Kadang-kadang,Jarang,Sering,Selalu,Sering,Sering,Kadang-kadang,Kadang-kadang,Sering,Selalu,Sering,Selalu,Sering,Selalu,Sering,Selalu,Kadang-kadang,Selalu,Selalu,Sering,Selalu,Kadang-kadang,Kadang-kadang,Jarang,Jarang,Jarang,Sering,Sering,Jarang,Sering,Sering,Sering,Sering,Sering,Sering,Sering,Tidak Pernah,Kadang-kadang,Kadang-kadang,Jarang,Kadang-kadang,Jarang,Tidak Pernah,Tidak Setuju,Tidak Setuju,Tidak Setuju,Sangat Setuju,Tidak Setuju,Setuju,Tidak Setuju,Setuju,Tidak Setuju,Tidak Setuju,Setuju,Setuju,Tidak Setuju,Setuju,Setuju,Tidak Setuju,Setuju,Setuju,Setuju,Setuju,Setuju,Setuju,Setuju,Tidak Setuju,Tidak Setuju,Tidak Setuju,Setuju,Setuju,Tidak Setuju,Setuju,Setuju,Setuju,Setuju,Tidak Setuju,Setuju,Setuju,Setuju,Setuju,Tidak Setuju,Setuju,1,3,4,5,4,7,4,6,Wazugni,
11/09/2026 0:53:18,"Ya, Saya bersedia", NA,085260332994,Banda Aceh,Perempuan,52 tahun,SMA,Menikah,IRT (usaha dari rumah),5.000.000, 19 tahun,33 tahun,2,Rumah Sendiri,,,,,,,,,,,,,,Sering,Sering,Kadang-kadang,Selalu,Sering,Kadang-kadang,Selalu,Selalu,Selalu,Selalu,Selalu,Selalu,Selalu,Selalu,Selalu,Selalu,Selalu,Selalu,Sering,Selalu,Selalu,Selalu,Selalu,Selalu,Selalu,Selalu,Selalu,Selalu,Selalu,Selalu,Tidak Pernah,Tidak Pernah,Tidak Pernah,Tidak Pernah,Tidak Pernah,Tidak Pernah,Tidak Pernah,Tidak Pernah,Kadang-kadang,Tidak Pernah,Tidak Pernah,Tidak Pernah,Kadang-kadang,Tidak Pernah,Kadang-kadang,Kadang-kadang,Kadang-kadang,Jarang,Tidak Pernah,Tidak Pernah,Selalu,Tidak Pernah,Tidak Pernah,Tidak Pernah,Tidak Setuju,Setuju,Setuju,Setuju,Tidak Setuju,Setuju,Tidak Setuju,Tidak Setuju,Setuju,Tidak Setuju,Tidak Setuju,Setuju,Tidak Setuju,Tidak Setuju,Tidak Setuju,Tidak Setuju,Setuju,Setuju,Setuju,Setuju,Setuju,Setuju,Setuju,Tidak Setuju,Tidak Setuju,Tidak Setuju,Setuju,Setuju,Tidak Setuju,Setuju,Setuju,Setuju,Setuju,Tidak Setuju,Setuju,Setuju,Setuju,Setuju,Tidak Setuju,Setuju,10,10,6,10,7,10,2,10,Wazugni,
11/09/2026 18:24:56,"Ya, Saya bersedia",Mahdi,081350404627,Banda Aceh,Laki-laki,41,SMA,Menikah,Pegawai Swasta,4.000.000,14,27,3,Rumah Sendiri,,,,,,,,,,,,,,Sering,Jarang,Sering,Jarang,Sering,Sering,Sering,Sering,Selalu,Kadang-kadang,Selalu,Sering,Kadang-kadang,Sering,Sering,Sering,Kadang-kadang,Sering,Sering,Kadang-kadang,Sering,Selalu,Sering,Sering,Sering,Sering,Sering,Selalu,Sering,Sering,Kadang-kadang,Sering,Jarang,Kadang-kadang,Tidak Pernah,Tidak Pernah,Tidak Pernah,Tidak Pernah,Kadang-kadang,Jarang,Jarang,Jarang,Jarang,Jarang,Sering,Sering,Sering,Kadang-kadang,Jarang,Jarang,Jarang,Jarang,Tidak Pernah,Sering,Sangat Tidak Setuju,Tidak Setuju,Tidak Setuju,Setuju,Sangat Tidak Setuju,Sangat Setuju,Sangat Tidak Setuju,Sangat Tidak Setuju,Setuju,Tidak Setuju,Sangat Setuju,Sangat Setuju,Sangat Tidak Setuju,Setuju,Setuju,Sangat Tidak Setuju,Sangat Setuju,Sangat Setuju,Sangat Setuju,Sangat Setuju,Setuju,Sangat Setuju,Setuju,Tidak Setuju,Tidak Setuju,Sangat Tidak Setuju,Sangat Setuju,Setuju,Sangat Tidak Setuju,Sangat Setuju,Sangat Setuju,Sangat Setuju,Setuju,Tidak Setuju,Sangat Setuju,Sangat Setuju,Setuju,Setuju,Tidak Setuju,Sangat Setuju,6,7,5,3,2,6,6,6,Nasywaa Syifa,
11/09/2026 18:30:21,"Ya, Saya bersedia",lili,085350940666,banda aceh,Perempuan,36,SMA,Menikah,Ibu rumah tangga,2.000.000,19,18,3,Rumah Sendiri,,,,,,,,,,,,,,Selalu,Sering,Selalu,Selalu,Selalu,Selalu,Selalu,Selalu,Selalu,Selalu,Selalu,Selalu,Sering,Selalu,Selalu,Selalu,Selalu,Selalu,Selalu,Selalu,Selalu,Selalu,Selalu,Selalu,Selalu,Selalu,Sering,Selalu,Selalu,Sering,Kadang-kadang,Jarang,Jarang,Kadang-kadang,Jarang,Tidak Pernah,Tidak Pernah,Jarang,Jarang,Selalu,Kadang-kadang,Kadang-kadang,Jarang,Kadang-kadang,Jarang,Selalu,Sering,Sering,Jarang,Sering,Tidak Pernah,Tidak Pernah,Tidak Pernah,Tidak Pernah,Tidak Setuju,Sangat Tidak Setuju,Tidak Setuju,Sangat Tidak Setuju,Sangat Tidak Setuju,Sangat Tidak Setuju,Sangat Tidak Setuju,Sangat Tidak Setuju,Tidak Setuju,Sangat Tidak Setuju,Sangat Tidak Setuju,Sangat Tidak Setuju,Sangat Tidak Setuju,Sangat Tidak Setuju,Sangat Tidak Setuju,Sangat Tidak Setuju,Sangat Tidak Setuju,Sangat Tidak Setuju,Sangat Tidak Setuju,Sangat Tidak Setuju,Sangat Setuju,Setuju,Sangat Setuju,Setuju,Sangat Setuju,Sangat Setuju,Sangat Setuju,Sangat Setuju,Sangat Setuju,Sangat Setuju,Sangat Setuju,Sangat Setuju,Sangat Setuju,Sangat Setuju,Sangat Setuju,Sangat Setuju,Sangat Setuju,Sangat Setuju,Sangat Setuju,Sangat Setuju,7,8,9,7,7,10,9,7,Nasywaa Syifa,
11/09/2026 18:35:21,"Ya, Saya bersedia",A,-,banda aceg,Laki-laki,36,S1,Menikah,karyawan swasta,3.000.000,8,27,2,Rumah Sendiri,,,,,,,,,,,,,,Selalu,Selalu,Selalu,Selalu,Selalu,Selalu,Selalu,Selalu,Selalu,Selalu,Selalu,Selalu,Selalu,Selalu,Selalu,Selalu,Selalu,Selalu,Selalu,Selalu,Selalu,Selalu,Selalu,Selalu,Selalu,Selalu,Selalu,Selalu,Selalu,Selalu,Tidak Pernah,Tidak Pernah,Tidak Pernah,Tidak Pernah,Tidak Pernah,Tidak Pernah,Tidak Pernah,Tidak Pernah,Tidak Pernah,Tidak Pernah,Tidak Pernah,Tidak Pernah,Tidak Pernah,Tidak Pernah,Selalu,Selalu,Selalu,Selalu,Selalu,Selalu,Selalu,Selalu,Tidak Pernah,Tidak Pernah,Tidak Setuju,Tidak Setuju,Tidak Setuju,Sangat Setuju,Sangat Tidak Setuju,Sangat Setuju,Sangat Tidak Setuju,Sangat Tidak Setuju,Sangat Tidak Setuju,Sangat Tidak Setuju,Sangat Tidak Setuju,Sangat Tidak Setuju,Sangat Tidak Setuju,Sangat Tidak Setuju,Sangat Tidak Setuju,Sangat Tidak Setuju,Sangat Tidak Setuju,Sangat Tidak Setuju,Sangat Tidak Setuju,Sangat Tidak Setuju,Sangat Setuju,Sangat Setuju,Sangat Setuju,Sangat Tidak Setuju,Sangat Tidak Setuju,Sangat Tidak Setuju,Sangat Tidak Setuju,Sangat Tidak Setuju,Sangat Tidak Setuju,Sangat Setuju,Sangat Tidak Setuju,Sangat Setuju,Sangat Setuju,Sangat Tidak Setuju,Sangat Setuju,Sangat Setuju,Sangat Setuju,Sangat Setuju,Sangat Tidak Setuju,Sangat Setuju,8,8,7,7,5,7,2,8,Nasywaa Syifa,
11/09/2026 18:42:31,"Ya, Saya bersedia",M,-,banda aceh,Laki-laki,58,S1,Cerai Hidup,PNS,4.000.000,,,,,takdir allah,24,24,48,1,Rumah Sendiri,,,,,,,,Tidak pernah,Tidak Pernah,Tidak Pernah,Tidak Pernah,Tidak Pernah,Tidak Pernah,Tidak Pernah,Tidak Pernah,Tidak Pernah,Tidak Pernah,Tidak Pernah,Tidak Pernah,Tidak Pernah,Tidak Pernah,Tidak Pernah,Tidak Pernah,Tidak Pernah,Tidak Pernah,Tidak Pernah,Tidak Pernah,Tidak Pernah,Tidak Pernah,Tidak Pernah,Tidak Pernah,Tidak Pernah,Tidak Pernah,Tidak Pernah,Tidak Pernah,Tidak Pernah,Tidak Pernah,Tidak Pernah,Jarang,Tidak Pernah,Sering,Kadang-kadang,Tidak Pernah,Sering,Sering,Selalu,Selalu,Sering,Selalu,Selalu,Tidak Pernah,Selalu,Selalu,Selalu,Kadang-kadang,Sering,Sering,Sering,Sering,Kadang-kadang,Kadang-kadang,Sangat Tidak Setuju,Sangat Tidak Setuju,Sangat Tidak Setuju,Sangat Tidak Setuju,Sangat Tidak Setuju,Sangat Setuju,Tidak Setuju,Sangat Tidak Setuju,Tidak Setuju,Sangat Tidak Setuju,Sangat Setuju,Sangat Setuju,Sangat Tidak Setuju,Setuju,Sangat Setuju,Tidak Setuju,Sangat Setuju,Sangat Setuju,Sangat Setuju,Sangat Setuju,Setuju,Sangat Setuju,Setuju,Tidak Setuju,Sangat Tidak Setuju,Sangat Tidak Setuju,Sangat Setuju,Sangat Setuju,Sangat Setuju,Sangat Setuju,Sangat Setuju,Sangat Setuju,Setuju,Sangat Tidak Setuju,Sangat Setuju,Sangat Setuju,Sangat Setuju,Sangat Setuju,Sangat Tidak Setuju,Setuju,9,10,10,4,7,4,1,4,Nasywaa Syifa,
11/09/2026 21:32:44,"Ya, Saya bersedia",KF,082341681588,Aceh besar,Laki-laki,35,S1,Menikah,ASN,3.000.000,5,30,2,Rumah Keluarga,,,,,,,,,,,,,,Selalu,Selalu,Selalu,Selalu,Selalu,Selalu,Selalu,Selalu,Selalu,Selalu,Selalu,Selalu,Selalu,Selalu,Selalu,Selalu,Selalu,Selalu,Selalu,Selalu,Selalu,Selalu,Selalu,Selalu,Selalu,Selalu,Selalu,Selalu,Selalu,Selalu,Tidak Pernah,Tidak Pernah,Tidak Pernah,Tidak Pernah,Tidak Pernah,Tidak Pernah,Tidak Pernah,Tidak Pernah,Tidak Pernah,Tidak Pernah,Tidak Pernah,Jarang,Sering,Tidak Pernah,Sering,Sering,Sering,Tidak Pernah,Tidak Pernah,Tidak Pernah,Tidak Pernah,Tidak Pernah,Tidak Pernah,Tidak Pernah,Sangat Tidak Setuju,Sangat Tidak Setuju,Sangat Tidak Setuju,Sangat Setuju,Sangat Tidak Setuju,Sangat Setuju,Sangat Tidak Setuju,Sangat Tidak Setuju,Sangat Tidak Setuju,Sangat Tidak Setuju,Sangat Setuju,Sangat Setuju,Sangat Tidak Setuju,Sangat Setuju,Sangat Setuju,Sangat Tidak Setuju,Sangat Setuju,Sangat Setuju,Sangat Setuju,Sangat Setuju,Sangat Setuju,Sangat Setuju,Sangat Setuju,Sangat Tidak Setuju,Sangat Tidak Setuju,Sangat Tidak Setuju,Sangat Setuju,Sangat Setuju,Sangat Tidak Setuju,Sangat Setuju,Sangat Setuju,Sangat Setuju,Sangat Setuju,Sangat Tidak Setuju,Sangat Setuju,Sangat Setuju,Sangat Setuju,Sangat Setuju,Sangat Tidak Setuju,Sangat Setuju,9,6,7,5,4,4,5,7,Nasywaa Syifa,
11/09/2026 22:08:34,"Ya, Saya bersedia",Crisnandarsyah,081360292060,Banda Aceh,Laki-laki,41,SMA,Menikah,Polri,7.000.000,17,24,3,Rumah Sendiri,,,,,,,,,,,,,,Kadang-kadang,Selalu,Selalu,Selalu,Selalu,Selalu,Selalu,Selalu,Selalu,Selalu,Selalu,Selalu,Kadang-kadang,Selalu,Selalu,Selalu,Selalu,Selalu,Sering,Selalu,Sering,Selalu,Sering,Sering,Sering,Sering,Jarang,Selalu,Selalu,Sering,Jarang,Jarang,Jarang,Jarang,Jarang,Jarang,Jarang,Kadang-kadang,Jarang,Jarang,Jarang,Kadang-kadang,Sering,Kadang-kadang,Sering,Kadang-kadang,Jarang,Jarang,Tidak Pernah,Jarang,Jarang,Jarang,Jarang,Tidak Pernah,Tidak Setuju,Tidak Setuju,Tidak Setuju,Setuju,Tidak Setuju,Sangat Setuju,Sangat Tidak Setuju,Tidak Setuju,Tidak Setuju,Tidak Setuju,Setuju,Setuju,Sangat Tidak Setuju,Sangat Setuju,Setuju,Tidak Setuju,Setuju,Setuju,Sangat Setuju,Setuju,Setuju,Setuju,Setuju,Tidak Setuju,Tidak Setuju,Tidak Setuju,Sangat Setuju,Setuju,Sangat Setuju,Sangat Setuju,Setuju,Sangat Setuju,Setuju,Tidak Setuju,Setuju,Setuju,Setuju,Setuju,Tidak Setuju,Setuju,7,8,7,7,7,7,7,7,Nasywaa Syifa,
12/09/2026 21:17:25,"Ya, Saya bersedia",Rani,081269525251,Lam Bheu,Perempuan,48,MAN,Menikah,Ibu Rumah Tangga,Rp 1.500.000 - Rp 2.000.000,21 Tahun,26 Tahun,4,Rumah Mertua,,,,,,,,,,,,,,Sering,Jarang,Sering,Selalu,Kadang-kadang,Sering,Selalu,Selalu,Selalu,Sering,Selalu,Sering,Kadang-kadang,Kadang-kadang,Sering,Selalu,Kadang-kadang,Kadang-kadang,Kadang-kadang,Sering,Sering,Sering,Sering,Kadang-kadang,Kadang-kadang,Kadang-kadang,Kadang-kadang,Kadang-kadang,Selalu,Selalu,Tidak Pernah,Tidak Pernah,Tidak Pernah,Tidak Pernah,Tidak Pernah,Tidak Pernah,Tidak Pernah,Tidak Pernah,Tidak Pernah,Tidak Pernah,Jarang,Kadang-kadang,Tidak Pernah,Tidak Pernah,Kadang-kadang,Tidak Pernah,Tidak Pernah,Tidak Pernah,Tidak Pernah,Jarang,Kadang-kadang,Tidak Pernah,Tidak Pernah,Tidak Pernah,Tidak Setuju,Tidak Setuju,Tidak Setuju,Setuju,Tidak Setuju,Sangat Tidak Setuju,Tidak Setuju,Tidak Setuju,Tidak Setuju,Sangat Tidak Setuju,Tidak Setuju,Tidak Setuju,Tidak Setuju,Sangat Tidak Setuju,Tidak Setuju,Tidak Setuju,Tidak Setuju,Tidak Setuju,Sangat Tidak Setuju,Tidak Setuju,Setuju,Setuju,Setuju,Tidak Setuju,Tidak Setuju,Tidak Setuju,Tidak Setuju,Setuju,Tidak Setuju,Setuju,Setuju,Setuju,Setuju,Tidak Setuju,Setuju,Setuju,Setuju,Setuju,Tidak Setuju,Setuju,9,8,9,7,4,9,9,9,Rafi,
12/09/2026 21:29:15,"Ya, Saya bersedia",ER,0852608658,Gp. Bayu,Perempuan,68 tahun,D-III / D-IV,Menikah,Pensiunan,Rp13.000.000,27,38,2,Rumah Sendiri,,,,,,,,,,,,,,Kadang-kadang,Jarang,Kadang-kadang,Jarang,Selalu,Sering,Selalu,Kadang-kadang,Kadang-kadang,Kadang-kadang,Kadang-kadang,Sering,Kadang-kadang,Kadang-kadang,Sering,Selalu,Selalu,Selalu,Kadang-kadang,Kadang-kadang,Kadang-kadang,Selalu,Selalu,Kadang-kadang,Kadang-kadang,Sering,Kadang-kadang,Kadang-kadang,Selalu,Kadang-kadang,Jarang,Tidak Pernah,Tidak Pernah,Jarang,Tidak Pernah,Tidak Pernah,Tidak Pernah,Jarang,Kadang-kadang,Tidak Pernah,Jarang,Tidak Pernah,Jarang,Tidak Pernah,Kadang-kadang,Kadang-kadang,Jarang,Kadang-kadang,Tidak Pernah,Jarang,Jarang,Jarang,Tidak Pernah,Tidak Pernah,Sangat Tidak Setuju,Tidak Setuju,Sangat Tidak Setuju,Setuju,Sangat Tidak Setuju,Sangat Tidak Setuju,Sangat Tidak Setuju,Tidak Setuju,Sangat Tidak Setuju,Sangat Tidak Setuju,Sangat Tidak Setuju,Sangat Tidak Setuju,Sangat Tidak Setuju,Sangat Setuju,Setuju,Sangat Tidak Setuju,Sangat Setuju,Sangat Setuju,Sangat Setuju,Sangat Setuju,Sangat Tidak Setuju,Sangat Setuju,Setuju,Tidak Setuju,Setuju,Tidak Setuju,Sangat Setuju,Tidak Setuju,Sangat Tidak Setuju,Sangat Setuju,Sangat Setuju,Tidak Setuju,Sangat Tidak Setuju,Sangat Tidak Setuju,Sangat Setuju,Sangat Setuju,Setuju,Sangat Setuju,Sangat Tidak Setuju,Sangat Setuju,7,8,9,10,4,9,10,10,Rafi,
12/09/2026 21:30:40,"Ya, Saya bersedia",Tb,081279283704,Banda Aceh,Laki-laki,63,S1,Menikah,Pensiunan,3.000.000,34 Tahun,29 Tahun,3,Rumah Sendiri,,,,,,,,,,,,,,Sering,Sering,Jarang,Jarang,Sering,Kadang-kadang,Sering,Sering,Sering,Sering,Kadang-kadang,Sering,Jarang,Sering,Kadang-kadang,Kadang-kadang,Kadang-kadang,Sering,Sering,Sering,Sering,Kadang-kadang,Selalu,Sering,Sering,Kadang-kadang,Kadang-kadang,Sering,Sering,Selalu,Jarang,Tidak Pernah,Jarang,Tidak Pernah,Jarang,Jarang,Kadang-kadang,Kadang-kadang,Kadang-kadang,Jarang,Jarang,Sering,Sering,Selalu,Sering,Sering,Sering,Kadang-kadang,Kadang-kadang,Kadang-kadang,Kadang-kadang,Jarang,Jarang,Jarang,Sangat Tidak Setuju,Tidak Setuju,Sangat Tidak Setuju,Setuju,Sangat Tidak Setuju,Sangat Setuju,Sangat Tidak Setuju,Tidak Setuju,Tidak Setuju,Sangat Tidak Setuju,Setuju,Setuju,Tidak Setuju,Tidak Setuju,Tidak Setuju,Setuju,Sangat Setuju,Setuju,Setuju,Setuju,Setuju,Setuju,Setuju,Sangat Tidak Setuju,Tidak Setuju,Tidak Setuju,Setuju,Setuju,Tidak Setuju,Setuju,Setuju,Setuju,Tidak Setuju,Tidak Setuju,Setuju,Setuju,Setuju,Setuju,Tidak Setuju,Setuju,4,5,6,7,3,3,7,4,Nasywaa Syifa,
12/09/2026 21:40:43,"Ya, Saya bersedia",BAS,-,Banda Aceh,Perempuan,23,S1,Menikah,IRT,Rp4.000.000,3,20,1,Rumah Sewa,,,,,,,,,,,,,,Sering,Kadang-kadang,Sering,Sering,Sering,Sering,Sering,Sering,Kadang-kadang,Kadang-kadang,Kadang-kadang,Kadang-kadang,Sering,Kadang-kadang,Sering,Kadang-kadang,Sering,Sering,Sering,Sering,Sering,Sering,Selalu,Selalu,Selalu,Selalu,Sering,Selalu,Sering,Kadang-kadang,Kadang-kadang,Kadang-kadang,Kadang-kadang,Jarang,Tidak Pernah,Tidak Pernah,Tidak Pernah,Jarang,Tidak Pernah,Jarang,Jarang,Tidak Pernah,Tidak Pernah,Tidak Pernah,Tidak Pernah,Tidak Pernah,Tidak Pernah,Tidak Pernah,Kadang-kadang,Kadang-kadang,Kadang-kadang,Kadang-kadang,Kadang-kadang,Kadang-kadang,Sangat Tidak Setuju,Sangat Tidak Setuju,Sangat Tidak Setuju,Sangat Tidak Setuju,Sangat Tidak Setuju,Sangat Setuju,Sangat Tidak Setuju,Sangat Tidak Setuju,Sangat Tidak Setuju,Sangat Tidak Setuju,Sangat Setuju,Sangat Setuju,Sangat Tidak Setuju,Sangat Setuju,Sangat Setuju,Sangat Tidak Setuju,Sangat Setuju,Sangat Setuju,Sangat Setuju,Sangat Setuju,Sangat Setuju,Sangat Setuju,Sangat Setuju,Sangat Tidak Setuju,Sangat Tidak Setuju,Sangat Tidak Setuju,Sangat Setuju,Sangat Setuju,Sangat Setuju,Sangat Tidak Setuju,Sangat Setuju,Sangat Setuju,Sangat Tidak Setuju,Sangat Tidak Setuju,Sangat Setuju,Sangat Tidak Setuju,Sangat Setuju,Sangat Setuju,Sangat Setuju,Sangat Setuju,5,5,5,5,5,7,7,7,Rafi,
12/09/2026 21:51:30,"Ya, Saya bersedia",Er,08126908712,Pango Raya,Perempuan,52,D-III / D-IV,Menikah,IRT,Rp3.500.000,19,32,3,Rumah Sendiri,,,,,,,,,,,,,,Kadang-kadang,Sering,Sering,Sering,Sering,Selalu,Selalu,Kadang-kadang,Selalu,Selalu,Sering,Sering,Kadang-kadang,Sering,Sering,Selalu,Kadang-kadang,Kadang-kadang,Kadang-kadang,Sering,Selalu,Selalu,Selalu,Kadang-kadang,Sering,Kadang-kadang,Kadang-kadang,Sering,Sering,Selalu,Tidak Pernah,Jarang,Tidak Pernah,Kadang-kadang,Jarang,Jarang,Kadang-kadang,Jarang,Jarang,Tidak Pernah,Jarang,Kadang-kadang,Sering,Tidak Pernah,Sering,Sering,Sering,Kadang-kadang,Kadang-kadang,Kadang-kadang,Sering,Jarang,Tidak Pernah,Tidak Pernah,Sangat Tidak Setuju,Sangat Tidak Setuju,Sangat Tidak Setuju,Sangat Setuju,Sangat Tidak Setuju,Sangat Setuju,Sangat Tidak Setuju,Setuju,Tidak Setuju,Tidak Setuju,Setuju,Sangat Setuju,Sangat Tidak Setuju,Setuju,Setuju,Tidak Setuju,Setuju,Setuju,Sangat Setuju,Sangat Setuju,Sangat Setuju,Sangat Setuju,Tidak Setuju,Sangat Tidak Setuju,Sangat Tidak Setuju,Tidak Setuju,Sangat Setuju,Tidak Setuju,Sangat Tidak Setuju,Tidak Setuju,Tidak Setuju,Sangat Setuju,Sangat Tidak Setuju,Setuju,Sangat Setuju,Setuju,Tidak Setuju,Tidak Setuju,Tidak Setuju,Tidak Setuju,7,7,4,4,6,5,5,7,Rafi,
12/09/2026 21:58:41,"Ya, Saya bersedia",FA,085372536040,Lambheu,Perempuan,36,D-III / D-IV,Menikah,IRT,+- Rp 3.000.000,14,22,2,Rumah Sendiri,,,,,,,,,,,,,,Sering,Sering,Sering,Selalu,Sering,Sering,Sering,Kadang-kadang,Sering,Sering,Selalu,Sering,Kadang-kadang,Selalu,Selalu,Sering,Sering,Sering,Kadang-kadang,Selalu,Kadang-kadang,Sering,Sering,Sering,Sering,Sering,Kadang-kadang,Kadang-kadang,Sering,Sering,Kadang-kadang,Kadang-kadang,Jarang,Jarang,Jarang,Jarang,Jarang,Jarang,Sering,Kadang-kadang,Kadang-kadang,Sering,Sering,Kadang-kadang,Sering,Sering,Sering,Kadang-kadang,Jarang,Kadang-kadang,Kadang-kadang,Kadang-kadang,Jarang,Jarang,Tidak Setuju,Tidak Setuju,Tidak Setuju,Setuju,Tidak Setuju,Setuju,Tidak Setuju,Setuju,Tidak Setuju,Tidak Setuju,Setuju,Setuju,Tidak Setuju,Setuju,Setuju,Tidak Setuju,Setuju,Setuju,Sangat Setuju,Sangat Setuju,Setuju,Sangat Setuju,Setuju,Tidak Setuju,Tidak Setuju,Tidak Setuju,Setuju,Setuju,Tidak Setuju,Setuju,Sangat Setuju,Setuju,Setuju,Sangat Tidak Setuju,Setuju,Setuju,Setuju,Setuju,Tidak Setuju,Setuju,6,6,5,6,4,3,3,5,Rafi,
12/09/2026 22:06:57,"Ya, Saya bersedia",Yulianti Pohan,085277718871,Lambheu,Perempuan,49,SMA,Menikah,IRT,Tidak Tetap/Gaji Per-hari,24,25,3,menumpang,,,,,,,,,,,,,,Kadang-kadang,Kadang-kadang,Sering,Sering,Selalu,Sering,Selalu,Jarang,Jarang,Kadang-kadang,Kadang-kadang,Kadang-kadang,Kadang-kadang,Selalu,Kadang-kadang,Kadang-kadang,Kadang-kadang,Kadang-kadang,Kadang-kadang,Kadang-kadang,Sering,Sering,Selalu,Kadang-kadang,Kadang-kadang,Kadang-kadang,Kadang-kadang,Sering,Sering,Kadang-kadang,Kadang-kadang,Jarang,Jarang,Jarang,Jarang,Tidak Pernah,Kadang-kadang,Kadang-kadang,Kadang-kadang,Tidak Pernah,Jarang,Kadang-kadang,Kadang-kadang,Tidak Pernah,Kadang-kadang,Kadang-kadang,Kadang-kadang,Kadang-kadang,Kadang-kadang,Jarang,Kadang-kadang,Kadang-kadang,Jarang,Jarang,Tidak Setuju,Tidak Setuju,Tidak Setuju,Setuju,Sangat Tidak Setuju,Setuju,Sangat Tidak Setuju,Setuju,Tidak Setuju,Tidak Setuju,Setuju,Setuju,Sangat Tidak Setuju,Setuju,Setuju,Sangat Tidak Setuju,Sangat Setuju,Sangat Setuju,Setuju,Sangat Setuju,Setuju,Setuju,Setuju,Sangat Tidak Setuju,Tidak Setuju,Tidak Setuju,Sangat Setuju,Setuju,Sangat Tidak Setuju,Sangat Setuju,Sangat Setuju,Sangat Setuju,Setuju,Sangat Tidak Setuju,Sangat Setuju,Sangat Setuju,Setuju,Setuju,Sangat Tidak Setuju,Setuju,2,1,1,1,2,1,2,1,Rafi,
12/09/2026 22:14:04,"Ya, Saya bersedia",Suhailah,085269820981,Banda Aceh,Perempuan,36,SMA,Menikah,IRT,-,9,26,2,Rumah Mertua,,,,,,,,,,,,,,Tidak pernah,Sering,Kadang-kadang,Tidak Pernah,Kadang-kadang,Sering,Kadang-kadang,Jarang,Tidak Pernah,Tidak Pernah,Kadang-kadang,Tidak Pernah,Tidak Pernah,Selalu,Tidak Pernah,Tidak Pernah,Tidak Pernah,Tidak Pernah,Selalu,Selalu,Selalu,Selalu,Selalu,Selalu,Selalu,Selalu,Selalu,Selalu,Selalu,Selalu,Kadang-kadang,Sering,Jarang,Kadang-kadang,Jarang,Jarang,Kadang-kadang,Jarang,Kadang-kadang,Sering,Sering,Kadang-kadang,Selalu,Kadang-kadang,Selalu,Kadang-kadang,Sering,Selalu,Kadang-kadang,Tidak Pernah,Kadang-kadang,Sering,Kadang-kadang,Kadang-kadang,Sangat Tidak Setuju,Sangat Tidak Setuju,Sangat Tidak Setuju,Sangat Setuju,Sangat Tidak Setuju,Sangat Tidak Setuju,Sangat Tidak Setuju,Sangat Tidak Setuju,Tidak Setuju,Sangat Tidak Setuju,Sangat Tidak Setuju,Sangat Tidak Setuju,Sangat Tidak Setuju,Sangat Tidak Setuju,Sangat Tidak Setuju,Sangat Tidak Setuju,Sangat Tidak Setuju,Sangat Tidak Setuju,Sangat Tidak Setuju,Sangat Tidak Setuju,Sangat Tidak Setuju,Tidak Setuju,Sangat Tidak Setuju,Sangat Tidak Setuju,Sangat Tidak Setuju,Sangat Tidak Setuju,Sangat Tidak Setuju,Sangat Tidak Setuju,Sangat Tidak Setuju,Sangat Tidak Setuju,Sangat Tidak Setuju,Sangat Tidak Setuju,Tidak Setuju,Tidak Setuju,Setuju,Tidak Setuju,Setuju,Setuju,Tidak Setuju,Tidak Setuju,2,1,2,2,2,1,4,1,Rafi,
12/09/2026 23:17:16,"Ya, Saya bersedia",Ufi Wiwi,081262701090,Banda Aceh,Perempuan,24,SMA,Menikah,IRT,Rp4.500.000,21,5,1,Rumah Sendiri,,,,,,,,,,,,,,Selalu,Jarang,Sering,Selalu,Sering,Sering,Selalu,Selalu,Selalu,Selalu,Selalu,Sering,Kadang-kadang,Sering,Selalu,Selalu,Selalu,Sering,Selalu,Selalu,Selalu,Selalu,Selalu,Sering,Sering,Sering,Kadang-kadang,Selalu,Selalu,Kadang-kadang,Sering,Sering,Sering,Sering,Sering,Kadang-kadang,Jarang,Kadang-kadang,Sering,Sering,Selalu,Kadang-kadang,Sering,Tidak Pernah,Sering,Sering,Sering,Selalu,Kadang-kadang,Kadang-kadang,Jarang,Tidak Pernah,Kadang-kadang,Jarang,Tidak Setuju,Tidak Setuju,Tidak Setuju,Sangat Tidak Setuju,Tidak Setuju,Sangat Tidak Setuju,Tidak Setuju,Tidak Setuju,Tidak Setuju,Sangat Tidak Setuju,Tidak Setuju,Tidak Setuju,Tidak Setuju,Setuju,Setuju,Tidak Setuju,Tidak Setuju,Tidak Setuju,Sangat Tidak Setuju,Tidak Setuju,Setuju,Setuju,Sangat Setuju,Tidak Setuju,Tidak Setuju,Tidak Setuju,Setuju,Setuju,Tidak Setuju,Setuju,Setuju,Tidak Setuju,Tidak Setuju,Tidak Setuju,Setuju,Setuju,Tidak Setuju,Setuju,Setuju,Setuju,10,10,7,7,7,4,7,7,Rafi,
12/09/2026 23:25:05,"Ya, Saya bersedia",R,085277914019,Lhong Raya,Perempuan,43,S1,Menikah,IRT,Rp6.000.000,18,25,3,Rumah Sendiri,,,,,,,,,,,,,,Selalu,Selalu,Selalu,Selalu,Selalu,Selalu,Selalu,Selalu,Selalu,Selalu,Selalu,Selalu,Sering,Selalu,Selalu,Selalu,Selalu,Selalu,Selalu,Selalu,Selalu,Selalu,Sering,Selalu,Selalu,Selalu,Selalu,Selalu,Selalu,Selalu,Tidak Pernah,Tidak Pernah,Tidak Pernah,Tidak Pernah,Tidak Pernah,Tidak Pernah,Tidak Pernah,Tidak Pernah,Tidak Pernah,Tidak Pernah,Tidak Pernah,Tidak Pernah,Tidak Pernah,Jarang,Jarang,Kadang-kadang,Jarang,Kadang-kadang,Tidak Pernah,Kadang-kadang,Jarang,Jarang,Jarang,Kadang-kadang,Sangat Tidak Setuju,Tidak Setuju,Tidak Setuju,Sangat Setuju,Sangat Tidak Setuju,Sangat Setuju,Sangat Tidak Setuju,Tidak Setuju,Tidak Setuju,Sangat Tidak Setuju,Setuju,Sangat Setuju,Sangat Tidak Setuju,Sangat Setuju,Setuju,Tidak Setuju,Sangat Setuju,Setuju,Sangat Setuju,Sangat Setuju,Sangat Setuju,Sangat Setuju,Setuju,Sangat Setuju,Tidak Setuju,Tidak Setuju,Sangat Setuju,Setuju,Sangat Tidak Setuju,Setuju,Setuju,Setuju,Setuju,Tidak Setuju,Sangat Setuju,Setuju,Sangat Setuju,Sangat Setuju,Sangat Tidak Setuju,Sangat Setuju,8,8,7,7,7,7,7,8,Rafi,
12/09/2026 23:33:33,"Ya, Saya bersedia",nong,085260709292,Doy,Perempuan,55,SMA,Menikah,Swasta,Rp5.000.000,34,20,2,Rumah Sendiri,,,,,,,,,,,,,,Jarang,Jarang,Jarang,Jarang,Jarang,Jarang,Kadang-kadang,Kadang-kadang,Jarang,Jarang,Kadang-kadang,Selalu,Jarang,Sering,Kadang-kadang,Jarang,Jarang,Jarang,Kadang-kadang,Kadang-kadang,Kadang-kadang,Jarang,Kadang-kadang,Tidak Pernah,Tidak Pernah,Tidak Pernah,Tidak Pernah,Tidak Pernah,Jarang,Kadang-kadang,Kadang-kadang,Sering,Sering,Kadang-kadang,Kadang-kadang,Kadang-kadang,Sering,Sering,Sering,Jarang,Sering,Sering,Sering,Kadang-kadang,Kadang-kadang,Kadang-kadang,Kadang-kadang,Sering,Sering,Sering,Sering,Sering,Sering,Kadang-kadang,Sangat Tidak Setuju,Tidak Setuju,Sangat Tidak Setuju,Setuju,Sangat Tidak Setuju,Sangat Tidak Setuju,Sangat Tidak Setuju,Tidak Setuju,Sangat Tidak Setuju,Sangat Tidak Setuju,Sangat Tidak Setuju,Sangat Tidak Setuju,Sangat Tidak Setuju,Sangat Tidak Setuju,Sangat Setuju,Setuju,Sangat Tidak Setuju,Sangat Setuju,Sangat Setuju,Sangat Setuju,Sangat Tidak Setuju,Sangat Setuju,Setuju,Tidak Setuju,Setuju,Tidak Setuju,Sangat Setuju,Tidak Setuju,Sangat Tidak Setuju,Sangat Setuju,Sangat Setuju,Setuju,Sangat Tidak Setuju,Sangat Tidak Setuju,Sangat Setuju,Sangat Setuju,Setuju,Sangat Setuju,Sangat Tidak Setuju,Sangat Setuju,3,8,9,5,1,6,4,2,Rafi,
13/09/2026 11:13:50,"Ya, Saya bersedia",N,0851-6753-6767,"Krueng Barona Jaya, Aceh Besar.",Perempuan,59 tahun,SMA,Menikah,Tidak bekerja (IRT),"8,000,000",38 tahun,21 tahun,5,Rumah Sendiri,,,,,,,,,,,,,,Kadang-kadang,Jarang,Sering,Sering,Kadang-kadang,Sering,Sering,Sering,Sering,Sering,Sering,Sering,Kadang-kadang,Selalu,Sering,Selalu,Sering,Sering,Sering,Selalu,Kadang-kadang,Sering,Selalu,Sering,Sering,Sering,Sering,Sering,Selalu,Sering,Jarang,Kadang-kadang,Jarang,Tidak Pernah,Tidak Pernah,Tidak Pernah,Tidak Pernah,Kadang-kadang,Kadang-kadang,Jarang,Jarang,Jarang,Kadang-kadang,Jarang,Kadang-kadang,Kadang-kadang,Jarang,Kadang-kadang,Kadang-kadang,Jarang,Jarang,Jarang,Jarang,Jarang,Sangat Tidak Setuju,Tidak Setuju,Tidak Setuju,Setuju,Tidak Setuju,Sangat Setuju,Tidak Setuju,Setuju,Tidak Setuju,Tidak Setuju,Setuju,Setuju,Sangat Tidak Setuju,Setuju,Tidak Setuju,Tidak Setuju,Setuju,Setuju,Setuju,Setuju,Setuju,Sangat Setuju,Setuju,Tidak Setuju,Tidak Setuju,Tidak Setuju,Setuju,Setuju,Tidak Setuju,Setuju,Sangat Setuju,Setuju,Setuju,Setuju,Setuju,Sangat Setuju,Setuju,Setuju,Tidak Setuju,Setuju,5,5,5,4,5,4,4,5,Nasywaa Syifa,
13/09/2026 11:27:01,"Ya, Saya bersedia",N,085138389330,Banda Aceh ,Perempuan,44 tahun ,SMA,Cerai Hidup,swasta (jualan),2.000.000,,,,,finansial/ekonomi ,4 tahun,23 tahun ,27,1,Rumah Keluarga,,,,,,,,Tidak pernah,Tidak Pernah,Jarang,Tidak Pernah,Jarang,Tidak Pernah,Jarang,Tidak Pernah,Jarang,Tidak Pernah,Tidak Pernah,Selalu,Tidak Pernah,Tidak Pernah,Tidak Pernah,Tidak Pernah,Tidak Pernah,Tidak Pernah,Tidak Pernah,Tidak Pernah,Jarang,Tidak Pernah,Tidak Pernah,Jarang,Kadang-kadang,Tidak Pernah,Tidak Pernah,Tidak Pernah,Selalu,Kadang-kadang,Jarang,Sering,Kadang-kadang,Tidak Pernah,Tidak Pernah,Tidak Pernah,Sering,Jarang,Jarang,Jarang,Kadang-kadang,Kadang-kadang,Jarang,Tidak Pernah,Tidak Pernah,Tidak Pernah,Selalu,Kadang-kadang,Tidak Pernah,Tidak Pernah,Jarang,Tidak Pernah,Tidak Pernah,Tidak Pernah,Sangat Setuju,Tidak Setuju,Sangat Tidak Setuju,Sangat Setuju,Sangat Tidak Setuju,Sangat Setuju,Sangat Tidak Setuju,Sangat Tidak Setuju,Sangat Tidak Setuju,Sangat Tidak Setuju,Sangat Setuju,Sangat Setuju,Sangat Tidak Setuju,Sangat Setuju,Sangat Setuju,Sangat Tidak Setuju,Sangat Setuju,Sangat Setuju,Sangat Setuju,Sangat Setuju,Sangat Setuju,Sangat Setuju,Sangat Setuju,Sangat Tidak Setuju,Sangat Tidak Setuju,Sangat Tidak Setuju,Setuju,Setuju,Sangat Tidak Setuju,Sangat Setuju,Sangat Setuju,Setuju,Sangat Setuju,Sangat Tidak Setuju,Setuju,Sangat Setuju,Setuju,Setuju,Sangat Tidak Setuju,Setuju,4,5,4,7,1,1,4,4,Wazugni,
13/09/2026 11:36:52,"Ya, Saya bersedia",RA ,081377017097,"Labui, banda aceh",Perempuan,25 tahun,SMA,Menikah,Belum bekerja ,5.000.000,1 bulan,25 tahun,0,Rumah Keluarga,,,,,,,,,,,,,,Tidak pernah,Kadang-kadang,Selalu,Selalu,Selalu,Selalu,Selalu,Selalu,Selalu,Selalu,Selalu,Selalu,Kadang-kadang,Selalu,Selalu,Selalu,Selalu,Selalu,Selalu,Selalu,Kadang-kadang,Selalu,Selalu,Sering,Sering,Selalu,Sering,Selalu,Selalu,Selalu,Sering,Selalu,Sering,Kadang-kadang,Tidak Pernah,Tidak Pernah,Tidak Pernah,Tidak Pernah,Tidak Pernah,Tidak Pernah,Sering,Kadang-kadang,Kadang-kadang,Tidak Pernah,Tidak Pernah,Tidak Pernah,Kadang-kadang,Kadang-kadang,Tidak Pernah,Kadang-kadang,Kadang-kadang,Tidak Pernah,Tidak Pernah,Tidak Pernah,Tidak Setuju,Setuju,Tidak Setuju,Sangat Setuju,Sangat Tidak Setuju,Sangat Setuju,Sangat Tidak Setuju,Sangat Tidak Setuju,Setuju,Sangat Tidak Setuju,Sangat Setuju,Sangat Setuju,Sangat Tidak Setuju,Setuju,Setuju,Sangat Tidak Setuju,Sangat Setuju,Sangat Setuju,Setuju,Sangat Setuju,Setuju,Sangat Setuju,Setuju,Tidak Setuju,Tidak Setuju,Tidak Setuju,Sangat Setuju,Setuju,Sangat Tidak Setuju,Setuju,Sangat Setuju,Setuju,Tidak Setuju,Tidak Setuju,Setuju,Setuju,Setuju,Setuju,Tidak Setuju,Sangat Setuju,9,5,8,5,9,10,9,9,Wazugni,
13/09/2026 11:48:13,"Ya, Saya bersedia",D,082370656842,"ilie, banda aceh ",Perempuan,58 tahun,S1,Menikah,jualan,3.500.000,27 tahun ,27 tahun,3 orang ,Rumah Sendiri,,,,,,,,,,,,,,Kadang-kadang,Jarang,Kadang-kadang,Sering,Sering,Selalu,Sering,Selalu,Kadang-kadang,Selalu,Selalu,Kadang-kadang,Selalu,Sering,Selalu,Sering,Selalu,Selalu,Sering,Selalu,Sering,Jarang,Selalu,Kadang-kadang,Selalu,Sering,Kadang-kadang,Sering,Selalu,Kadang-kadang,Sering,Kadang-kadang,Jarang,Jarang,Tidak Pernah,Tidak Pernah,Jarang,Kadang-kadang,Sering,Tidak Pernah,Jarang,Tidak Pernah,Tidak Pernah,Tidak Pernah,Jarang,Tidak Pernah,Kadang-kadang,Tidak Pernah,Tidak Pernah,Tidak Pernah,Jarang,Tidak Pernah,Tidak Pernah,Tidak Pernah,Tidak Setuju,Setuju,Tidak Setuju,Sangat Setuju,Sangat Tidak Setuju,Setuju,Tidak Setuju,Setuju,Setuju,Tidak Setuju,Setuju,Setuju,Tidak Setuju,Sangat Setuju,Sangat Setuju,Tidak Setuju,Setuju,Setuju,Sangat Setuju,Sangat Setuju,Sangat Setuju,Setuju,Sangat Setuju,Tidak Setuju,Tidak Setuju,Tidak Setuju,Setuju,Setuju,Tidak Setuju,Setuju,Setuju,Setuju,Setuju,Tidak Setuju,Setuju,Setuju,Setuju,Setuju,Tidak Setuju,Setuju,7,8,5,7,5,7,4,6,Wazugni,
13/09/2026 12:01:34,"Ya, Saya bersedia",f,0895328560851,blang oe Banda Aceh ,Perempuan,53 tahun ,SMA,Menikah,IRT ,2.000.000,22 tahun ,30 tahun ,3 orang ,Rumah Sendiri,,,,,,,,,,,,,,Kadang-kadang,Sering,Jarang,Sering,Sering,Sering,Selalu,Sering,Selalu,Jarang,Sering,Kadang-kadang,Selalu,Selalu,Selalu,Kadang-kadang,Sering,Sering,Jarang,Sering,Selalu,Selalu,Selalu,Selalu,Kadang-kadang,Sering,Sering,Selalu,Selalu,Selalu,Sering,Kadang-kadang,Kadang-kadang,Kadang-kadang,Jarang,Jarang,Tidak Pernah,Sering,Kadang-kadang,Kadang-kadang,Sering,Kadang-kadang,Kadang-kadang,Jarang,Selalu,Kadang-kadang,Tidak Pernah,Kadang-kadang,Jarang,Jarang,Kadang-kadang,Tidak Pernah,Tidak Pernah,Tidak Pernah,Sangat Tidak Setuju,Tidak Setuju,Tidak Setuju,Sangat Setuju,Tidak Setuju,Sangat Setuju,Tidak Setuju,Tidak Setuju,Setuju,Tidak Setuju,Setuju,Setuju,Tidak Setuju,Setuju,Setuju,Tidak Setuju,Setuju,Setuju,Setuju,Setuju,Setuju,Setuju,Setuju,Tidak Setuju,Tidak Setuju,Tidak Setuju,Setuju,Setuju,Tidak Setuju,Setuju,Sangat Setuju,Setuju,Setuju,Tidak Setuju,Setuju,Setuju,Setuju,Setuju,Tidak Setuju,Setuju,6,5,4,5,1,4,3,2,Wazugni,
13/09/2026 12:46:03,"Ya, Saya bersedia",Nur,082323676744,Batoh,Perempuan,63,S1,Menikah,Pensiunan,Rp15.000.000,34,28,2,Rumah Sendiri,,,,,,,,,,,,,,Jarang,Jarang,Sering,Selalu,Selalu,Sering,Selalu,Kadang-kadang,Kadang-kadang,Selalu,Sering,Jarang,Sering,Selalu,Sering,Selalu,Sering,Sering,Sering,Sering,Sering,Sering,Kadang-kadang,Sering,Selalu,Selalu,Sering,Kadang-kadang,Kadang-kadang,Sering,Kadang-kadang,Jarang,Jarang,Tidak Pernah,Tidak Pernah,Jarang,Tidak Pernah,Jarang,Kadang-kadang,Kadang-kadang,Kadang-kadang,Jarang,Jarang,Jarang,Kadang-kadang,Kadang-kadang,Jarang,Kadang-kadang,Sering,Sering,Sering,Kadang-kadang,Kadang-kadang,Kadang-kadang,Sangat Tidak Setuju,Tidak Setuju,Setuju,Tidak Setuju,Sangat Tidak Setuju,Sangat Tidak Setuju,Setuju,Tidak Setuju,Setuju,Tidak Setuju,Tidak Setuju,Tidak Setuju,Tidak Setuju,Tidak Setuju,Setuju,Tidak Setuju,Sangat Tidak Setuju,Setuju,Sangat Tidak Setuju,Sangat Setuju,Sangat Setuju,Sangat Setuju,Setuju,Sangat Tidak Setuju,Sangat Setuju,Sangat Tidak Setuju,Sangat Tidak Setuju,Sangat Setuju,Setuju,Setuju,Setuju,Setuju,Setuju,Setuju,Sangat Setuju,Setuju,Sangat Setuju,Setuju,Sangat Setuju,Sangat Tidak Setuju,9,9,8,8,10,9,9,9,Rafi,
13/09/2026 12:53:42,"Ya, Saya bersedia",MD,081263605050,Kp. Sukaramai,Perempuan,58,D-III / D-IV,Cerai Hidup,Pensiunan,Rp3.000.000,,,,,-,21,26,-,2,Rumah Sendiri,,,,,,,,Kadang-kadang,Kadang-kadang,Sering,Kadang-kadang,Sering,Jarang,Kadang-kadang,Jarang,Jarang,Kadang-kadang,Jarang,Sering,Sering,Selalu,Sering,Selalu,Sering,Selalu,Kadang-kadang,Jarang,Jarang,Sering,Selalu,Kadang-kadang,Jarang,Tidak Pernah,Jarang,Kadang-kadang,Kadang-kadang,Sering,Kadang-kadang,Sering,Kadang-kadang,Kadang-kadang,Jarang,Tidak Pernah,Selalu,Kadang-kadang,Sering,Sering,Jarang,Jarang,Kadang-kadang,Tidak Pernah,Kadang-kadang,Kadang-kadang,Jarang,Sering,Tidak Pernah,Kadang-kadang,Tidak Pernah,Jarang,Tidak Pernah,Tidak Pernah,Sangat Tidak Setuju,Tidak Setuju,Sangat Tidak Setuju,Setuju,Sangat Tidak Setuju,Sangat Tidak Setuju,Sangat Tidak Setuju,Setuju,Sangat Tidak Setuju,Sangat Tidak Setuju,Sangat Tidak Setuju,Sangat Tidak Setuju,Sangat Tidak Setuju,Sangat Setuju,Sangat Setuju,Setuju,Sangat Tidak Setuju,Sangat Setuju,Sangat Setuju,Sangat Setuju,Sangat Tidak Setuju,Sangat Setuju,Setuju,Tidak Setuju,Setuju,Tidak Setuju,Sangat Setuju,Tidak Setuju,Sangat Tidak Setuju,Sangat Setuju,Sangat Setuju,Tidak Setuju,Sangat Tidak Setuju,Sangat Tidak Setuju,Sangat Setuju,Sangat Setuju,Setuju,Sangat Setuju,Sangat Tidak Setuju,Sangat Setuju,7,8,7,7,4,7,8,7,Rafi,
13/09/2026 13:16:28,"Ya, Saya bersedia",LM,0812 2189 5712,Lam Ateuk,Perempuan,34,S1,Menikah,IRT,Rp5.000.000,8,26,3,Rumah Sewa,,,,,,,,,,,,,,Selalu,Selalu,Selalu,Selalu,Selalu,Kadang-kadang,Sering,Selalu,Selalu,Selalu,Selalu,Selalu,Selalu,Selalu,Selalu,Selalu,Selalu,Selalu,Selalu,Selalu,Selalu,Selalu,Selalu,Sering,Selalu,Sering,Sering,Selalu,Sering,Selalu,Jarang,Kadang-kadang,Tidak Pernah,Tidak Pernah,Tidak Pernah,Tidak Pernah,Tidak Pernah,Tidak Pernah,Kadang-kadang,Jarang,Tidak Pernah,Kadang-kadang,Kadang-kadang,Kadang-kadang,Kadang-kadang,Kadang-kadang,Kadang-kadang,Jarang,Jarang,Tidak Pernah,Tidak Pernah,Tidak Pernah,Tidak Pernah,Tidak Pernah,Sangat Tidak Setuju,Sangat Tidak Setuju,Sangat Tidak Setuju,Sangat Tidak Setuju,Sangat Tidak Setuju,Sangat Tidak Setuju,Sangat Tidak Setuju,Sangat Tidak Setuju,Sangat Tidak Setuju,Sangat Tidak Setuju,Sangat Setuju,Sangat Setuju,Sangat Tidak Setuju,Sangat Setuju,Sangat Setuju,Sangat Tidak Setuju,Sangat Setuju,Sangat Setuju,Sangat Setuju,Sangat Setuju,Sangat Setuju,Sangat Setuju,Sangat Setuju,Sangat Tidak Setuju,Sangat Tidak Setuju,Sangat Tidak Setuju,Sangat Setuju,Tidak Setuju,Sangat Tidak Setuju,Setuju,Tidak Setuju,Tidak Setuju,Setuju,Sangat Tidak Setuju,Setuju,Setuju,Tidak Setuju,Tidak Setuju,Sangat Tidak Setuju,Sangat Setuju,7,10,7,8,10,9,9,9,Rafi,
13/09/2026 13:27:50,"Ya, Saya bersedia",N,081360040389,Banda Aceh,Perempuan,53,S1,Cerai Hidup,PNS,Rp3.000.000,,,,,Berbeda Prinsip/egois,20,28,48,2,Rumah Sendiri,,,,,,,,Jarang,Tidak Pernah,Tidak Pernah,Jarang,Tidak Pernah,Jarang,Tidak Pernah,Jarang,Kadang-kadang,Tidak Pernah,Tidak Pernah,Tidak Pernah,Tidak Pernah,Jarang,Tidak Pernah,Jarang,Jarang,Tidak Pernah,Jarang,Tidak Pernah,Jarang,Jarang,Jarang,Jarang,Tidak Pernah,Tidak Pernah,Tidak Pernah,Tidak Pernah,Selalu,Tidak Pernah,Sering,Jarang,Tidak Pernah,Kadang-kadang,Tidak Pernah,Tidak Pernah,Sering,Sering,Selalu,Jarang,Sering,Kadang-kadang,Kadang-kadang,Kadang-kadang,Sering,Sering,Sering,Kadang-kadang,Sering,Sering,Kadang-kadang,Sering,Kadang-kadang,Tidak Pernah,Sangat Tidak Setuju,Tidak Setuju,Tidak Setuju,Sangat Tidak Setuju,Tidak Setuju,Sangat Tidak Setuju,Tidak Setuju,Tidak Setuju,Tidak Setuju,Sangat Tidak Setuju,Sangat Tidak Setuju,Sangat Tidak Setuju,Sangat Tidak Setuju,Sangat Tidak Setuju,Tidak Setuju,Sangat Tidak Setuju,Sangat Tidak Setuju,Sangat Tidak Setuju,Sangat Tidak Setuju,Sangat Tidak Setuju,Tidak Setuju,Sangat Setuju,Sangat Tidak Setuju,Sangat Tidak Setuju,Sangat Tidak Setuju,Tidak Setuju,Sangat Setuju,Setuju,Sangat Tidak Setuju,Sangat Setuju,Sangat Setuju,Sangat Setuju,Setuju,Tidak Setuju,Sangat Setuju,Sangat Setuju,Setuju,Setuju,Tidak Setuju,Sangat Setuju,7,7,5,5,4,2,1,7,Rafi,
13/09/2026 13:37:01,"Ya, Saya bersedia",Mak N,082182923636,Ulee Kareng,Perempuan,52,SD,Cerai Hidup,IRT,Rp1.500.000,,,,,Perselingkuhan,20,25,45,6,Rumah Sendiri,,,,,,,,Jarang,Jarang,Jarang,Jarang,Kadang-kadang,Kadang-kadang,Kadang-kadang,Jarang,Jarang,Kadang-kadang,Jarang,Tidak Pernah,Jarang,Sering,Jarang,Kadang-kadang,Tidak Pernah,Tidak Pernah,Jarang,Jarang,Jarang,Kadang-kadang,Jarang,Kadang-kadang,Jarang,Jarang,Jarang,Jarang,Kadang-kadang,Kadang-kadang,Tidak Pernah,Kadang-kadang,Jarang,Kadang-kadang,Jarang,Jarang,Sering,Sering,Sering,Sering,Sering,Sering,Kadang-kadang,Sering,Sering,Jarang,Kadang-kadang,Kadang-kadang,Kadang-kadang,Jarang,Kadang-kadang,Jarang,Kadang-kadang,Kadang-kadang,Sangat Tidak Setuju,Sangat Tidak Setuju,Sangat Tidak Setuju,Setuju,Tidak Setuju,Setuju,Tidak Setuju,Tidak Setuju,Tidak Setuju,Tidak Setuju,Setuju,Setuju,Tidak Setuju,Setuju,Setuju,Tidak Setuju,Tidak Setuju,Setuju,Setuju,Setuju,Setuju,Sangat Setuju,Tidak Setuju,Sangat Tidak Setuju,Sangat Tidak Setuju,Sangat Tidak Setuju,Setuju,Tidak Setuju,Sangat Tidak Setuju,Setuju,Tidak Setuju,Setuju,Tidak Setuju,Setuju,Setuju,Setuju,Tidak Setuju,Setuju,Tidak Setuju,Setuju,5,6,4,4,4,4,4,6,Rafi,
13/09/2026 13:44:33,"Ya, Saya bersedia",Maria Ulfa,085250077297,Banda Aceh,Perempuan,41,SMA,Cerai Hidup,IRT,Rp3.000.000,,,,,Ekonomi,16,25,-,2,Rumah Sendiri,,,,,,,,Selalu,Kadang-kadang,Jarang,Kadang-kadang,Kadang-kadang,Jarang,Kadang-kadang,Jarang,Kadang-kadang,Kadang-kadang,Jarang,Jarang,Kadang-kadang,Kadang-kadang,Kadang-kadang,Kadang-kadang,Kadang-kadang,Sering,Kadang-kadang,Jarang,Jarang,Kadang-kadang,Sering,Kadang-kadang,Kadang-kadang,Jarang,Kadang-kadang,Kadang-kadang,Jarang,Kadang-kadang,Sering,Kadang-kadang,Kadang-kadang,Kadang-kadang,Jarang,Jarang,Kadang-kadang,Sering,Sering,Kadang-kadang,Kadang-kadang,Sering,Sering,Tidak Pernah,Sering,Sering,Kadang-kadang,Jarang,Kadang-kadang,Sering,Sering,Kadang-kadang,Kadang-kadang,Kadang-kadang,Tidak Setuju,Sangat Tidak Setuju,Tidak Setuju,Setuju,Tidak Setuju,Sangat Setuju,Tidak Setuju,Tidak Setuju,Setuju,Sangat Tidak Setuju,Sangat Setuju,Sangat Setuju,Tidak Setuju,Sangat Setuju,Sangat Setuju,Tidak Setuju,Sangat Setuju,Sangat Setuju,Sangat Setuju,Sangat Setuju,Sangat Setuju,Sangat Setuju,Setuju,Sangat Tidak Setuju,Sangat Tidak Setuju,Sangat Tidak Setuju,Sangat Setuju,Setuju,Sangat Tidak Setuju,Sangat Setuju,Sangat Setuju,Sangat Setuju,Sangat Setuju,Sangat Tidak Setuju,Sangat Setuju,Sangat Setuju,Sangat Setuju,Setuju,Sangat Tidak Setuju,Sangat Setuju,7,6,4,5,4,2,2,6,Rafi,
13/09/2026 13:52:04,"Ya, Saya bersedia",MZ,-,Ulee Kareng,Perempuan,55,SMA,Cerai Hidup,IRT,Rp1.500.000,,,,,Perselisihan rumah tangga,30,18,48,4,Rumah Sendiri,,,,,,,,Kadang-kadang,Jarang,Jarang,Tidak Pernah,Jarang,Jarang,Tidak Pernah,Tidak Pernah,Jarang,Jarang,Tidak Pernah,Tidak Pernah,Tidak Pernah,Kadang-kadang,Tidak Pernah,Tidak Pernah,Jarang,Jarang,Jarang,Jarang,Jarang,Kadang-kadang,Jarang,Jarang,Jarang,Tidak Pernah,Jarang,Jarang,Kadang-kadang,Kadang-kadang,Tidak Pernah,Tidak Pernah,Tidak Pernah,Jarang,Tidak Pernah,Jarang,Sering,Kadang-kadang,Sering,Sering,Sering,Sering,Sering,Sering,Sering,Sering,Sering,Jarang,Kadang-kadang,Jarang,Jarang,Tidak Pernah,Tidak Pernah,Kadang-kadang,Sangat Tidak Setuju,Sangat Tidak Setuju,Tidak Setuju,Setuju,Sangat Tidak Setuju,Sangat Tidak Setuju,Sangat Tidak Setuju,Sangat Tidak Setuju,Tidak Setuju,Sangat Tidak Setuju,Setuju,Setuju,Sangat Tidak Setuju,Setuju,Setuju,Tidak Setuju,Setuju,Setuju,Setuju,Setuju,Sangat Setuju,Sangat Setuju,Setuju,Sangat Tidak Setuju,Sangat Tidak Setuju,Sangat Tidak Setuju,Setuju,Tidak Setuju,Sangat Tidak Setuju,Setuju,Setuju,Setuju,Setuju,Sangat Tidak Setuju,Sangat Setuju,Sangat Setuju,Setuju,Sangat Setuju,Setuju,Sangat Setuju,8,7,7,7,5,7,4,7,Rafi,
13/09/2026 16:15:12,"Ya, Saya bersedia",HN,085149578214,aceh tengah,Laki-laki,30,D-III / D-IV,Menikah,Teknisi,4.500.000,6,24,2,Rumah Keluarga,,,,,,,,,,,,,,Tidak pernah,Kadang-kadang,Kadang-kadang,Selalu,Selalu,Sering,Selalu,Kadang-kadang,Kadang-kadang,Selalu,Selalu,Sering,Kadang-kadang,Sering,Selalu,Selalu,Selalu,Sering,Sering,Kadang-kadang,Sering,Jarang,Sering,Kadang-kadang,Kadang-kadang,Jarang,Kadang-kadang,Sering,Selalu,Kadang-kadang,Tidak Pernah,Tidak Pernah,Tidak Pernah,Jarang,Tidak Pernah,Tidak Pernah,Tidak Pernah,Jarang,Tidak Pernah,Tidak Pernah,Jarang,Kadang-kadang,Jarang,Tidak Pernah,Kadang-kadang,Kadang-kadang,Jarang,Tidak Pernah,Tidak Pernah,Tidak Pernah,Tidak Pernah,Tidak Pernah,Tidak Pernah,Tidak Pernah,Tidak Setuju,Tidak Setuju,Tidak Setuju,Setuju,Tidak Setuju,Setuju,Tidak Setuju,Tidak Setuju,Tidak Setuju,Tidak Setuju,Setuju,Setuju,Tidak Setuju,Setuju,Tidak Setuju,Sangat Tidak Setuju,Tidak Setuju,Setuju,Setuju,Tidak Setuju,Setuju,Sangat Setuju,Setuju,Tidak Setuju,Setuju,Tidak Setuju,Setuju,Setuju,Tidak Setuju,Setuju,Setuju,Sangat Setuju,Setuju,Sangat Tidak Setuju,Sangat Setuju,Sangat Setuju,Sangat Setuju,Setuju,Tidak Setuju,Setuju,7,8,7,8,10,4,7,10,Nasywaa Syifa,
13/09/2026 16:22:41,"Ya, Saya bersedia",YS,081285352855,aceh tamiang,Perempuan,36,S1,Menikah,pedagang,6.500.000,11,25,3,Rumah Sendiri,,,,,,,,,,,,,,Sering,Kadang-kadang,Sering,Selalu,Selalu,Sering,Sering,Sering,Selalu,Selalu,Selalu,Kadang-kadang,Kadang-kadang,Selalu,Selalu,Selalu,Sering,Sering,Sering,Sering,Selalu,Kadang-kadang,Kadang-kadang,Selalu,Kadang-kadang,Kadang-kadang,Kadang-kadang,Jarang,Selalu,Selalu,Selalu,Jarang,Jarang,Jarang,Tidak Pernah,Tidak Pernah,Tidak Pernah,Jarang,Kadang-kadang,Tidak Pernah,Jarang,Tidak Pernah,Jarang,Jarang,Tidak Pernah,Tidak Pernah,Kadang-kadang,Tidak Pernah,Tidak Pernah,Tidak Pernah,Tidak Pernah,Tidak Pernah,Tidak Pernah,Tidak Pernah,Sangat Tidak Setuju,Setuju,Setuju,Sangat Setuju,Sangat Tidak Setuju,Sangat Setuju,Sangat Setuju,Sangat Tidak Setuju,Sangat Tidak Setuju,Tidak Setuju,Tidak Setuju,Tidak Setuju,Tidak Setuju,Setuju,Setuju,Sangat Setuju,Sangat Setuju,Setuju,Sangat Setuju,Sangat Setuju,Sangat Setuju,Setuju,Sangat Setuju,Tidak Setuju,Sangat Tidak Setuju,Tidak Setuju,Sangat Setuju,Tidak Setuju,Sangat Tidak Setuju,Tidak Setuju,Sangat Setuju,Sangat Setuju,Sangat Setuju,Tidak Setuju,Sangat Setuju,Sangat Tidak Setuju,Setuju,Sangat Setuju,Setuju,Sangat Setuju,6,5,5,3,5,3,5,6,Nasywaa Syifa,
13/09/2026 16:29:48,"Ya, Saya bersedia",MS,085270038302,ulee kareng,Laki-laki,32,SMA,Menikah,petani,3.800.000,6,26,2,Rumah Sendiri,,,,,,,,,,,,,,Sering,Kadang-kadang,Sering,Selalu,Selalu,Sering,Selalu,Selalu,Sering,Selalu,Selalu,Kadang-kadang,Kadang-kadang,Sering,Selalu,Selalu,Sering,Sering,Sering,Kadang-kadang,Sering,Kadang-kadang,Kadang-kadang,Sering,Kadang-kadang,Kadang-kadang,Kadang-kadang,Jarang,Selalu,Sering,Selalu,Kadang-kadang,Tidak Pernah,Tidak Pernah,Tidak Pernah,Tidak Pernah,Jarang,Kadang-kadang,Jarang,Tidak Pernah,Kadang-kadang,Tidak Pernah,Jarang,Jarang,Tidak Pernah,Tidak Pernah,Kadang-kadang,Tidak Pernah,Tidak Pernah,Tidak Pernah,Tidak Pernah,Tidak Pernah,Kadang-kadang,Kadang-kadang,Sangat Tidak Setuju,Setuju,Setuju,Sangat Setuju,Sangat Tidak Setuju,Sangat Setuju,Setuju,Sangat Tidak Setuju,Tidak Setuju,Tidak Setuju,Tidak Setuju,Sangat Setuju,Tidak Setuju,Tidak Setuju,Sangat Setuju,Setuju,Sangat Setuju,Sangat Setuju,Setuju,Setuju,Sangat Setuju,Setuju,Setuju,Sangat Tidak Setuju,Tidak Setuju,Sangat Tidak Setuju,Setuju,Tidak Setuju,Tidak Setuju,Tidak Setuju,Sangat Setuju,Setuju,Sangat Setuju,Tidak Setuju,Setuju,Tidak Setuju,Setuju,Sangat Setuju,Setuju,Setuju,6,5,5,3,5,5,4,6,Nasywaa Syifa,
13/09/2026 16:36:16,"Ya, Saya bersedia",NR,081264107726,pango banda aceh,Laki-laki,41,D-III / D-IV,Menikah,wiraswasta,6.000.000,13,28,3,Rumah Sendiri,,,,,,,,,,,,,,Jarang,Kadang-kadang,Kadang-kadang,Selalu,Selalu,Sering,Selalu,Kadang-kadang,Kadang-kadang,Selalu,Selalu,Sering,Kadang-kadang,Sering,Selalu,Selalu,Selalu,Sering,Sering,Kadang-kadang,Sering,Jarang,Sering,Jarang,Kadang-kadang,Jarang,Kadang-kadang,Sering,Selalu,Kadang-kadang,Tidak Pernah,Tidak Pernah,Tidak Pernah,Jarang,Tidak Pernah,Tidak Pernah,Tidak Pernah,Jarang,Tidak Pernah,Tidak Pernah,Jarang,Kadang-kadang,Jarang,Tidak Pernah,Kadang-kadang,Kadang-kadang,Jarang,Tidak Pernah,Tidak Pernah,Tidak Pernah,Tidak Pernah,Tidak Pernah,Tidak Pernah,Tidak Pernah,Tidak Setuju,Tidak Setuju,Tidak Setuju,Setuju,Tidak Setuju,Setuju,Tidak Setuju,Tidak Setuju,Tidak Setuju,Tidak Setuju,Setuju,Setuju,Tidak Setuju,Setuju,Tidak Setuju,Setuju,Tidak Setuju,Sangat Tidak Setuju,Setuju,Setuju,Setuju,Sangat Setuju,Setuju,Tidak Setuju,Setuju,Tidak Setuju,Setuju,Setuju,Tidak Setuju,Setuju,Setuju,Sangat Setuju,Setuju,Sangat Tidak Setuju,Sangat Setuju,Sangat Setuju,Sangat Setuju,Setuju,Tidak Setuju,Setuju,7,8,7,9,8,3,8,9,Nasywaa Syifa,
13/09/2026 16:43:55,"Ya, Saya bersedia",FH,082282841058,lambhuk,Laki-laki,39,S1,Menikah,guru,5.500.000,12,27,3,Rumah Sendiri,,,,,,,,,,,,,,Selalu,Kadang-kadang,Sering,Selalu,Selalu,Sering,Selalu,Selalu,Sering,Selalu,Selalu,Kadang-kadang,Kadang-kadang,Sering,Selalu,Selalu,Selalu,Selalu,Sering,Sering,Selalu,Kadang-kadang,Selalu,Kadang-kadang,Kadang-kadang,Kadang-kadang,Jarang,Selalu,Selalu,Selalu,Jarang,Tidak Pernah,Jarang,Tidak Pernah,Tidak Pernah,Tidak Pernah,Tidak Pernah,Kadang-kadang,Jarang,Tidak Pernah,Jarang,Tidak Pernah,Jarang,Jarang,Tidak Pernah,Tidak Pernah,Kadang-kadang,Tidak Pernah,Tidak Pernah,Tidak Pernah,Tidak Pernah,Tidak Pernah,Tidak Pernah,Tidak Pernah,Tidak Setuju,Sangat Setuju,Sangat Setuju,Setuju,Tidak Setuju,Setuju,Setuju,Sangat Tidak Setuju,Tidak Setuju,Tidak Setuju,Sangat Tidak Setuju,Sangat Setuju,Tidak Setuju,Setuju,Setuju,Tidak Setuju,Setuju,Sangat Setuju,Setuju,Sangat Setuju,Sangat Setuju,Setuju,Setuju,Tidak Setuju,Sangat Tidak Setuju,Tidak Setuju,Setuju,Sangat Tidak Setuju,Tidak Setuju,Sangat Tidak Setuju,Setuju,Sangat Setuju,Sangat Setuju,Tidak Setuju,Setuju,Tidak Setuju,Sangat Setuju,Sangat Setuju,Sangat Setuju,Setuju,8,4,3,1,7,4,3,6,Nasywaa Syifa,
13/09/2026 16:48:22,"Ya, Saya bersedia",IM,085831819181,lambhuk banda aceh,Laki-laki,44,SMA,Menikah,petani,4.500.000,15,29,4,Rumah Sendiri,,,,,,,,,,,,,,Selalu,Sering,Sering,Selalu,Selalu,Selalu,Selalu,Selalu,Kadang-kadang,Sering,Selalu,Sering,Kadang-kadang,Sering,Selalu,Selalu,Selalu,Selalu,Selalu,Selalu,Selalu,Sering,Sering,Kadang-kadang,Sering,Kadang-kadang,Jarang,Kadang-kadang,Selalu,Kadang-kadang,Kadang-kadang,Jarang,Tidak Pernah,Tidak Pernah,Tidak Pernah,Tidak Pernah,Tidak Pernah,Jarang,Kadang-kadang,Tidak Pernah,Jarang,Tidak Pernah,Jarang,Jarang,Tidak Pernah,Tidak Pernah,Jarang,Tidak Pernah,Tidak Pernah,Tidak Pernah,Tidak Pernah,Tidak Pernah,Tidak Pernah,Tidak Pernah,Tidak Setuju,Sangat Setuju,Sangat Setuju,Setuju,Tidak Setuju,Setuju,Setuju,Sangat Tidak Setuju,Sangat Tidak Setuju,Tidak Setuju,Sangat Tidak Setuju,Sangat Setuju,Tidak Setuju,Setuju,Sangat Setuju,Setuju,Sangat Setuju,Setuju,Sangat Setuju,Setuju,Sangat Setuju,Setuju,Sangat Setuju,Tidak Setuju,Tidak Setuju,Tidak Setuju,Setuju,Sangat Tidak Setuju,Tidak Setuju,Tidak Setuju,Setuju,Sangat Setuju,Sangat Setuju,Tidak Setuju,Setuju,Tidak Setuju,Sangat Setuju,Sangat Setuju,Sangat Setuju,Setuju,6,5,7,1,5,3,5,6,Nasywaa Syifa,
13/09/2026 16:55:19,"Ya, Saya bersedia",Sarwedi Harahap,082287369964,banda aceh,Laki-laki,25,S2,Menikah,dosen,5.000.000,1,25,1,Rumah Sewa,,,,,,,,,,,,,,Sering,Kadang-kadang,Sering,Selalu,Selalu,Sering,Selalu,Selalu,Sering,Selalu,Selalu,Kadang-kadang,Kadang-kadang,Sering,Selalu,Selalu,Selalu,Selalu,Sering,Sering,Selalu,Kadang-kadang,Selalu,Kadang-kadang,Kadang-kadang,Kadang-kadang,Jarang,Selalu,Selalu,Selalu,Kadang-kadang,Tidak Pernah,Tidak Pernah,Tidak Pernah,Tidak Pernah,Tidak Pernah,Tidak Pernah,Jarang,Jarang,Tidak Pernah,Jarang,Tidak Pernah,Jarang,Jarang,Tidak Pernah,Tidak Pernah,Kadang-kadang,Tidak Pernah,Tidak Pernah,Tidak Pernah,Tidak Pernah,Tidak Pernah,Tidak Pernah,Tidak Pernah,Sangat Tidak Setuju,Setuju,Setuju,Sangat Setuju,Sangat Tidak Setuju,Sangat Setuju,Sangat Setuju,Tidak Setuju,Tidak Setuju,Sangat Tidak Setuju,Tidak Setuju,Setuju,Sangat Tidak Setuju,Sangat Setuju,Sangat Setuju,Sangat Tidak Setuju,Sangat Setuju,Sangat Setuju,Sangat Setuju,Sangat Setuju,Setuju,Sangat Setuju,Sangat Setuju,Sangat Tidak Setuju,Sangat Tidak Setuju,Sangat Tidak Setuju,Sangat Setuju,Tidak Setuju,Sangat Tidak Setuju,Tidak Setuju,Sangat Setuju,Setuju,Setuju,Sangat Tidak Setuju,Sangat Setuju,Sangat Tidak Setuju,Sangat Setuju,Setuju,Setuju,Sangat Setuju,7,6,4,2,6,4,4,7,Nasywaa Syifa,
13/09/2026 16:59:54,"Ya, Saya bersedia",AH,081228045358,banda aceh,Perempuan,36,S1,Menikah,dosen,7.000.000,9,27,2,Rumah Sendiri,,,,,,,,,,,,,,Kadang-kadang,Sering,Kadang-kadang,Selalu,Selalu,Kadang-kadang,Selalu,Selalu,Kadang-kadang,Selalu,Selalu,Sering,Sering,Selalu,Selalu,Selalu,Selalu,Selalu,Sering,Kadang-kadang,Selalu,Kadang-kadang,Selalu,Jarang,Kadang-kadang,Kadang-kadang,Jarang,Sering,Sering,Selalu,Kadang-kadang,Jarang,Tidak Pernah,Jarang,Jarang,Jarang,Jarang,Jarang,Jarang,Tidak Pernah,Kadang-kadang,Jarang,Tidak Pernah,Jarang,Tidak Pernah,Tidak Pernah,Kadang-kadang,Jarang,Tidak Pernah,Tidak Pernah,Tidak Pernah,Tidak Pernah,Tidak Pernah,Tidak Pernah,Tidak Setuju,Sangat Setuju,Sangat Setuju,Setuju,Tidak Setuju,Setuju,Setuju,Sangat Tidak Setuju,Sangat Tidak Setuju,Tidak Setuju,Sangat Tidak Setuju,Sangat Setuju,Tidak Setuju,Setuju,Tidak Setuju,Setuju,Setuju,Sangat Setuju,Setuju,Sangat Setuju,Sangat Setuju,Setuju,Sangat Setuju,Tidak Setuju,Sangat Tidak Setuju,Tidak Setuju,Setuju,Sangat Tidak Setuju,Tidak Setuju,Sangat Tidak Setuju,Setuju,Sangat Setuju,Sangat Setuju,Tidak Setuju,Setuju,Tidak Setuju,Sangat Setuju,Setuju,Sangat Setuju,Setuju,4,4,3,1,1,3,3,6,Nasywaa Syifa,
13/09/2026 17:05:50,"Ya, Saya bersedia",BS,085342758956,banda aceh,Laki-laki,35,SMA,Menikah,nelayan,4.500.000,8,27,3,Rumah Sendiri,,,,,,,,,,,,,,Kadang-kadang,Kadang-kadang,Sering,Selalu,Selalu,Selalu,Kadang-kadang,Sering,Sering,Kadang-kadang,Sering,Kadang-kadang,Sering,Kadang-kadang,Sering,Kadang-kadang,Sering,Sering,Kadang-kadang,Jarang,Sering,Kadang-kadang,Jarang,Jarang,Tidak Pernah,Jarang,Kadang-kadang,Jarang,Sering,Kadang-kadang,Jarang,Kadang-kadang,Jarang,Kadang-kadang,Jarang,Tidak Pernah,Tidak Pernah,Tidak Pernah,Jarang,Jarang,Kadang-kadang,Jarang,Tidak Pernah,Jarang,Kadang-kadang,Jarang,Kadang-kadang,Jarang,Tidak Pernah,Tidak Pernah,Tidak Pernah,Tidak Pernah,Tidak Pernah,Tidak Pernah,Tidak Setuju,Setuju,Tidak Setuju,Tidak Setuju,Tidak Setuju,Setuju,Sangat Setuju,Sangat Setuju,Setuju,Sangat Setuju,Setuju,Tidak Setuju,Sangat Tidak Setuju,Tidak Setuju,Setuju,Tidak Setuju,Setuju,Sangat Setuju,Setuju,Tidak Setuju,Setuju,Tidak Setuju,Tidak Setuju,Setuju,Tidak Setuju,Tidak Setuju,Setuju,Setuju,Tidak Setuju,Sangat Tidak Setuju,Sangat Tidak Setuju,Sangat Tidak Setuju,Setuju,Sangat Setuju,Sangat Setuju,Sangat Setuju,Setuju,Tidak Setuju,Sangat Setuju,Sangat Setuju,8,8,7,7,9,10,10,10,Nasywaa Syifa,
13/09/2026 17:10:51,"Ya, Saya bersedia",MH,082375552307,lampeneureut,Perempuan,38,S1,Cerai Hidup,karyawan swasta,4.000.000,,,,,tidak bekerja,8,22,30,1,Rumah Keluarga,,,,,,,,Sering,Sering,Sering,Sering,Sering,Sering,Sering,Sering,Sering,Sering,Selalu,Selalu,Sering,Sering,Sering,Sering,Sering,Sering,Sering,Selalu,Sering,Sering,Sering,Sering,Sering,Selalu,Selalu,Sering,Sering,Sering,Sering,Selalu,Selalu,Jarang,Jarang,Tidak Pernah,Tidak Pernah,Jarang,Jarang,Tidak Pernah,Kadang-kadang,Sering,Sering,Kadang-kadang,Sering,Sering,Kadang-kadang,Jarang,Jarang,Jarang,Kadang-kadang,Tidak Pernah,Tidak Pernah,Jarang,Tidak Setuju,Sangat Tidak Setuju,Sangat Tidak Setuju,Sangat Setuju,Tidak Setuju,Sangat Setuju,Sangat Tidak Setuju,Sangat Tidak Setuju,Tidak Setuju,Tidak Setuju,Sangat Setuju,Sangat Setuju,Sangat Tidak Setuju,Sangat Setuju,Sangat Setuju,Tidak Setuju,Sangat Setuju,Setuju,Sangat Setuju,Sangat Setuju,Sangat Setuju,Sangat Setuju,Setuju,Sangat Tidak Setuju,Sangat Tidak Setuju,Tidak Setuju,Sangat Setuju,Sangat Setuju,Tidak Setuju,Sangat Setuju,Setuju,Setuju,Sangat Setuju,Sangat Tidak Setuju,Sangat Setuju,Setuju,Sangat Setuju,Sangat Setuju,Sangat Tidak Setuju,Sangat Tidak Setuju,8,7,7,7,7,8,8,7,Nasywaa Syifa,
13/09/2026 17:15:06,"Ya, Saya bersedia",BT,082366504255,batoh,Laki-laki,47,S1,Menikah,pns,4.500.000,18,29,3,Rumah Sendiri,,,,,,,,,,,,,,Sering,Selalu,Selalu,Sering,Sering,Sering,Selalu,Selalu,Sering,Sering,Selalu,Sering,Sering,Sering,Selalu,Selalu,Selalu,Sering,Sering,Sering,Sering,Selalu,Selalu,Sering,Sering,Sering,Selalu,Sering,Sering,Selalu,Jarang,Jarang,Jarang,Tidak Pernah,Tidak Pernah,Tidak Pernah,Jarang,Jarang,Tidak Pernah,Tidak Pernah,Tidak Pernah,Jarang,Jarang,Tidak Pernah,Jarang,Jarang,Jarang,Jarang,Jarang,Jarang,Jarang,Tidak Pernah,Tidak Pernah,Tidak Pernah,Sangat Tidak Setuju,Sangat Tidak Setuju,Sangat Tidak Setuju,Sangat Setuju,Sangat Tidak Setuju,Sangat Setuju,Sangat Tidak Setuju,Sangat Tidak Setuju,Sangat Tidak Setuju,Sangat Tidak Setuju,Sangat Setuju,Sangat Setuju,Sangat Tidak Setuju,Sangat Setuju,Sangat Setuju,Sangat Tidak Setuju,Sangat Setuju,Sangat Setuju,Sangat Setuju,Sangat Setuju,Sangat Setuju,Sangat Setuju,Sangat Setuju,Sangat Tidak Setuju,Sangat Tidak Setuju,Sangat Tidak Setuju,Sangat Setuju,Sangat Setuju,Sangat Tidak Setuju,Sangat Setuju,Sangat Setuju,Sangat Setuju,Sangat Setuju,Sangat Tidak Setuju,Sangat Setuju,Sangat Setuju,Sangat Setuju,Sangat Setuju,Sangat Tidak Setuju,Sangat Setuju,6,6,6,6,5,6,6,6,Nasywaa Syifa,
13/09/2026 17:15:56,"Ya, Saya bersedia",LE,081275156625,Banda aceh,Perempuan,30 thn,S1,Menikah,PNS,10.000.000,2 thn,28 thn,-,Rumah Sendiri,,,,,,,,,,,,,,Selalu,Sering,Sering,Selalu,Selalu,Selalu,Selalu,Selalu,Selalu,Selalu,Sering,Sering,Sering,Selalu,Sering,Sering,Sering,Sering,Sering,Sering,Selalu,Selalu,Selalu,Sering,Sering,Sering,Sering,Selalu,Kadang-kadang,Sering,Tidak Pernah,Tidak Pernah,Tidak Pernah,Tidak Pernah,Tidak Pernah,Tidak Pernah,Tidak Pernah,Tidak Pernah,Tidak Pernah,Tidak Pernah,Tidak Pernah,Kadang-kadang,Kadang-kadang,Tidak Pernah,Sering,Kadang-kadang,Sering,Jarang,Tidak Pernah,Tidak Pernah,Jarang,Tidak Pernah,Tidak Pernah,Tidak Pernah,Tidak Setuju,Sangat Tidak Setuju,Tidak Setuju,Sangat Tidak Setuju,Sangat Tidak Setuju,Sangat Setuju,Tidak Setuju,Sangat Tidak Setuju,Sangat Tidak Setuju,Tidak Setuju,Setuju,Sangat Setuju,Tidak Setuju,Sangat Setuju,Sangat Setuju,Tidak Setuju,Setuju,Sangat Setuju,Sangat Setuju,Sangat Setuju,Setuju,Sangat Setuju,Sangat Setuju,Tidak Setuju,Sangat Tidak Setuju,Sangat Tidak Setuju,Sangat Setuju,Sangat Setuju,Tidak Setuju,Sangat Setuju,Sangat Tidak Setuju,Sangat Setuju,Sangat Setuju,Sangat Tidak Setuju,Sangat Setuju,Sangat Setuju,Sangat Setuju,Sangat Setuju,Sangat Tidak Setuju,Sangat Setuju,10,10,9,8,10,10,8,8,Una,
13/09/2026 17:23:30,"Ya, Saya bersedia",H,085230220688,Banda aceh,Laki-laki,30 thn,S1,Menikah,wirausaha,5.000.000,5 thn,25 thn,1 anak,Rumah Sewa,,,,,,,,,,,,,,Tidak pernah,Kadang-kadang,Selalu,Selalu,Sering,Sering,Selalu,Selalu,Sering,Sering,Selalu,Selalu,Sering,Sering,Sering,Selalu,Selalu,Sering,Selalu,Selalu,Kadang-kadang,Sering,Sering,Sering,Selalu,Selalu,Sering,Selalu,Sering,Sering,Jarang,Jarang,Tidak Pernah,Tidak Pernah,Tidak Pernah,Tidak Pernah,Tidak Pernah,Tidak Pernah,Tidak Pernah,Tidak Pernah,Tidak Pernah,Tidak Pernah,Kadang-kadang,Tidak Pernah,Tidak Pernah,Tidak Pernah,Tidak Pernah,Tidak Pernah,Tidak Pernah,Tidak Pernah,Tidak Pernah,Tidak Pernah,Tidak Pernah,Tidak Pernah,Sangat Tidak Setuju,Sangat Tidak Setuju,Sangat Tidak Setuju,Tidak Setuju,Tidak Setuju,Sangat Setuju,Tidak Setuju,Sangat Tidak Setuju,Sangat Setuju,Sangat Tidak Setuju,Sangat Tidak Setuju,Sangat Setuju,Sangat Tidak Setuju,Sangat Tidak Setuju,Sangat Setuju,Sangat Tidak Setuju,Sangat Setuju,Sangat Setuju,Sangat Setuju,Sangat Setuju,Setuju,Sangat Setuju,Tidak Setuju,Tidak Setuju,Tidak Setuju,Sangat Setuju,Sangat Setuju,Sangat Setuju,Sangat Tidak Setuju,Sangat Setuju,Sangat Setuju,Sangat Setuju,Tidak Setuju,Tidak Setuju,Sangat Setuju,Sangat Setuju,Sangat Setuju,Sangat Setuju,Sangat Tidak Setuju,Setuju,9,7,8,6,9,10,9,9,Una,
13/09/2026 17:29:49,"Ya, Saya bersedia",FA,085215153755,Banda aceh,Perempuan,32 thn,SMA,Menikah,IRT,1.000.000,22 thn,10 thn,2 anak,Rumah Keluarga,,,,,,,,,,,,,,Jarang,Kadang-kadang,Kadang-kadang,Jarang,Sering,Sering,Sering,Kadang-kadang,Kadang-kadang,Jarang,Kadang-kadang,Sering,Kadang-kadang,Selalu,Sering,Kadang-kadang,Sering,Sering,Sering,Jarang,Sering,Sering,Sering,Sering,Sering,Kadang-kadang,Kadang-kadang,Sering,Sering,Jarang,Jarang,Tidak Pernah,Tidak Pernah,Tidak Pernah,Tidak Pernah,Tidak Pernah,Sering,Jarang,Sering,Sering,Sering,Kadang-kadang,Jarang,Tidak Pernah,Sering,Sering,Sering,Kadang-kadang,Jarang,Tidak Pernah,Jarang,Tidak Pernah,Tidak Pernah,Tidak Pernah,Tidak Setuju,Tidak Setuju,Tidak Setuju,Tidak Setuju,Tidak Setuju,Setuju,Tidak Setuju,Tidak Setuju,Sangat Setuju,Tidak Setuju,Setuju,Tidak Setuju,Setuju,Tidak Setuju,Setuju,Tidak Setuju,Setuju,Setuju,Setuju,Setuju,Setuju,Setuju,Setuju,Tidak Setuju,Tidak Setuju,Tidak Setuju,Setuju,Setuju,Sangat Tidak Setuju,Sangat Setuju,Sangat Setuju,Sangat Setuju,Setuju,Sangat Tidak Setuju,Sangat Setuju,Setuju,Setuju,Sangat Setuju,Tidak Setuju,Setuju,5,4,4,4,2,4,3,5,Una,
13/09/2026 17:35:43,"Ya, Saya bersedia",E,085260373323,banda aceh,Perempuan,35 thn,SMA,Menikah,jualan,1.500.000,10 thn,25 thn,2 anak,Rumah Keluarga,,,,,,,,,,,,,,Kadang-kadang,Sering,Sering,Sering,Selalu,Selalu,Selalu,Selalu,Selalu,Selalu,Selalu,Selalu,Selalu,Sering,Selalu,Selalu,Selalu,Selalu,Selalu,Selalu,Selalu,Selalu,Selalu,Selalu,Selalu,Sering,Selalu,Selalu,Selalu,Kadang-kadang,Selalu,Tidak Pernah,Tidak Pernah,Tidak Pernah,Tidak Pernah,Tidak Pernah,Tidak Pernah,Kadang-kadang,Tidak Pernah,Jarang,Tidak Pernah,Sering,Kadang-kadang,Tidak Pernah,Jarang,Sering,Sering,Jarang,Tidak Pernah,Tidak Pernah,Kadang-kadang,Jarang,Tidak Pernah,Jarang,Tidak Setuju,Tidak Setuju,Tidak Setuju,Setuju,Sangat Tidak Setuju,Setuju,Tidak Setuju,Tidak Setuju,Setuju,Tidak Setuju,Setuju,Setuju,Tidak Setuju,Setuju,Setuju,Tidak Setuju,Setuju,Sangat Setuju,Sangat Setuju,Sangat Setuju,Setuju,Sangat Setuju,Setuju,Sangat Tidak Setuju,Setuju,Sangat Tidak Setuju,Sangat Setuju,Setuju,Sangat Tidak Setuju,Setuju,Sangat Setuju,Setuju,Tidak Setuju,Sangat Tidak Setuju,Setuju,Setuju,Setuju,Setuju,Sangat Tidak Setuju,Sangat Setuju,8,8,6,5,5,7,8,7,Una,
13/09/2026 17:45:21,"Ya, Saya bersedia",G,085260600385,Aceh besar,Perempuan,52 thn,SMA,Menikah,IRT,2.000.000,29 thn,23 thn,3 anak,Rumah Sendiri,,,,,,,,,,,,,,Jarang,Kadang-kadang,Sering,Sering,Selalu,Selalu,Selalu,Sering,Sering,Sering,Selalu,Sering,Jarang,Sering,Sering,Kadang-kadang,Selalu,Sering,Selalu,Selalu,Sering,Sering,Sering,Selalu,Sering,Sering,Selalu,Selalu,Selalu,Selalu,Kadang-kadang,Kadang-kadang,Kadang-kadang,Tidak Pernah,Tidak Pernah,Tidak Pernah,Tidak Pernah,Jarang,Tidak Pernah,Tidak Pernah,Kadang-kadang,Tidak Pernah,Kadang-kadang,Tidak Pernah,Sering,Sering,Sering,Jarang,Tidak Pernah,Tidak Pernah,Tidak Pernah,Tidak Pernah,Tidak Pernah,Tidak Pernah,Sangat Tidak Setuju,Sangat Tidak Setuju,Sangat Tidak Setuju,Sangat Setuju,Sangat Tidak Setuju,Sangat Setuju,Sangat Tidak Setuju,Tidak Setuju,Setuju,Sangat Tidak Setuju,Setuju,Sangat Setuju,Sangat Tidak Setuju,Sangat Setuju,Sangat Setuju,Sangat Tidak Setuju,Sangat Setuju,Sangat Setuju,Sangat Setuju,Sangat Setuju,Sangat Setuju,Sangat Setuju,Setuju,Sangat Tidak Setuju,Setuju,Tidak Setuju,Sangat Setuju,Setuju,Sangat Tidak Setuju,Sangat Setuju,Sangat Setuju,Sangat Setuju,Tidak Setuju,Sangat Tidak Setuju,Sangat Setuju,Sangat Setuju,Sangat Setuju,Sangat Setuju,Sangat Setuju,Sangat Setuju,7,5,8,7,4,4,4,7,Una,
13/09/2026 17:51:01,"Ya, Saya bersedia",M.C,085371555195,Aceh besar,Laki-laki,47,SMA,Menikah,karyawan honorer,3.000.000,14,34,2,Rumah Sendiri,,,,,,,,,,,,,,Kadang-kadang,Sering,Kadang-kadang,Selalu,Kadang-kadang,Kadang-kadang,Sering,Kadang-kadang,Sering,Kadang-kadang,Sering,Sering,Jarang,Kadang-kadang,Kadang-kadang,Kadang-kadang,Kadang-kadang,Kadang-kadang,Kadang-kadang,Sering,Jarang,Jarang,Jarang,Jarang,Jarang,Jarang,Jarang,Jarang,Kadang-kadang,Kadang-kadang,Kadang-kadang,Jarang,Kadang-kadang,Kadang-kadang,Jarang,Jarang,Jarang,Kadang-kadang,Sering,Kadang-kadang,Jarang,Kadang-kadang,Kadang-kadang,Sering,Sering,Kadang-kadang,Sering,Sering,Kadang-kadang,Kadang-kadang,Kadang-kadang,Kadang-kadang,Jarang,Kadang-kadang,Tidak Setuju,Tidak Setuju,Tidak Setuju,Setuju,Tidak Setuju,Sangat Tidak Setuju,Sangat Tidak Setuju,Tidak Setuju,Tidak Setuju,Tidak Setuju,Setuju,Setuju,Sangat Tidak Setuju,Setuju,Sangat Tidak Setuju,Sangat Tidak Setuju,Setuju,Setuju,Setuju,Setuju,Setuju,Setuju,Setuju,Setuju,Tidak Setuju,Tidak Setuju,Setuju,Setuju,Sangat Tidak Setuju,Setuju,Setuju,Setuju,Setuju,Tidak Setuju,Setuju,Setuju,Setuju,Setuju,Tidak Setuju,Setuju,8,7,7,7,4,5,5,6,Nasywaa Syifa,
13/09/2026 17:51:08,"Ya, Saya bersedia",A,081228948416,banda aceh,Perempuan,25 thn,SMA,Menikah,pedagang,2.000.000,4 thn,21 thn,1 anak,Rumah Keluarga,,,,,,,,,,,,,,Sering,Sering,Sering,Sering,Selalu,Selalu,Sering,Sering,Sering,Sering,Sering,Kadang-kadang,Kadang-kadang,Selalu,Kadang-kadang,Sering,Sering,Kadang-kadang,Sering,Sering,Selalu,Selalu,Selalu,Sering,Sering,Sering,Kadang-kadang,Sering,Kadang-kadang,Sering,Jarang,Jarang,Tidak Pernah,Tidak Pernah,Tidak Pernah,Tidak Pernah,Kadang-kadang,Tidak Pernah,Jarang,Tidak Pernah,Tidak Pernah,Kadang-kadang,Sering,Tidak Pernah,Kadang-kadang,Jarang,Sering,Kadang-kadang,Tidak Pernah,Tidak Pernah,Tidak Pernah,Tidak Pernah,Tidak Pernah,Tidak Pernah,Sangat Tidak Setuju,Tidak Setuju,Tidak Setuju,Tidak Setuju,Sangat Tidak Setuju,Sangat Tidak Setuju,Sangat Tidak Setuju,Sangat Tidak Setuju,Setuju,Sangat Tidak Setuju,Setuju,Sangat Setuju,Tidak Setuju,Sangat Setuju,Setuju,Tidak Setuju,Sangat Setuju,Sangat Setuju,Sangat Setuju,Setuju,Setuju,Sangat Setuju,Setuju,Tidak Setuju,Tidak Setuju,Tidak Setuju,Sangat Setuju,Setuju,Tidak Setuju,Sangat Setuju,Sangat Setuju,Sangat Setuju,Setuju,Sangat Tidak Setuju,Sangat Setuju,Tidak Setuju,Setuju,Sangat Setuju,Sangat Setuju,Setuju,5,5,4,4,3,4,4,5,Una,
13/09/2026 17:55:59,"Ya, Saya bersedia",agust,082106755965,banda aceh,Laki-laki,45,SMA,Menikah,buruh lepas harian,2.000.000,18,24,1,Rumah Sewa,,,,,,,,,,,,,,Sering,Selalu,Selalu,Selalu,Selalu,Selalu,Selalu,Selalu,Selalu,Selalu,Selalu,Selalu,Selalu,Selalu,Selalu,Selalu,Selalu,Selalu,Selalu,Selalu,Selalu,Selalu,Selalu,Selalu,Selalu,Selalu,Selalu,Selalu,Selalu,Selalu,Kadang-kadang,Jarang,Tidak Pernah,Tidak Pernah,Tidak Pernah,Tidak Pernah,Tidak Pernah,Jarang,Tidak Pernah,Tidak Pernah,Tidak Pernah,Tidak Pernah,Tidak Pernah,Tidak Pernah,Tidak Pernah,Tidak Pernah,Tidak Pernah,Tidak Pernah,Tidak Pernah,Tidak Pernah,Tidak Pernah,Tidak Pernah,Tidak Pernah,Tidak Pernah,Tidak Setuju,Tidak Setuju,Tidak Setuju,Sangat Setuju,Sangat Tidak Setuju,Sangat Tidak Setuju,Sangat Tidak Setuju,Sangat Tidak Setuju,Tidak Setuju,Sangat Tidak Setuju,Sangat Tidak Setuju,Sangat Tidak Setuju,Sangat Tidak Setuju,Tidak Setuju,Tidak Setuju,Sangat Tidak Setuju,Sangat Tidak Setuju,Sangat Tidak Setuju,Tidak Setuju,Tidak Setuju,Tidak Setuju,Sangat Setuju,Setuju,Tidak Setuju,Sangat Tidak Setuju,Sangat Tidak Setuju,Sangat Setuju,Sangat Tidak Setuju,Sangat Tidak Setuju,Sangat Setuju,Sangat Tidak Setuju,Tidak Setuju,Sangat Tidak Setuju,Tidak Setuju,Setuju,Tidak Setuju,Tidak Setuju,Setuju,Sangat Tidak Setuju,Setuju,8,8,7,7,4,7,8,8,Nasywaa Syifa,
13/09/2026 17:56:47,"Ya, Saya bersedia",M,081217165520,Banda aceh,Laki-laki,31 thn,SMA,Menikah,buruh,1.000.000,7 thn,24 thn,2 anak,Rumah Keluarga,,,,,,,,,,,,,,Kadang-kadang,Jarang,Jarang,Jarang,Kadang-kadang,Kadang-kadang,Kadang-kadang,Kadang-kadang,Kadang-kadang,Jarang,Jarang,Kadang-kadang,Jarang,Selalu,Kadang-kadang,Sering,Kadang-kadang,Kadang-kadang,Sering,Sering,Sering,Sering,Kadang-kadang,Kadang-kadang,Jarang,Jarang,Jarang,Sering,Sering,Selalu,Jarang,Jarang,Tidak Pernah,Tidak Pernah,Tidak Pernah,Tidak Pernah,Jarang,Kadang-kadang,Kadang-kadang,Kadang-kadang,Kadang-kadang,Jarang,Jarang,Tidak Pernah,Jarang,Jarang,Jarang,Sering,Kadang-kadang,Kadang-kadang,Sering,Tidak Pernah,Tidak Pernah,Tidak Pernah,Sangat Tidak Setuju,Tidak Setuju,Tidak Setuju,Setuju,Sangat Tidak Setuju,Sangat Tidak Setuju,Sangat Tidak Setuju,Sangat Tidak Setuju,Tidak Setuju,Sangat Tidak Setuju,Tidak Setuju,Sangat Setuju,Tidak Setuju,Tidak Setuju,Setuju,Sangat Tidak Setuju,Setuju,Setuju,Setuju,Setuju,Setuju,Sangat Setuju,Tidak Setuju,Setuju,Setuju,Setuju,Setuju,Tidak Setuju,Tidak Setuju,Setuju,Sangat Setuju,Setuju,Tidak Setuju,Tidak Setuju,Setuju,Tidak Setuju,Tidak Setuju,Tidak Setuju,Tidak Setuju,Sangat Setuju,4,3,3,3,3,3,3,3,Una,
13/09/2026 18:00:50,"Ya, Saya bersedia",Syahfuddin,085260421970,Banda aceh,Laki-laki,65,SMA,Menikah,buruh harian lepas,1.500.000,32,28,3,Rumah Keluarga,,,,,,,,,,,,,,Tidak pernah,Tidak Pernah,Selalu,Selalu,Sering,Selalu,Selalu,Kadang-kadang,Kadang-kadang,Kadang-kadang,Selalu,Selalu,Kadang-kadang,Selalu,Selalu,Sering,Selalu,Selalu,Sering,Selalu,Selalu,Selalu,Selalu,Selalu,Selalu,Selalu,Selalu,Selalu,Selalu,Selalu,Tidak Pernah,Tidak Pernah,Tidak Pernah,Tidak Pernah,Tidak Pernah,Tidak Pernah,Tidak Pernah,Jarang,Tidak Pernah,Tidak Pernah,Tidak Pernah,Selalu,Selalu,Tidak Pernah,Selalu,Selalu,Selalu,Tidak Pernah,Jarang,Jarang,Tidak Pernah,Jarang,Tidak Pernah,Tidak Pernah,Sangat Tidak Setuju,Tidak Setuju,Tidak Setuju,Setuju,Tidak Setuju,Sangat Tidak Setuju,Tidak Setuju,Tidak Setuju,Sangat Tidak Setuju,Tidak Setuju,Sangat Setuju,Sangat Setuju,Tidak Setuju,Setuju,Setuju,Tidak Setuju,Sangat Setuju,Sangat Setuju,Tidak Setuju,Tidak Setuju,Tidak Setuju,Sangat Setuju,Tidak Setuju,Tidak Setuju,Tidak Setuju,Tidak Setuju,Setuju,Sangat Setuju,Tidak Setuju,Sangat Setuju,Setuju,Sangat Setuju,Tidak Setuju,Tidak Setuju,Sangat Setuju,Tidak Setuju,Setuju,Setuju,Tidak Setuju,Sangat Setuju,7,7,7,7,7,7,7,7,Nasywaa Syifa,
13/09/2026 18:02:24,"Ya, Saya bersedia",AR,085358108157,banda aceh,Laki-laki,38,SMA,Menikah,pedagang,4.500.000,15,25,2,Rumah Sendiri,,,,,,,,,,,,,,Kadang-kadang,Kadang-kadang,Kadang-kadang,Selalu,Selalu,Sering,Selalu,Kadang-kadang,Kadang-kadang,Sering,Sering,Selalu,Selalu,Sering,Selalu,Selalu,Selalu,Sering,Kadang-kadang,Sering,Selalu,Sering,Selalu,Sering,Selalu,Selalu,Jarang,Sering,Selalu,Kadang-kadang,Tidak Pernah,Tidak Pernah,Tidak Pernah,Jarang,Tidak Pernah,Tidak Pernah,Tidak Pernah,Tidak Pernah,Tidak Pernah,Jarang,Jarang,Kadang-kadang,Jarang,Jarang,Jarang,Kadang-kadang,Kadang-kadang,Tidak Pernah,Kadang-kadang,Kadang-kadang,Tidak Pernah,Tidak Pernah,Tidak Pernah,Kadang-kadang,Tidak Setuju,Tidak Setuju,Tidak Setuju,Setuju,Tidak Setuju,Tidak Setuju,Tidak Setuju,Tidak Setuju,Tidak Setuju,Tidak Setuju,Setuju,Setuju,Sangat Tidak Setuju,Tidak Setuju,Setuju,Tidak Setuju,Setuju,Setuju,Tidak Setuju,Setuju,Setuju,Sangat Setuju,Setuju,Tidak Setuju,Setuju,Tidak Setuju,Setuju,Setuju,Tidak Setuju,Setuju,Sangat Setuju,Setuju,Setuju,Setuju,Sangat Setuju,Sangat Setuju,Sangat Setuju,Setuju,Tidak Setuju,Setuju,7,8,9,10,10,4,7,7,Nasywaa Syifa,
13/09/2026 18:06:17,"Ya, Saya bersedia",SH,082244899052,banda aceh,Laki-laki,40,S1,Menikah,karyawan,4.000.000,14,26,3,Rumah Sendiri,,,,,,,,,,,,,,Sering,Selalu,Selalu,Selalu,Sering,Selalu,Sering,Selalu,Sering,Selalu,Selalu,Sering,Sering,Sering,Sering,Sering,Selalu,Sering,Selalu,Sering,Selalu,Selalu,Selalu,Sering,Sering,Selalu,Sering,Sering,Sering,Selalu,Sering,Selalu,Selalu,Tidak Pernah,Tidak Pernah,Tidak Pernah,Jarang,Tidak Pernah,Tidak Pernah,Jarang,Kadang-kadang,Kadang-kadang,Sering,Kadang-kadang,Sering,Kadang-kadang,Kadang-kadang,Jarang,Jarang,Tidak Pernah,Jarang,Jarang,Tidak Pernah,Jarang,Tidak Setuju,Sangat Tidak Setuju,Tidak Setuju,Sangat Setuju,Tidak Setuju,Setuju,Sangat Tidak Setuju,Sangat Tidak Setuju,Tidak Setuju,Tidak Setuju,Setuju,Sangat Setuju,Sangat Tidak Setuju,Sangat Setuju,Sangat Setuju,Tidak Setuju,Setuju,Setuju,Setuju,Sangat Setuju,Setuju,Sangat Setuju,Sangat Setuju,Setuju,Tidak Setuju,Tidak Setuju,Sangat Setuju,Sangat Setuju,Sangat Tidak Setuju,Sangat Setuju,Setuju,Setuju,Setuju,Tidak Setuju,Sangat Setuju,Sangat Setuju,Setuju,Sangat Setuju,Tidak Setuju,Tidak Setuju,7,8,7,8,6,7,7,7,Nasywaa Syifa,
13/09/2026 18:08:43,"Ya, Saya bersedia",N,085269519482,Banda Aceh,Perempuan,52,SMA,Menikah,ibu rumah tangga,3.000.000,28,23,3,Rumah Sendiri,,,,,,,,,,,,,,Kadang-kadang,Sering,Jarang,Tidak Pernah,Tidak Pernah,Sering,Tidak Pernah,Tidak Pernah,Jarang,Tidak Pernah,Tidak Pernah,Tidak Pernah,Jarang,Kadang-kadang,Jarang,Tidak Pernah,Tidak Pernah,Jarang,Jarang,Tidak Pernah,Kadang-kadang,Kadang-kadang,Jarang,Jarang,Tidak Pernah,Tidak Pernah,Kadang-kadang,Kadang-kadang,Kadang-kadang,Tidak Pernah,Tidak Pernah,Sering,Tidak Pernah,Tidak Pernah,Tidak Pernah,Tidak Pernah,Kadang-kadang,Jarang,Sering,Sering,Sering,Selalu,Selalu,Tidak Pernah,Selalu,Selalu,Selalu,Kadang-kadang,Sering,Kadang-kadang,Tidak Pernah,Tidak Pernah,Tidak Pernah,Tidak Pernah,Tidak Setuju,Sangat Tidak Setuju,Sangat Tidak Setuju,Setuju,Tidak Setuju,Sangat Tidak Setuju,Sangat Tidak Setuju,Setuju,Tidak Setuju,Tidak Setuju,Tidak Setuju,Sangat Tidak Setuju,Tidak Setuju,Sangat Tidak Setuju,Tidak Setuju,Tidak Setuju,Tidak Setuju,Sangat Tidak Setuju,Sangat Tidak Setuju,Tidak Setuju,Sangat Tidak Setuju,Setuju,Sangat Tidak Setuju,Sangat Tidak Setuju,Tidak Setuju,Tidak Setuju,Setuju,Setuju,Tidak Setuju,Sangat Tidak Setuju,Sangat Tidak Setuju,Sangat Setuju,Tidak Setuju,Sangat Tidak Setuju,Sangat Tidak Setuju,Sangat Setuju,Sangat Setuju,Tidak Setuju,Setuju,Sangat Tidak Setuju,7,5,4,4,1,7,4,7,Nasywaa Syifa,
13/09/2026 18:11:01,"Ya, Saya bersedia",Rina Mutia,082363072787,banda aceh,Perempuan,39,S1,Menikah,guru,3.000.000,11,28,2,Rumah Sendiri,,,,,,,,,,,,,,Sering,Sering,Sering,Selalu,Selalu,Kadang-kadang,Sering,Selalu,Selalu,Sering,Selalu,Sering,Sering,Selalu,Sering,Sering,Sering,Sering,Sering,Sering,Kadang-kadang,Sering,Sering,Sering,Sering,Sering,Sering,Sering,Selalu,Sering,Tidak Pernah,Tidak Pernah,Tidak Pernah,Tidak Pernah,Tidak Pernah,Tidak Pernah,Tidak Pernah,Jarang,Jarang,Tidak Pernah,Tidak Pernah,Kadang-kadang,Sering,Jarang,Sering,Sering,Sering,Tidak Pernah,Tidak Pernah,Jarang,Jarang,Kadang-kadang,Tidak Pernah,Jarang,Sangat Tidak Setuju,Tidak Setuju,Tidak Setuju,Setuju,Tidak Setuju,Sangat Setuju,Tidak Setuju,Sangat Tidak Setuju,Tidak Setuju,Sangat Tidak Setuju,Tidak Setuju,Tidak Setuju,Tidak Setuju,Setuju,Setuju,Tidak Setuju,Sangat Setuju,Sangat Setuju,Sangat Setuju,Setuju,Setuju,Sangat Setuju,Setuju,Tidak Setuju,Tidak Setuju,Tidak Setuju,Setuju,Setuju,Sangat Tidak Setuju,Sangat Setuju,Setuju,Setuju,Tidak Setuju,Sangat Tidak Setuju,Sangat Setuju,Sangat Setuju,Setuju,Setuju,Sangat Tidak Setuju,Setuju,7,6,4,4,4,4,4,7,Nasywaa Syifa,
13/09/2026 18:14:42,"Ya, Saya bersedia",Ry ,082361949706,banda aceh,Laki-laki,39,S1,Menikah,PNS,8.000.000,29,10,3,Rumah Sendiri,,,,,,,,,,,,,,Sering,Kadang-kadang,Sering,Sering,Sering,Sering,Sering,Sering,Sering,Selalu,Sering,Sering,Sering,Sering,Sering,Sering,Sering,Sering,Selalu,Selalu,Sering,Sering,Sering,Sering,Selalu,Sering,Sering,Sering,Sering,Selalu,Sering,Sering,Sering,Jarang,Jarang,Jarang,Tidak Pernah,Tidak Pernah,Sering,Sering,Kadang-kadang,Kadang-kadang,Selalu,Selalu,Selalu,Sering,Sering,Sering,Jarang,Jarang,Jarang,Jarang,Tidak Pernah,Tidak Pernah,Sangat Tidak Setuju,Sangat Tidak Setuju,Tidak Setuju,Sangat Setuju,Sangat Tidak Setuju,Sangat Setuju,Tidak Setuju,Tidak Setuju,Sangat Tidak Setuju,Sangat Tidak Setuju,Sangat Setuju,Sangat Setuju,Sangat Tidak Setuju,Sangat Setuju,Setuju,Sangat Tidak Setuju,Sangat Setuju,Setuju,Sangat Setuju,Setuju,Setuju,Sangat Setuju,Sangat Setuju,Sangat Tidak Setuju,Sangat Tidak Setuju,Sangat Tidak Setuju,Sangat Setuju,Sangat Setuju,Sangat Tidak Setuju,Sangat Setuju,Sangat Setuju,Sangat Setuju,Sangat Setuju,Sangat Tidak Setuju,Sangat Setuju,Setuju,Sangat Setuju,Sangat Setuju,Tidak Setuju,Sangat Tidak Setuju,9,8,8,9,9,8,8,8,Nasywaa Syifa,
13/09/2026 18:16:10,"Ya, Saya bersedia",AJ,085370926014,banda aceh,Laki-laki,30,S1,Menikah,karyawan swasta,2.500.000,27,3,1,Rumah Keluarga,,,,,,,,,,,,,,Sering,Sering,Sering,Selalu,Selalu,Sering,Selalu,Selalu,Selalu,Kadang-kadang,Kadang-kadang,Sering,Jarang,Selalu,Selalu,Selalu,Kadang-kadang,Sering,Sering,Sering,Sering,Sering,Sering,Sering,Sering,Selalu,Sering,Kadang-kadang,Kadang-kadang,Sering,Sering,Kadang-kadang,Jarang,Tidak Pernah,Tidak Pernah,Tidak Pernah,Tidak Pernah,Jarang,Jarang,Tidak Pernah,Kadang-kadang,Kadang-kadang,Sering,Sering,Sering,Sering,Sering,Kadang-kadang,Sering,Sering,Kadang-kadang,Tidak Pernah,Tidak Pernah,Tidak Pernah,Setuju,Tidak Setuju,Setuju,Tidak Setuju,Sangat Tidak Setuju,Sangat Tidak Setuju,Setuju,Setuju,Tidak Setuju,Tidak Setuju,Tidak Setuju,Setuju,Tidak Setuju,Setuju,Tidak Setuju,Tidak Setuju,Tidak Setuju,Setuju,Setuju,Tidak Setuju,Setuju,Sangat Setuju,Setuju,Tidak Setuju,Setuju,Tidak Setuju,Sangat Setuju,Setuju,Tidak Setuju,Setuju,Sangat Setuju,Setuju,Tidak Setuju,Tidak Setuju,Setuju,Setuju,Tidak Setuju,Setuju,Setuju,Tidak Setuju,5,2,2,2,4,3,1,2,Nasywaa Syifa,
13/09/2026 18:20:24,"Ya, Saya bersedia",EM,082249563607,Banda Aceh,Laki-laki,31,S1,Menikah,guru,5.800.000,5,26,2,Rumah Sendiri,,,,,,,,,,,,,,Sering,Kadang-kadang,Sering,Sering,Selalu,Selalu,Sering,Selalu,Selalu,Sering,Sering,Sering,Sering,Selalu,Selalu,Sering,Selalu,Sering,Selalu,Selalu,Sering,Sering,Sering,Kadang-kadang,Sering,Sering,Sering,Sering,Sering,Kadang-kadang,Jarang,Jarang,Tidak Pernah,Jarang,Jarang,Jarang,Tidak Pernah,Tidak Pernah,Tidak Pernah,Jarang,Kadang-kadang,Kadang-kadang,Tidak Pernah,Tidak Pernah,Tidak Pernah,Jarang,Jarang,Jarang,Jarang,Jarang,Jarang,Kadang-kadang,Kadang-kadang,Kadang-kadang,Sangat Tidak Setuju,Sangat Tidak Setuju,Sangat Tidak Setuju,Sangat Setuju,Sangat Tidak Setuju,Sangat Setuju,Sangat Tidak Setuju,Sangat Tidak Setuju,Tidak Setuju,Sangat Tidak Setuju,Sangat Setuju,Sangat Setuju,Sangat Tidak Setuju,Sangat Setuju,Sangat Setuju,Sangat Tidak Setuju,Sangat Setuju,Sangat Setuju,Sangat Tidak Setuju,Sangat Setuju,Sangat Setuju,Sangat Setuju,Sangat Setuju,Sangat Tidak Setuju,Sangat Tidak Setuju,Sangat Tidak Setuju,Sangat Setuju,Sangat Setuju,Sangat Tidak Setuju,Sangat Setuju,Sangat Setuju,Sangat Setuju,Sangat Setuju,Sangat Tidak Setuju,Sangat Setuju,Sangat Tidak Setuju,Sangat Setuju,Sangat Setuju,Sangat Tidak Setuju,Sangat Setuju,8,8,8,8,8,8,8,8,Nasywaa Syifa,
13/09/2026 18:20:23,"Ya, Saya bersedia",Deddy Darmadi,082363072787,lamprit banda aceh,Laki-laki,28,S1,Menikah,buruh harian,1.800.000,11,28,2,Rumah Sendiri,,,,,,,,,,,,,,Sering,Sering,Kadang-kadang,Sering,Selalu,Kadang-kadang,Sering,Sering,Sering,Kadang-kadang,Sering,Sering,Kadang-kadang,Sering,Selalu,Sering,Sering,Sering,Sering,Sering,Kadang-kadang,Sering,Sering,Kadang-kadang,Sering,Sering,Sering,Sering,Selalu,Sering,Jarang,Kadang-kadang,Tidak Pernah,Tidak Pernah,Tidak Pernah,Tidak Pernah,Tidak Pernah,Jarang,Kadang-kadang,Tidak Pernah,Tidak Pernah,Sering,Sering,Selalu,Sering,Selalu,Sering,Jarang,Tidak Pernah,Jarang,Tidak Pernah,Tidak Pernah,Tidak Pernah,Tidak Pernah,Sangat Tidak Setuju,Tidak Setuju,Tidak Setuju,Setuju,Tidak Setuju,Sangat Setuju,Sangat Tidak Setuju,Tidak Setuju,Tidak Setuju,Sangat Tidak Setuju,Setuju,Setuju,Sangat Tidak Setuju,Sangat Setuju,Setuju,Tidak Setuju,Setuju,Setuju,Sangat Setuju,Setuju,Setuju,Sangat Setuju,Setuju,Tidak Setuju,Tidak Setuju,Sangat Tidak Setuju,Sangat Setuju,Setuju,Sangat Tidak Setuju,Setuju,Sangat Setuju,Setuju,Tidak Setuju,Sangat Tidak Setuju,Sangat Setuju,Sangat Setuju,Setuju,Setuju,Setuju,Setuju,1,1,2,2,1,2,2,2,Nasywaa Syifa,
13/09/2026 18:25:26,"Ya, Saya bersedia",Irham Harahap,082244926054,kp keramat banda aceh,Laki-laki,39,D-III / D-IV,Menikah,pedagang,3.500.000,13,27,3,Rumah Sendiri,,,,,,,,,,,,,,Tidak pernah,Kadang-kadang,Kadang-kadang,Selalu,Selalu,Sering,Selalu,Kadang-kadang,Kadang-kadang,Selalu,Selalu,Sering,Kadang-kadang,Sering,Selalu,Selalu,Selalu,Sering,Sering,Kadang-kadang,Sering,Jarang,Sering,Jarang,Kadang-kadang,Jarang,Kadang-kadang,Sering,Selalu,Kadang-kadang,Tidak Pernah,Tidak Pernah,Tidak Pernah,Jarang,Tidak Pernah,Tidak Pernah,Tidak Pernah,Jarang,Tidak Pernah,Tidak Pernah,Jarang,Kadang-kadang,Jarang,Tidak Pernah,Kadang-kadang,Kadang-kadang,Jarang,Tidak Pernah,Tidak Pernah,Tidak Pernah,Tidak Pernah,Tidak Pernah,Tidak Pernah,Tidak Pernah,Tidak Setuju,Tidak Setuju,Tidak Setuju,Setuju,Tidak Setuju,Setuju,Tidak Setuju,Tidak Setuju,Tidak Setuju,Tidak Setuju,Setuju,Setuju,Tidak Setuju,Setuju,Tidak Setuju,Sangat Tidak Setuju,Setuju,Setuju,Setuju,Setuju,Setuju,Sangat Setuju,Setuju,Tidak Setuju,Setuju,Tidak Setuju,Setuju,Setuju,Tidak Setuju,Setuju,Setuju,Sangat Setuju,Setuju,Sangat Tidak Setuju,Sangat Setuju,Sangat Setuju,Sangat Setuju,Setuju,Tidak Setuju,Setuju,7,8,7,9,10,7,9,7,Nasywaa Syifa,
13/09/2026 18:25:48,"Ya, Saya bersedia",YA ,082287666290,Banda Aceh,Laki-laki,34,S1,Menikah,wirausaha,6.800.000,7,27,2,Rumah Sendiri,,,,,,,,,,,,,,Sering,Selalu,Sering,Sering,Sering,Selalu,Selalu,Sering,Sering,Sering,Sering,Sering,Selalu,Sering,Sering,Sering,Sering,Sering,Sering,Sering,Sering,Sering,Sering,Sering,Selalu,Sering,Selalu,Sering,Selalu,Sering,Sering,Sering,Sering,Tidak Pernah,Jarang,Tidak Pernah,Tidak Pernah,Tidak Pernah,Tidak Pernah,Tidak Pernah,Jarang,Sering,Sering,Sering,Sering,Kadang-kadang,Sering,Tidak Pernah,Jarang,Tidak Pernah,Jarang,Jarang,Tidak Pernah,Tidak Pernah,Tidak Setuju,Tidak Setuju,Tidak Setuju,Sangat Setuju,Tidak Setuju,Sangat Setuju,Sangat Tidak Setuju,Tidak Setuju,Tidak Setuju,Tidak Setuju,Sangat Setuju,Sangat Setuju,Sangat Tidak Setuju,Sangat Setuju,Sangat Setuju,Sangat Tidak Setuju,Sangat Setuju,Setuju,Sangat Setuju,Setuju,Sangat Setuju,Sangat Setuju,Sangat Setuju,Tidak Setuju,Sangat Tidak Setuju,Tidak Setuju,Sangat Setuju,Sangat Setuju,Sangat Tidak Setuju,Sangat Setuju,Sangat Setuju,Sangat Setuju,Sangat Setuju,Tidak Setuju,Sangat Setuju,Sangat Setuju,Sangat Setuju,Sangat Setuju,Tidak Setuju,Sangat Tidak Setuju,8,8,8,9,8,9,9,9,Nasywaa Syifa,
13/09/2026 18:30:10,"Ya, Saya bersedia",mhd habibi hasibuan,082289175595,banda aceh,Laki-laki,28,S1,Menikah,guru sekolah,4.500.000,5,23,2,Rumah Keluarga,,,,,,,,,,,,,,Kadang-kadang,Kadang-kadang,Sering,Sering,Selalu,Selalu,Selalu,Kadang-kadang,Kadang-kadang,Sering,Sering,Selalu,Selalu,Sering,Selalu,Selalu,Sering,Sering,Kadang-kadang,Sering,Selalu,Sering,Selalu,Sering,Selalu,Selalu,Sering,Sering,Selalu,Sering,Kadang-kadang,Kadang-kadang,Jarang,Tidak Pernah,Tidak Pernah,Tidak Pernah,Tidak Pernah,Tidak Pernah,Kadang-kadang,Jarang,Kadang-kadang,Kadang-kadang,Sering,Jarang,Jarang,Kadang-kadang,Kadang-kadang,Tidak Pernah,Kadang-kadang,Kadang-kadang,Jarang,Jarang,Tidak Pernah,Tidak Pernah,Tidak Setuju,Sangat Setuju,Setuju,Setuju,Tidak Setuju,Tidak Setuju,Tidak Setuju,Tidak Setuju,Setuju,Tidak Setuju,Setuju,Setuju,Sangat Tidak Setuju,Tidak Setuju,Setuju,Tidak Setuju,Setuju,Setuju,Tidak Setuju,Tidak Setuju,Setuju,Sangat Setuju,Setuju,Setuju,Setuju,Tidak Setuju,Setuju,Tidak Setuju,Tidak Setuju,Setuju,Sangat Setuju,Setuju,Setuju,Setuju,Tidak Setuju,Tidak Setuju,Setuju,Setuju,Setuju,Setuju,7,6,7,10,7,7,9,9,Nasywaa Syifa,
13/09/2026 18:31:08,"Ya, Saya bersedia",IC,08126707090,Banda Aceh,Laki-laki,35,S1,Menikah,PNS,6.000.000,10,25,2,Rumah Sendiri,,,,,,,,,,,,,,Sering,Selalu,Sering,Sering,Selalu,Sering,Sering,Selalu,Sering,Selalu,Sering,Sering,Selalu,Selalu,Sering,Sering,Selalu,Sering,Sering,Sering,Sering,Selalu,Selalu,Selalu,Sering,Sering,Sering,Selalu,Sering,Selalu,Sering,Sering,Sering,Tidak Pernah,Tidak Pernah,Jarang,Jarang,Tidak Pernah,Tidak Pernah,Tidak Pernah,Jarang,Kadang-kadang,Sering,Sering,Sering,Sering,Kadang-kadang,Tidak Pernah,Jarang,Jarang,Tidak Pernah,Tidak Pernah,Jarang,Jarang,Tidak Setuju,Tidak Setuju,Tidak Setuju,Sangat Setuju,Sangat Tidak Setuju,Sangat Setuju,Sangat Tidak Setuju,Sangat Tidak Setuju,Tidak Setuju,Tidak Setuju,Setuju,Setuju,Sangat Tidak Setuju,Sangat Setuju,Sangat Setuju,Sangat Tidak Setuju,Sangat Setuju,Sangat Setuju,Sangat Setuju,Sangat Setuju,Sangat Setuju,Sangat Setuju,Sangat Setuju,Tidak Setuju,Tidak Setuju,Tidak Setuju,Sangat Setuju,Sangat Setuju,Sangat Tidak Setuju,Sangat Setuju,Sangat Setuju,Sangat Setuju,Sangat Setuju,Sangat Tidak Setuju,Sangat Setuju,Setuju,Setuju,Sangat Setuju,Sangat Tidak Setuju,Tidak Setuju,9,9,9,8,8,8,8,8,Nasywaa Syifa,
13/09/2026 18:36:50,"Ya, Saya bersedia",BU,085251875725,Banda Aceh,Laki-laki,26,D-III / D-IV,Menikah,mekanik,4.700.000,2,24,1,Rumah Keluarga,,,,,,,,,,,,,,Sering,Sering,Selalu,Selalu,Sering,Sering,Sering,Sering,Sering,Selalu,Sering,Selalu,Sering,Sering,Selalu,Selalu,Selalu,Selalu,Sering,Sering,Sering,Sering,Selalu,Sering,Selalu,Selalu,Sering,Sering,Sering,Selalu,Sering,Sering,Tidak Pernah,Tidak Pernah,Tidak Pernah,Tidak Pernah,Jarang,Jarang,Tidak Pernah,Tidak Pernah,Jarang,Sering,Sering,Sering,Sering,Sering,Sering,Jarang,Jarang,Tidak Pernah,Tidak Pernah,Tidak Pernah,Tidak Pernah,Tidak Pernah,Sangat Tidak Setuju,Tidak Setuju,Sangat Tidak Setuju,Sangat Setuju,Sangat Tidak Setuju,Sangat Setuju,Sangat Tidak Setuju,Tidak Setuju,Sangat Tidak Setuju,Tidak Setuju,Sangat Setuju,Sangat Setuju,Tidak Setuju,Sangat Setuju,Sangat Setuju,Tidak Setuju,Sangat Setuju,Sangat Setuju,Sangat Setuju,Sangat Setuju,Sangat Setuju,Sangat Setuju,Sangat Setuju,Tidak Setuju,Tidak Setuju,Tidak Setuju,Sangat Setuju,Sangat Setuju,Sangat Tidak Setuju,Sangat Setuju,Sangat Setuju,Sangat Setuju,Sangat Setuju,Sangat Setuju,Tidak Setuju,Sangat Setuju,Sangat Setuju,Sangat Setuju,Tidak Setuju,Sangat Tidak Setuju,5,7,5,5,5,6,6,6,Nasywaa Syifa,
13/09/2026 18:36:54,"Ya, Saya bersedia",Aspan A Hsb,081264944878,lamprit banda aceh,Laki-laki,47,S1,Menikah,swasta,3.500.000,18,29,1,Rumah Sendiri,,,,,,,,,,,,,,Jarang,Sering,Sering,Selalu,Sering,Sering,Selalu,Selalu,Selalu,Sering,Selalu,Sering,Sering,Selalu,Selalu,Sering,Sering,Selalu,Sering,Selalu,Sering,Selalu,Selalu,Sering,Sering,Sering,Kadang-kadang,Sering,Selalu,Sering,Jarang,Tidak Pernah,Jarang,Tidak Pernah,Tidak Pernah,Tidak Pernah,Tidak Pernah,Jarang,Kadang-kadang,Jarang,Jarang,Kadang-kadang,Sering,Kadang-kadang,Sering,Kadang-kadang,Sering,Kadang-kadang,Jarang,Jarang,Kadang-kadang,Tidak Pernah,Tidak Pernah,Tidak Pernah,Tidak Setuju,Setuju,Setuju,Setuju,Sangat Tidak Setuju,Sangat Setuju,Tidak Setuju,Setuju,Tidak Setuju,Tidak Setuju,Setuju,Setuju,Tidak Setuju,Setuju,Sangat Setuju,Sangat Tidak Setuju,Sangat Setuju,Sangat Setuju,Setuju,Setuju,Setuju,Sangat Setuju,Setuju,Sangat Tidak Setuju,Tidak Setuju,Tidak Setuju,Setuju,Sangat Setuju,Sangat Setuju,Setuju,Setuju,Sangat Setuju,Setuju,Sangat Tidak Setuju,Sangat Setuju,Sangat Setuju,Sangat Setuju,Setuju,Tidak Setuju,Setuju,7,8,7,9,8,3,8,9,Nasywaa Syifa,
13/09/2026 18:42:07,"Ya, Saya bersedia",RZ,082387369468,lamprit banda aceh,Laki-laki,50,D-III / D-IV,Menikah,guru,2.000.000,22,28,3,Rumah Sewa,,,,,,,,,,,,,,Tidak pernah,Kadang-kadang,Kadang-kadang,Selalu,Selalu,Selalu,Selalu,Kadang-kadang,Kadang-kadang,Sering,Sering,Selalu,Selalu,Sering,Selalu,Selalu,Sering,Sering,Kadang-kadang,Sering,Selalu,Sering,Selalu,Sering,Selalu,Selalu,Sering,Sering,Selalu,Sering,Kadang-kadang,Kadang-kadang,Jarang,Jarang,Tidak Pernah,Tidak Pernah,Tidak Pernah,Jarang,Tidak Pernah,Tidak Pernah,Jarang,Kadang-kadang,Jarang,Tidak Pernah,Kadang-kadang,Kadang-kadang,Jarang,Tidak Pernah,Tidak Pernah,Kadang-kadang,Kadang-kadang,Tidak Pernah,Tidak Pernah,Tidak Pernah,Tidak Setuju,Tidak Setuju,Tidak Setuju,Setuju,Tidak Setuju,Setuju,Tidak Setuju,Tidak Setuju,Tidak Setuju,Tidak Setuju,Setuju,Setuju,Tidak Setuju,Setuju,Tidak Setuju,Sangat Tidak Setuju,Setuju,Setuju,Setuju,Setuju,Setuju,Sangat Setuju,Setuju,Setuju,Setuju,Tidak Setuju,Setuju,Tidak Setuju,Tidak Setuju,Setuju,Sangat Setuju,Setuju,Setuju,Sangat Tidak Setuju,Sangat Setuju,Sangat Setuju,Sangat Setuju,Setuju,Tidak Setuju,Setuju,4,7,10,7,10,7,10,7,Nasywaa Syifa,
13/09/2026 18:46:25,"Ya, Saya bersedia",ZF,085669244167,banda aceh lamprit,Laki-laki,45,SMA,Menikah,pengusaha,9.000.000,15,30,4,Rumah Sendiri,,,,,,,,,,,,,,Kadang-kadang,Kadang-kadang,Sering,Sering,Selalu,Selalu,Selalu,Kadang-kadang,Kadang-kadang,Sering,Sering,Selalu,Selalu,Sering,Sering,Sering,Selalu,Selalu,Kadang-kadang,Selalu,Selalu,Sering,Selalu,Sering,Selalu,Selalu,Sering,Sering,Selalu,Sering,Kadang-kadang,Kadang-kadang,Jarang,Tidak Pernah,Tidak Pernah,Tidak Pernah,Tidak Pernah,Kadang-kadang,Jarang,Kadang-kadang,Kadang-kadang,Sering,Jarang,Jarang,Kadang-kadang,Kadang-kadang,Kadang-kadang,Tidak Pernah,Kadang-kadang,Kadang-kadang,Jarang,Jarang,Tidak Pernah,Tidak Pernah,Tidak Setuju,Sangat Setuju,Setuju,Setuju,Tidak Setuju,Tidak Setuju,Tidak Setuju,Tidak Setuju,Setuju,Tidak Setuju,Setuju,Setuju,Sangat Tidak Setuju,Tidak Setuju,Setuju,Tidak Setuju,Tidak Setuju,Setuju,Setuju,Tidak Setuju,Setuju,Sangat Setuju,Setuju,Setuju,Setuju,Tidak Setuju,Setuju,Tidak Setuju,Tidak Setuju,Setuju,Sangat Setuju,Setuju,Setuju,Setuju,Tidak Setuju,Tidak Setuju,Setuju,Setuju,Setuju,Setuju,7,6,7,10,7,7,9,9,Nasywaa Syifa,
13/09/2026 18:50:19,"Ya, Saya bersedia",MF,083890691626,banda aceh,Laki-laki,34,S1,Menikah,dosen,7.500.000,8,26,2,Rumah Sendiri,,,,,,,,,,,,,,Sering,Kadang-kadang,Sering,Sering,Selalu,Selalu,Sering,Sering,Sering,Selalu,Selalu,Selalu,Sering,Selalu,Selalu,Sering,Selalu,Sering,Selalu,Sering,Selalu,Sering,Selalu,Sering,Sering,Selalu,Selalu,Sering,Selalu,Sering,Sering,Kadang-kadang,Tidak Pernah,Jarang,Tidak Pernah,Tidak Pernah,Tidak Pernah,Tidak Pernah,Kadang-kadang,Jarang,Kadang-kadang,Kadang-kadang,Sering,Jarang,Jarang,Kadang-kadang,Kadang-kadang,Tidak Pernah,Kadang-kadang,Kadang-kadang,Jarang,Jarang,Tidak Pernah,Tidak Pernah,Tidak Setuju,Sangat Setuju,Setuju,Setuju,Tidak Setuju,Tidak Setuju,Tidak Setuju,Tidak Setuju,Setuju,Tidak Setuju,Setuju,Setuju,Sangat Tidak Setuju,Tidak Setuju,Setuju,Tidak Setuju,Setuju,Setuju,Tidak Setuju,Tidak Setuju,Setuju,Sangat Setuju,Setuju,Setuju,Setuju,Tidak Setuju,Setuju,Tidak Setuju,Tidak Setuju,Setuju,Sangat Setuju,Setuju,Setuju,Setuju,Tidak Setuju,Tidak Setuju,Setuju,Setuju,Setuju,Setuju,9,8,7,7,7,7,9,9,Nasywaa Syifa,
13/09/2026 19:03:49,"Ya, Saya bersedia",BA,085212132577,Banda Aceh,Laki-laki,30,S1,Cerai Hidup,guru,4.900.000,,,,,masalah rumah tangga,4,25,29,1,Rumah Keluarga,,,,,,,,Selalu,Sering,Sering,Sering,Sering,Sering,Sering,Selalu,Sering,Sering,Selalu,Sering,Selalu,Selalu,Sering,Sering,Sering,Sering,Sering,Selalu,Selalu,Sering,Selalu,Sering,Sering,Sering,Sering,Sering,Sering,Selalu,Selalu,Sering,Selalu,Jarang,Jarang,Tidak Pernah,Tidak Pernah,Tidak Pernah,Tidak Pernah,Tidak Pernah,Tidak Pernah,Jarang,Sering,Kadang-kadang,Sering,Sering,Selalu,Jarang,Tidak Pernah,Tidak Pernah,Jarang,Tidak Pernah,Jarang,Jarang,Tidak Setuju,Sangat Tidak Setuju,Tidak Setuju,Setuju,Tidak Setuju,Sangat Setuju,Sangat Tidak Setuju,Sangat Tidak Setuju,Sangat Tidak Setuju,Sangat Tidak Setuju,Sangat Setuju,Setuju,Tidak Setuju,Sangat Setuju,Setuju,Sangat Tidak Setuju,Setuju,Setuju,Setuju,Sangat Setuju,Sangat Setuju,Sangat Setuju,Sangat Setuju,Sangat Tidak Setuju,Sangat Tidak Setuju,Sangat Tidak Setuju,Sangat Setuju,Sangat Setuju,Sangat Tidak Setuju,Sangat Setuju,Sangat Setuju,Sangat Setuju,Sangat Setuju,Sangat Tidak Setuju,Sangat Setuju,Setuju,Setuju,Setuju,Tidak Setuju,Tidak Setuju,9,9,8,8,8,9,9,9,Nasywaa Syifa,
13/09/2026 19:16:06,"Ya, Saya bersedia",MU,083856411353,Banda Aceh,Laki-laki,36,S1,Menikah,wiraswasta,7.200.000,8,28,3,Rumah Sendiri,,,,,,,,,,,,,,Sering,Sering,Selalu,Sering,Sering,Sering,Sering,Sering,Sering,Selalu,Sering,Selalu,Sering,Sering,Selalu,Sering,Sering,Sering,Sering,Sering,Sering,Sering,Sering,Sering,Sering,Sering,Selalu,Selalu,Sering,Sering,Selalu,Selalu,Sering,Tidak Pernah,Jarang,Jarang,Tidak Pernah,Tidak Pernah,Jarang,Tidak Pernah,Kadang-kadang,Sering,Selalu,Sering,Selalu,Sering,Kadang-kadang,Jarang,Jarang,Jarang,Tidak Pernah,Tidak Pernah,Sering,Tidak Pernah,Tidak Setuju,Tidak Setuju,Tidak Setuju,Sangat Setuju,Sangat Tidak Setuju,Sangat Setuju,Sangat Tidak Setuju,Tidak Setuju,Tidak Setuju,Tidak Setuju,Sangat Setuju,Sangat Setuju,Tidak Setuju,Sangat Setuju,Sangat Setuju,Tidak Setuju,Sangat Setuju,Sangat Setuju,Sangat Setuju,Setuju,Sangat Setuju,Sangat Setuju,Setuju,Tidak Setuju,Sangat Tidak Setuju,Sangat Tidak Setuju,Sangat Setuju,Setuju,Sangat Tidak Setuju,Setuju,Setuju,Sangat Setuju,Sangat Setuju,Sangat Tidak Setuju,Sangat Setuju,Sangat Setuju,Setuju,Sangat Setuju,Sangat Tidak Setuju,Sangat Tidak Setuju,7,7,7,8,7,8,8,7,Nasywaa Syifa,
13/09/2026 19:26:25,"Ya, Saya bersedia",UP,085228948517,Aceh besar,Perempuan,30 thn,D-III / D-IV,Menikah,Sales,4.000.000,7 thn,23 thn,1 anak,Rumah Keluarga,,,,,,,,,,,,,,Jarang,Jarang,Jarang,Kadang-kadang,Sering,Kadang-kadang,Sering,Sering,Sering,Selalu,Sering,Kadang-kadang,Sering,Selalu,Sering,Kadang-kadang,Sering,Sering,Sering,Kadang-kadang,Sering,Sering,Sering,Kadang-kadang,Kadang-kadang,Kadang-kadang,Kadang-kadang,Sering,Kadang-kadang,Jarang,Sering,Sering,Kadang-kadang,Kadang-kadang,Kadang-kadang,Kadang-kadang,Kadang-kadang,Kadang-kadang,Kadang-kadang,Sering,Sering,Jarang,Jarang,Sering,Jarang,Jarang,Kadang-kadang,Selalu,Kadang-kadang,Kadang-kadang,Sering,Kadang-kadang,Kadang-kadang,Kadang-kadang,Tidak Setuju,Tidak Setuju,Sangat Tidak Setuju,Setuju,Tidak Setuju,Setuju,Tidak Setuju,Tidak Setuju,Sangat Setuju,Sangat Tidak Setuju,Setuju,Setuju,Tidak Setuju,Setuju,Setuju,Tidak Setuju,Setuju,Setuju,Setuju,Setuju,Setuju,Setuju,Setuju,Tidak Setuju,Sangat Tidak Setuju,Tidak Setuju,Sangat Setuju,Setuju,Tidak Setuju,Sangat Setuju,Setuju,Setuju,Setuju,Sangat Tidak Setuju,Sangat Setuju,Setuju,Setuju,Sangat Setuju,Setuju,Setuju,4,4,4,6,4,8,4,6,Una,
13/09/2026 19:33:02,"Ya, Saya bersedia",YA,081282497615,Banda aceh,Laki-laki,45 thn,SMP,Menikah,Buruh,1.500.000,20 thn,25 thn,3 anak,Rumah Sendiri,,,,,,,,,,,,,,Sering,Sering,Sering,Sering,Sering,Sering,Sering,Kadang-kadang,Kadang-kadang,Sering,Sering,Kadang-kadang,Sering,Selalu,Sering,Kadang-kadang,Sering,Sering,Sering,Sering,Sering,Kadang-kadang,Kadang-kadang,Kadang-kadang,Sering,Kadang-kadang,Kadang-kadang,Kadang-kadang,Kadang-kadang,Sering,Kadang-kadang,Jarang,Tidak Pernah,Tidak Pernah,Tidak Pernah,Tidak Pernah,Sering,Jarang,Sering,Kadang-kadang,Kadang-kadang,Sering,Jarang,Jarang,Jarang,Jarang,Jarang,Kadang-kadang,Kadang-kadang,Sering,Sering,Tidak Pernah,Tidak Pernah,Tidak Pernah,Sangat Tidak Setuju,Tidak Setuju,Tidak Setuju,Tidak Setuju,Tidak Setuju,Tidak Setuju,Tidak Setuju,Tidak Setuju,Setuju,Tidak Setuju,Setuju,Sangat Setuju,Tidak Setuju,Sangat Setuju,Setuju,Tidak Setuju,Setuju,Setuju,Setuju,Sangat Setuju,Setuju,Sangat Setuju,Setuju,Tidak Setuju,Tidak Setuju,Tidak Setuju,Setuju,Setuju,Tidak Setuju,Setuju,Setuju,Setuju,Setuju,Tidak Setuju,Setuju,Tidak Setuju,Setuju,Setuju,Setuju,Setuju,2,2,2,2,1,6,3,2,Una,
13/09/2026 19:38:01,"Ya, Saya bersedia",AU,085262684086,banda aceh lamprit,Laki-laki,28,D-III / D-IV,Menikah,perawat,6.200.000,3,25,1,Rumah Sendiri,,,,,,,,,,,,,,Sering,Selalu,Selalu,Sering,Sering,Sering,Sering,Sering,Selalu,Sering,Sering,Sering,Sering,Selalu,Sering,Sering,Selalu,Selalu,Selalu,Sering,Selalu,Sering,Sering,Sering,Sering,Selalu,Selalu,Selalu,Sering,Sering,Selalu,Selalu,Sering,Tidak Pernah,Tidak Pernah,Tidak Pernah,Tidak Pernah,Tidak Pernah,Jarang,Tidak Pernah,Tidak Pernah,Kadang-kadang,Sering,Selalu,Sering,Sering,Kadang-kadang,Jarang,Jarang,Tidak Pernah,Jarang,Tidak Pernah,Tidak Pernah,Tidak Pernah,Tidak Setuju,Sangat Tidak Setuju,Tidak Setuju,Setuju,Sangat Tidak Setuju,Sangat Setuju,Tidak Setuju,Tidak Setuju,Sangat Tidak Setuju,Sangat Tidak Setuju,Sangat Setuju,Setuju,Sangat Tidak Setuju,Sangat Setuju,Setuju,Sangat Tidak Setuju,Sangat Setuju,Setuju,Sangat Setuju,Sangat Setuju,Setuju,Sangat Setuju,Sangat Setuju,Sangat Tidak Setuju,Sangat Tidak Setuju,Sangat Tidak Setuju,Sangat Setuju,Setuju,Tidak Setuju,Sangat Setuju,Setuju,Sangat Setuju,Sangat Setuju,Sangat Tidak Setuju,Sangat Setuju,Setuju,Sangat Setuju,Sangat Setuju,Tidak Setuju,Tidak Setuju,7,8,7,7,8,9,7,7,Nasywaa Syifa,
13/09/2026 19:44:54,"Ya, Saya bersedia",Z,085210104590,Banda aceh,Perempuan,25 thn,S1,Menikah,Karyawan swasta ,10.000.000,2 thn,23 thn,1 anak,Rumah Dinas,,,,,,,,,,,,,,Sering,Sering,Sering,Sering,Selalu,Selalu,Selalu,Selalu,Selalu,Selalu,Selalu,Sering,Sering,Selalu,Sering,Sering,Sering,Sering,Selalu,Selalu,Selalu,Selalu,Selalu,Sering,Sering,Sering,Sering,Sering,Selalu,Kadang-kadang,Tidak Pernah,Tidak Pernah,Tidak Pernah,Tidak Pernah,Tidak Pernah,Tidak Pernah,Tidak Pernah,Tidak Pernah,Tidak Pernah,Tidak Pernah,Tidak Pernah,Sering,Sering,Tidak Pernah,Sering,Kadang-kadang,Sering,Kadang-kadang,Tidak Pernah,Tidak Pernah,Tidak Pernah,Tidak Pernah,Tidak Pernah,Tidak Pernah,Sangat Tidak Setuju,Sangat Tidak Setuju,Sangat Tidak Setuju,Setuju,Sangat Tidak Setuju,Sangat Tidak Setuju,Sangat Tidak Setuju,Sangat Tidak Setuju,Setuju,Sangat Tidak Setuju,Setuju,Setuju,Tidak Setuju,Setuju,Setuju,Tidak Setuju,Setuju,Setuju,Setuju,Setuju,Setuju,Sangat Setuju,Setuju,Tidak Setuju,Tidak Setuju,Tidak Setuju,Sangat Setuju,Sangat Setuju,Sangat Tidak Setuju,Sangat Setuju,Setuju,Setuju,Setuju,Tidak Setuju,Sangat Setuju,Setuju,Setuju,Sangat Setuju,Tidak Setuju,Setuju,9,2,9,9,9,10,2,9,Una,
13/09/2026 19:45:18,"Ya, Saya bersedia",AL,085276588106,kp keramat banda aceh,Laki-laki,25,SMA,Menikah,petani,3.900.000,2,23,1,Rumah Keluarga,,,,,,,,,,,,,,Sering,Selalu,Sering,Sering,Sering,Selalu,Sering,Sering,Selalu,Selalu,Sering,Selalu,Sering,Sering,Sering,Sering,Sering,Sering,Sering,Sering,Sering,Selalu,Selalu,Sering,Sering,Sering,Sering,Sering,Sering,Selalu,Sering,Sering,Selalu,Jarang,Tidak Pernah,Tidak Pernah,Tidak Pernah,Jarang,Tidak Pernah,Tidak Pernah,Tidak Pernah,Kadang-kadang,Sering,Selalu,Selalu,Sering,Kadang-kadang,Tidak Pernah,Tidak Pernah,Tidak Pernah,Tidak Pernah,Tidak Pernah,Tidak Pernah,Jarang,Sangat Tidak Setuju,Sangat Tidak Setuju,Tidak Setuju,Setuju,Sangat Tidak Setuju,Sangat Setuju,Sangat Tidak Setuju,Sangat Tidak Setuju,Sangat Tidak Setuju,Sangat Tidak Setuju,Sangat Setuju,Sangat Setuju,Sangat Tidak Setuju,Sangat Setuju,Sangat Setuju,Sangat Tidak Setuju,Sangat Setuju,Setuju,Sangat Setuju,Sangat Setuju,Sangat Setuju,Sangat Setuju,Sangat Setuju,Sangat Tidak Setuju,Sangat Tidak Setuju,Tidak Setuju,Sangat Setuju,Sangat Setuju,Sangat Tidak Setuju,Setuju,Setuju,Setuju,Sangat Setuju,Tidak Setuju,Sangat Setuju,Sangat Setuju,Sangat Setuju,Sangat Setuju,Sangat Tidak Setuju,Sangat Tidak Setuju,8,9,8,8,8,8,8,8,Nasywaa Syifa,
13/09/2026 19:52:03,"Ya, Saya bersedia",TR,085358382854,Sukaramai banda aceh,Perempuan,36,SMA,Menikah,pedagang,5.600.000,8,28,3,Rumah Sendiri,,,,,,,,,,,,,,Sering,Sering,Sering,Sering,Sering,Sering,Sering,Selalu,Sering,Sering,Sering,Sering,Selalu,Sering,Selalu,Sering,Sering,Sering,Sering,Sering,Selalu,Selalu,Selalu,Sering,Sering,Sering,Sering,Selalu,Sering,Sering,Tidak Pernah,Tidak Pernah,Tidak Pernah,Tidak Pernah,Tidak Pernah,Tidak Pernah,Tidak Pernah,Jarang,Tidak Pernah,Tidak Pernah,Jarang,Kadang-kadang,Sering,Sering,Sering,Sering,Kadang-kadang,Tidak Pernah,Jarang,Jarang,Tidak Pernah,Tidak Pernah,Tidak Pernah,Jarang,Sangat Tidak Setuju,Tidak Setuju,Tidak Setuju,Sangat Setuju,Sangat Tidak Setuju,Sangat Setuju,Sangat Tidak Setuju,Sangat Tidak Setuju,Sangat Tidak Setuju,Sangat Tidak Setuju,Sangat Setuju,Sangat Setuju,Sangat Tidak Setuju,Sangat Setuju,Sangat Setuju,Sangat Tidak Setuju,Sangat Setuju,Sangat Setuju,Sangat Setuju,Sangat Setuju,Sangat Setuju,Sangat Setuju,Sangat Setuju,Tidak Setuju,Sangat Tidak Setuju,Sangat Tidak Setuju,Sangat Setuju,Sangat Setuju,Sangat Tidak Setuju,Sangat Setuju,Sangat Setuju,Sangat Setuju,Sangat Setuju,Sangat Tidak Setuju,Sangat Setuju,Sangat Setuju,Sangat Setuju,Sangat Setuju,Sangat Tidak Setuju,Sangat Tidak Setuju,9,8,9,8,8,9,9,9,Nasywaa Syifa,
13/09/2026 19:57:42,"Ya, Saya bersedia",TA,085273817813,banda aceh,Laki-laki,34,S1,Menikah,dosen,8.000.000,5,29,2,Rumah Sendiri,,,,,,,,,,,,,,Sering,Kadang-kadang,Sering,Sering,Kadang-kadang,Kadang-kadang,Kadang-kadang,Kadang-kadang,Kadang-kadang,Sering,Sering,Kadang-kadang,Kadang-kadang,Selalu,Sering,Sering,Selalu,Sering,Kadang-kadang,Sering,Sering,Selalu,Sering,Sering,Kadang-kadang,Sering,Sering,Sering,Sering,Kadang-kadang,Jarang,Jarang,Jarang,Jarang,Tidak Pernah,Tidak Pernah,Kadang-kadang,Tidak Pernah,Tidak Pernah,Jarang,Jarang,Tidak Pernah,Tidak Pernah,Tidak Pernah,Kadang-kadang,Kadang-kadang,Kadang-kadang,Sering,Kadang-kadang,Sering,Sering,Sering,Sering,Sering,Sangat Tidak Setuju,Tidak Setuju,Tidak Setuju,Setuju,Sangat Tidak Setuju,Sangat Setuju,Tidak Setuju,Tidak Setuju,Tidak Setuju,Sangat Tidak Setuju,Sangat Setuju,Sangat Setuju,Sangat Tidak Setuju,Sangat Setuju,Sangat Setuju,Sangat Tidak Setuju,Sangat Setuju,Sangat Setuju,Sangat Setuju,Sangat Setuju,Sangat Setuju,Sangat Setuju,Sangat Setuju,Sangat Tidak Setuju,Sangat Tidak Setuju,Sangat Tidak Setuju,Sangat Setuju,Sangat Setuju,Sangat Tidak Setuju,Sangat Setuju,Sangat Setuju,Sangat Setuju,Sangat Setuju,Sangat Tidak Setuju,Sangat Setuju,Sangat Setuju,Sangat Setuju,Sangat Setuju,Sangat Tidak Setuju,Sangat Tidak Setuju,6,5,4,4,4,3,3,4,Nasywaa Syifa,
13/09/2026 20:04:41,"Ya, Saya bersedia",RM,087763203922,kp keramat banda aceh,Laki-laki,26,SMA,Menikah,karyawan,4.600.000,3,23,1,Rumah Keluarga,,,,,,,,,,,,,,Sering,Selalu,Selalu,Selalu,Selalu,Selalu,Sering,Selalu,Selalu,Sering,Sering,Sering,Sering,Sering,Selalu,Sering,Selalu,Sering,Sering,Sering,Sering,Sering,Selalu,Sering,Kadang-kadang,Sering,Selalu,Sering,Sering,Sering,Jarang,Jarang,Jarang,Tidak Pernah,Tidak Pernah,Jarang,Jarang,Jarang,Tidak Pernah,Tidak Pernah,Sering,Sering,Sering,Sering,Kadang-kadang,Kadang-kadang,Sering,Kadang-kadang,Tidak Pernah,Tidak Pernah,Jarang,Jarang,Tidak Pernah,Tidak Pernah,Sangat Tidak Setuju,Sangat Tidak Setuju,Sangat Tidak Setuju,Sangat Setuju,Sangat Tidak Setuju,Setuju,Sangat Tidak Setuju,Tidak Setuju,Tidak Setuju,Tidak Setuju,Setuju,Sangat Setuju,Sangat Tidak Setuju,Sangat Setuju,Setuju,Tidak Setuju,Sangat Setuju,Sangat Setuju,Setuju,Setuju,Sangat Setuju,Sangat Setuju,Sangat Setuju,Setuju,Tidak Setuju,Tidak Setuju,Sangat Setuju,Setuju,Sangat Tidak Setuju,Sangat Setuju,Sangat Setuju,Setuju,Setuju,Sangat Tidak Setuju,Setuju,Sangat Setuju,Setuju,Setuju,Tidak Setuju,Sangat Tidak Setuju,8,8,8,7,8,8,8,8,Nasywaa Syifa,
13/09/2026 20:13:16,"Ya, Saya bersedia",RS,08977294148,batoh,Laki-laki,31,S1,Menikah,wirausaha,7.500.000,4,27,2,Rumah Sendiri,,,,,,,,,,,,,,Sering,Sering,Selalu,Sering,Selalu,Selalu,Sering,Sering,Selalu,Selalu,Sering,Selalu,Sering,Sering,Sering,Selalu,Selalu,Selalu,Selalu,Sering,Selalu,Selalu,Sering,Sering,Selalu,Sering,Sering,Sering,Sering,Sering,Jarang,Tidak Pernah,Tidak Pernah,Tidak Pernah,Jarang,Tidak Pernah,Jarang,Jarang,Sering,Sering,Sering,Kadang-kadang,Kadang-kadang,Sering,Sering,Kadang-kadang,Sering,Kadang-kadang,Tidak Pernah,Jarang,Tidak Pernah,Jarang,Jarang,Jarang,Sangat Tidak Setuju,Sangat Tidak Setuju,Tidak Setuju,Sangat Setuju,Tidak Setuju,Setuju,Sangat Tidak Setuju,Tidak Setuju,Tidak Setuju,Sangat Tidak Setuju,Setuju,Sangat Setuju,Tidak Setuju,Sangat Setuju,Sangat Setuju,Tidak Setuju,Sangat Setuju,Sangat Setuju,Setuju,Sangat Setuju,Setuju,Setuju,Setuju,Setuju,Tidak Setuju,Tidak Setuju,Sangat Setuju,Sangat Setuju,Sangat Tidak Setuju,Setuju,Setuju,Setuju,Sangat Setuju,Tidak Setuju,Sangat Setuju,Setuju,Setuju,Setuju,Sangat Tidak Setuju,Tidak Setuju,7,7,7,8,7,7,6,8,Nasywaa Syifa,
13/09/2026 20:20:00,"Ya, Saya bersedia",PTR,085353424377,batoh,Laki-laki,32,D-III / D-IV,Menikah,karyawan,4.000.000,9,23,1,Rumah Sewa,,,,,,,,,,,,,,Sering,Kadang-kadang,Sering,Selalu,Sering,Sering,Kadang-kadang,Sering,Sering,Kadang-kadang,Kadang-kadang,Sering,Kadang-kadang,Sering,Sering,Kadang-kadang,Sering,Selalu,Sering,Sering,Kadang-kadang,Sering,Sering,Kadang-kadang,Kadang-kadang,Kadang-kadang,Selalu,Selalu,Selalu,Sering,Jarang,Jarang,Tidak Pernah,Jarang,Jarang,Jarang,Tidak Pernah,Tidak Pernah,Tidak Pernah,Tidak Pernah,Kadang-kadang,Kadang-kadang,Tidak Pernah,Tidak Pernah,Tidak Pernah,Jarang,Jarang,Tidak Pernah,Jarang,Jarang,Kadang-kadang,Tidak Pernah,Tidak Pernah,Tidak Pernah,Sangat Tidak Setuju,Sangat Tidak Setuju,Tidak Setuju,Sangat Setuju,Sangat Tidak Setuju,Sangat Setuju,Sangat Tidak Setuju,Sangat Tidak Setuju,Tidak Setuju,Sangat Tidak Setuju,Sangat Setuju,Sangat Setuju,Sangat Tidak Setuju,Sangat Setuju,Sangat Setuju,Sangat Tidak Setuju,Sangat Setuju,Sangat Setuju,Sangat Tidak Setuju,Sangat Setuju,Sangat Setuju,Sangat Setuju,Sangat Setuju,Sangat Tidak Setuju,Sangat Tidak Setuju,Sangat Tidak Setuju,Sangat Setuju,Sangat Setuju,Sangat Tidak Setuju,Sangat Setuju,Sangat Setuju,Sangat Tidak Setuju,Sangat Setuju,Sangat Tidak Setuju,Sangat Setuju,Sangat Tidak Setuju,Sangat Setuju,Sangat Setuju,Sangat Tidak Setuju,Sangat Setuju,7,7,7,7,7,7,7,7,Nasywaa Syifa,
13/09/2026 20:26:26,"Ya, Saya bersedia",NF,082273688072,banda aceh,Laki-laki,43,S1,Menikah,ons,7.000.000,16,27,3,Rumah Sendiri,,,,,,,,,,,,,,Sering,Kadang-kadang,Selalu,Sering,Selalu,Selalu,Sering,Selalu,Selalu,Sering,Kadang-kadang,Sering,Kadang-kadang,Sering,Sering,Kadang-kadang,Sering,Selalu,Sering,Sering,Kadang-kadang,Selalu,Selalu,Sering,Sering,Sering,Sering,Sering,Sering,Kadang-kadang,Jarang,Jarang,Tidak Pernah,Jarang,Jarang,Jarang,Tidak Pernah,Jarang,Jarang,Tidak Pernah,Jarang,Jarang,Kadang-kadang,Tidak Pernah,Kadang-kadang,Tidak Pernah,Kadang-kadang,Kadang-kadang,Jarang,Jarang,Kadang-kadang,Kadang-kadang,Jarang,Kadang-kadang,Sangat Tidak Setuju,Sangat Tidak Setuju,Tidak Setuju,Sangat Setuju,Sangat Tidak Setuju,Sangat Setuju,Sangat Tidak Setuju,Sangat Tidak Setuju,Tidak Setuju,Sangat Tidak Setuju,Sangat Setuju,Sangat Setuju,Sangat Tidak Setuju,Sangat Setuju,Sangat Setuju,Sangat Tidak Setuju,Sangat Setuju,Sangat Setuju,Sangat Tidak Setuju,Sangat Setuju,Sangat Setuju,Sangat Setuju,Sangat Setuju,Sangat Tidak Setuju,Sangat Tidak Setuju,Sangat Tidak Setuju,Sangat Setuju,Sangat Setuju,Sangat Tidak Setuju,Sangat Setuju,Sangat Setuju,Sangat Setuju,Sangat Tidak Setuju,Sangat Tidak Setuju,Sangat Setuju,Sangat Tidak Setuju,Sangat Setuju,Sangat Setuju,Sangat Tidak Setuju,Sangat Setuju,7,7,7,7,7,7,7,7,Nasywaa Syifa,
13/09/2026 20:30:39,"Ya, Saya bersedia",W,081298457890,Banda aceh,Perempuan,29 thn,SMA,Menikah,IRT,2.500.000,5 thn,24 thn,2 anak,Rumah Keluarga,,,,,,,,,,,,,,Sering,Sering,Sering,Sering,Selalu,Selalu,Sering,Sering,Sering,Sering,Sering,Kadang-kadang,Kadang-kadang,Selalu,Kadang-kadang,Sering,Sering,Kadang-kadang,Sering,Sering,Selalu,Selalu,Selalu,Sering,Sering,Sering,Kadang-kadang,Sering,Kadang-kadang,Sering,Jarang,Jarang,Tidak Pernah,Tidak Pernah,Tidak Pernah,Tidak Pernah,Kadang-kadang,Tidak Pernah,Jarang,Tidak Pernah,Tidak Pernah,Kadang-kadang,Sering,Tidak Pernah,Kadang-kadang,Jarang,Selalu,Kadang-kadang,Tidak Pernah,Tidak Pernah,Tidak Pernah,Tidak Pernah,Tidak Pernah,Tidak Pernah,Sangat Tidak Setuju,Tidak Setuju,Tidak Setuju,Tidak Setuju,Sangat Tidak Setuju,Sangat Tidak Setuju,Sangat Tidak Setuju,Sangat Tidak Setuju,Setuju,Sangat Tidak Setuju,Setuju,Sangat Setuju,Tidak Setuju,Sangat Setuju,Setuju,Tidak Setuju,Sangat Setuju,Sangat Setuju,Sangat Setuju,Setuju,Setuju,Sangat Setuju,Tidak Setuju,Tidak Setuju,Tidak Setuju,Tidak Setuju,Sangat Setuju,Setuju,Tidak Setuju,Sangat Setuju,Sangat Setuju,Sangat Setuju,Setuju,Sangat Tidak Setuju,Sangat Setuju,Tidak Setuju,Setuju,Sangat Setuju,Sangat Setuju,Setuju,5,5,4,4,3,4,4,5,Una,
13/09/2026 20:32:29,"Ya, Saya bersedia",MF,085358596830,banda aceh,Perempuan,38,SMA,Cerai Hidup,pedagang,3.700.000,,,,,masalah ekonomi,5,29,34,2,Rumah Keluarga,,,,,,,,Sering,Kadang-kadang,Sering,Selalu,Sering,Sering,Kadang-kadang,Sering,Sering,Kadang-kadang,Kadang-kadang,Sering,Kadang-kadang,Sering,Sering,Kadang-kadang,Selalu,Selalu,Sering,Sering,Kadang-kadang,Sering,Sering,Kadang-kadang,Sering,Sering,Sering,Sering,Sering,Kadang-kadang,Jarang,Jarang,Jarang,Jarang,Jarang,Jarang,Tidak Pernah,Tidak Pernah,Tidak Pernah,Tidak Pernah,Kadang-kadang,Kadang-kadang,Tidak Pernah,Tidak Pernah,Tidak Pernah,Jarang,Tidak Pernah,Tidak Pernah,Jarang,Jarang,Kadang-kadang,Tidak Pernah,Tidak Pernah,Jarang,Sangat Tidak Setuju,Sangat Tidak Setuju,Sangat Tidak Setuju,Sangat Setuju,Sangat Tidak Setuju,Sangat Setuju,Sangat Tidak Setuju,Sangat Tidak Setuju,Tidak Setuju,Sangat Tidak Setuju,Sangat Setuju,Sangat Setuju,Sangat Tidak Setuju,Sangat Setuju,Sangat Setuju,Sangat Tidak Setuju,Sangat Setuju,Sangat Setuju,Sangat Tidak Setuju,Sangat Setuju,Sangat Setuju,Sangat Setuju,Sangat Setuju,Sangat Tidak Setuju,Sangat Tidak Setuju,Sangat Tidak Setuju,Sangat Setuju,Sangat Setuju,Sangat Tidak Setuju,Sangat Setuju,Sangat Setuju,Sangat Tidak Setuju,Sangat Setuju,Sangat Tidak Setuju,Sangat Setuju,Sangat Tidak Setuju,Sangat Setuju,Sangat Setuju,Sangat Tidak Setuju,Sangat Setuju,6,6,6,6,6,6,6,6,Nasywaa Syifa,
13/09/2026 21:18:51,"Ya, Saya bersedia",NL,082165650827,banda aceh,Laki-laki,49,SMA,Menikah,pedagang,5.000.000,19,30,4,Rumah Sendiri,,,,,,,,,,,,,,Sering,Selalu,Kadang-kadang,Sering,Sering,Sering,Selalu,Sering,Sering,Selalu,Sering,Sering,Selalu,Selalu,Sering,Selalu,Sering,Sering,Selalu,Selalu,Sering,Selalu,Sering,Selalu,Sering,Selalu,Sering,Selalu,Sering,Selalu,Jarang,Jarang,Tidak Pernah,Jarang,Tidak Pernah,Jarang,Tidak Pernah,Tidak Pernah,Jarang,Jarang,Kadang-kadang,Sering,Sering,Sering,Kadang-kadang,Sering,Sering,Jarang,Tidak Pernah,Tidak Pernah,Jarang,Jarang,Tidak Pernah,Jarang,Sangat Tidak Setuju,Sangat Tidak Setuju,Sangat Tidak Setuju,Tidak Setuju,Setuju,Tidak Setuju,Sangat Tidak Setuju,Sangat Tidak Setuju,Tidak Setuju,Tidak Setuju,Setuju,Sangat Setuju,Sangat Tidak Setuju,Sangat Setuju,Sangat Setuju,Sangat Tidak Setuju,Sangat Setuju,Setuju,Setuju,Sangat Setuju,Sangat Setuju,Sangat Setuju,Setuju,Setuju,Tidak Setuju,Tidak Setuju,Sangat Setuju,Sangat Setuju,Sangat Tidak Setuju,Setuju,Setuju,Sangat Setuju,Sangat Setuju,Sangat Tidak Setuju,Sangat Setuju,Sangat Setuju,Setuju,Sangat Setuju,Tidak Setuju,Sangat Tidak Setuju,6,6,6,6,6,6,6,6,Nasywaa Syifa,
13/09/2026 21:24:17,"Ya, Saya bersedia",NYK,082360390288,banda aceh,Laki-laki,36,SMA,Menikah,petani,3.800.000,13,24,2,Rumah Sendiri,,,,,,,,,,,,,,Sering,Kadang-kadang,Sering,Selalu,Selalu,Selalu,Sering,Selalu,Selalu,Sering,Sering,Sering,Sering,Selalu,Selalu,Sering,Selalu,Selalu,Selalu,Selalu,Sering,Sering,Sering,Kadang-kadang,Sering,Sering,Selalu,Selalu,Selalu,Sering,Tidak Pernah,Tidak Pernah,Tidak Pernah,Jarang,Jarang,Jarang,Jarang,Tidak Pernah,Tidak Pernah,Tidak Pernah,Kadang-kadang,Kadang-kadang,Tidak Pernah,Tidak Pernah,Tidak Pernah,Jarang,Tidak Pernah,Tidak Pernah,Jarang,Jarang,Jarang,Tidak Pernah,Tidak Pernah,Tidak Pernah,Sangat Tidak Setuju,Sangat Tidak Setuju,Sangat Tidak Setuju,Tidak Setuju,Sangat Setuju,Sangat Tidak Setuju,Sangat Setuju,Sangat Tidak Setuju,Tidak Setuju,Sangat Tidak Setuju,Sangat Setuju,Sangat Setuju,Sangat Tidak Setuju,Sangat Setuju,Sangat Setuju,Sangat Tidak Setuju,Sangat Setuju,Sangat Setuju,Sangat Tidak Setuju,Sangat Setuju,Sangat Setuju,Sangat Setuju,Sangat Setuju,Sangat Tidak Setuju,Sangat Tidak Setuju,Sangat Tidak Setuju,Sangat Setuju,Sangat Setuju,Sangat Tidak Setuju,Sangat Setuju,Sangat Setuju,Sangat Setuju,Sangat Setuju,Sangat Tidak Setuju,Sangat Setuju,Sangat Tidak Setuju,Sangat Setuju,Sangat Setuju,Sangat Tidak Setuju,Sangat Setuju,8,8,8,8,8,8,8,8,Nasywaa Syifa,
13/09/2026 21:28:44,"Ya, Saya bersedia",NLH,082372290759,pango banda aceh,Laki-laki,41,S1,Menikah,pengusaha,6.500.000,16,25,3,Rumah Sendiri,,,,,,,,,,,,,,Sering,Kadang-kadang,Sering,Selalu,Sering,Sering,Kadang-kadang,Sering,Sering,Kadang-kadang,Kadang-kadang,Sering,Sering,Selalu,Selalu,Sering,Selalu,Selalu,Sering,Sering,Kadang-kadang,Kadang-kadang,Kadang-kadang,Kadang-kadang,Sering,Sering,Sering,Sering,Sering,Kadang-kadang,Jarang,Tidak Pernah,Tidak Pernah,Jarang,Jarang,Jarang,Jarang,Tidak Pernah,Tidak Pernah,Tidak Pernah,Kadang-kadang,Kadang-kadang,Kadang-kadang,Tidak Pernah,Tidak Pernah,Tidak Pernah,Tidak Pernah,Tidak Pernah,Jarang,Jarang,Tidak Pernah,Tidak Pernah,Tidak Pernah,Tidak Pernah,Sangat Tidak Setuju,Sangat Tidak Setuju,Tidak Setuju,Sangat Setuju,Sangat Tidak Setuju,Sangat Setuju,Sangat Tidak Setuju,Sangat Tidak Setuju,Tidak Setuju,Sangat Tidak Setuju,Sangat Setuju,Sangat Setuju,Sangat Tidak Setuju,Sangat Setuju,Sangat Setuju,Sangat Tidak Setuju,Sangat Setuju,Sangat Setuju,Sangat Tidak Setuju,Sangat Setuju,Sangat Setuju,Sangat Setuju,Sangat Setuju,Sangat Tidak Setuju,Sangat Tidak Setuju,Sangat Tidak Setuju,Sangat Setuju,Sangat Setuju,Sangat Tidak Setuju,Sangat Setuju,Sangat Setuju,Sangat Tidak Setuju,Sangat Setuju,Sangat Tidak Setuju,Sangat Setuju,Sangat Tidak Setuju,Sangat Setuju,Sangat Setuju,Sangat Tidak Setuju,Sangat Setuju,6,6,6,6,6,6,6,6,Nasywaa Syifa,
13/09/2026 21:34:35,"Ya, Saya bersedia",RZ,083196951933,batoh ,Laki-laki,38,S1,Menikah,guru,3.500.000,12,26,2,Rumah Sendiri,,,,,,,,,,,,,,Sering,Kadang-kadang,Sering,Sering,Selalu,Selalu,Sering,Selalu,Selalu,Sering,Kadang-kadang,Sering,Kadang-kadang,Sering,Sering,Kadang-kadang,Sering,Selalu,Sering,Sering,Kadang-kadang,Kadang-kadang,Kadang-kadang,Kadang-kadang,Kadang-kadang,Kadang-kadang,Sering,Sering,Sering,Kadang-kadang,Jarang,Jarang,Jarang,Jarang,Jarang,Jarang,Jarang,Tidak Pernah,Tidak Pernah,Tidak Pernah,Kadang-kadang,Kadang-kadang,Tidak Pernah,Tidak Pernah,Tidak Pernah,Jarang,Jarang,Tidak Pernah,Jarang,Jarang,Jarang,Tidak Pernah,Tidak Pernah,Tidak Pernah,Sangat Tidak Setuju,Sangat Tidak Setuju,Tidak Setuju,Sangat Setuju,Sangat Tidak Setuju,Sangat Setuju,Sangat Tidak Setuju,Sangat Tidak Setuju,Tidak Setuju,Sangat Tidak Setuju,Sangat Setuju,Sangat Setuju,Sangat Tidak Setuju,Sangat Setuju,Sangat Setuju,Sangat Tidak Setuju,Sangat Setuju,Sangat Setuju,Sangat Tidak Setuju,Sangat Setuju,Sangat Setuju,Sangat Setuju,Sangat Setuju,Sangat Tidak Setuju,Sangat Tidak Setuju,Sangat Tidak Setuju,Sangat Setuju,Sangat Setuju,Sangat Tidak Setuju,Sangat Setuju,Sangat Setuju,Sangat Tidak Setuju,Sangat Setuju,Sangat Tidak Setuju,Sangat Setuju,Sangat Tidak Setuju,Sangat Setuju,Sangat Setuju,Sangat Tidak Setuju,Sangat Setuju,8,8,8,8,8,8,8,8,Nasywaa Syifa,
13/09/2026 21:40:03,"Ya, Saya bersedia",RM,083196951932,banda aceh,Perempuan,47,SMA,Menikah,wiraswasta,4.000.000,19,28,4,Rumah Sendiri,,,,,,,,,,,,,,Sering,Selalu,Sering,Selalu,Selalu,Selalu,Sering,Selalu,Selalu,Sering,Sering,Sering,Kadang-kadang,Sering,Sering,Kadang-kadang,Sering,Selalu,Sering,Sering,Kadang-kadang,Sering,Sering,Kadang-kadang,Kadang-kadang,Kadang-kadang,Sering,Sering,Sering,Kadang-kadang,Jarang,Jarang,Jarang,Jarang,Jarang,Jarang,Tidak Pernah,Jarang,Tidak Pernah,Tidak Pernah,Tidak Pernah,Kadang-kadang,Kadang-kadang,Tidak Pernah,Tidak Pernah,Tidak Pernah,Tidak Pernah,Jarang,Jarang,Jarang,Jarang,Jarang,Kadang-kadang,Kadang-kadang,Sangat Tidak Setuju,Sangat Tidak Setuju,Sangat Tidak Setuju,Sangat Setuju,Sangat Tidak Setuju,Sangat Setuju,Sangat Tidak Setuju,Sangat Tidak Setuju,Tidak Setuju,Sangat Tidak Setuju,Sangat Setuju,Sangat Setuju,Sangat Tidak Setuju,Sangat Setuju,Sangat Setuju,Sangat Tidak Setuju,Sangat Setuju,Sangat Setuju,Sangat Tidak Setuju,Sangat Setuju,Sangat Setuju,Sangat Setuju,Sangat Setuju,Sangat Tidak Setuju,Sangat Tidak Setuju,Sangat Tidak Setuju,Sangat Setuju,Sangat Setuju,Sangat Tidak Setuju,Sangat Setuju,Sangat Setuju,Sangat Tidak Setuju,Sangat Setuju,Sangat Tidak Setuju,Sangat Setuju,Sangat Tidak Setuju,Sangat Setuju,Sangat Setuju,Sangat Tidak Setuju,Sangat Setuju,7,7,7,7,7,7,7,7,Nasywaa Syifa,
13/09/2026 21:44:28,"Ya, Saya bersedia",HA,0895320277160,banda aceh,Laki-laki,46,SMA,Menikah,petani,3.000.000,18,28,4,Rumah Sendiri,,,,,,,,,,,,,,Selalu,Sering,Selalu,Selalu,Selalu,Selalu,Selalu,Sering,Sering,Sering,Sering,Selalu,Selalu,Sering,Sering,Selalu,Sering,Sering,Selalu,Sering,Kadang-kadang,Sering,Selalu,Selalu,Sering,Sering,Selalu,Sering,Sering,Selalu,Jarang,Jarang,Jarang,Jarang,Jarang,Jarang,Jarang,Tidak Pernah,Jarang,Tidak Pernah,Sering,Kadang-kadang,Kadang-kadang,Sering,Sering,Kadang-kadang,Kadang-kadang,Jarang,Jarang,Tidak Pernah,Jarang,Jarang,Tidak Pernah,Tidak Pernah,Sangat Tidak Setuju,Sangat Tidak Setuju,Tidak Setuju,Sangat Setuju,Sangat Tidak Setuju,Setuju,Sangat Tidak Setuju,Sangat Tidak Setuju,Sangat Tidak Setuju,Tidak Setuju,Setuju,Sangat Setuju,Tidak Setuju,Sangat Setuju,Sangat Setuju,Sangat Tidak Setuju,Sangat Setuju,Sangat Setuju,Setuju,Setuju,Sangat Setuju,Sangat Setuju,Sangat Setuju,Setuju,Sangat Tidak Setuju,Sangat Tidak Setuju,Sangat Setuju,Sangat Setuju,Sangat Tidak Setuju,Setuju,Sangat Setuju,Setuju,Setuju,Sangat Tidak Setuju,Setuju,Setuju,Setuju,Setuju,Tidak Setuju,Tidak Setuju,6,6,6,6,5,7,7,7,Nasywaa Syifa,
14/09/2026 9:34:34,"Ya, Saya bersedia",YU,082287666290,Banda Aceh,Laki-laki,23,S1,Menikah,Karyawan swasta,5.000.000,2,21,1,Rumah Keluarga,,,,,,,,,,,,,,Sering,Sering,Sering,Selalu,Sering,Sering,Sering,Sering,Selalu,Sering,Selalu,Sering,Sering,Selalu,Selalu,Sering,Selalu,Sering,Sering,Selalu,Sering,Sering,Sering,Selalu,Sering,Selalu,Sering,Sering,Sering,Sering,Jarang,Jarang,Jarang,Jarang,Tidak Pernah,Jarang,Tidak Pernah,Jarang,Tidak Pernah,Jarang,Jarang,Sering,Sering,Sering,Sering,Sering,Kadang-kadang,Tidak Pernah,Jarang,Jarang,Jarang,Jarang,Jarang,Jarang,Sangat Tidak Setuju,Tidak Setuju,Tidak Setuju,Sangat Setuju,Sangat Tidak Setuju,Sangat Setuju,Sangat Tidak Setuju,Tidak Setuju,Sangat Tidak Setuju,Tidak Setuju,Setuju,Sangat Setuju,Sangat Tidak Setuju,Sangat Setuju,Setuju,Sangat Tidak Setuju,Setuju,Setuju,Sangat Setuju,Sangat Setuju,Sangat Setuju,Sangat Setuju,Sangat Setuju,Sangat Tidak Setuju,Sangat Tidak Setuju,Sangat Tidak Setuju,Sangat Setuju,Sangat Setuju,Sangat Tidak Setuju,Sangat Setuju,Sangat Setuju,Sangat Setuju,Sangat Setuju,Sangat Tidak Setuju,Sangat Setuju,Setuju,Setuju,Sangat Setuju,Sangat Tidak Setuju,Sangat Tidak Setuju,9,9,9,8,8,7,8,8,Nasywaa Syifa,
14/09/2026 9:40:37,"Ya, Saya bersedia",CU,082367548500,Banda Aceh,Laki-laki,42,SMA,Menikah,nelayan,5.800.000,11,3q,4,Rumah Sendiri,,,,,,,,,,,,,,Sering,Selalu,Selalu,Sering,Sering,Sering,Selalu,Sering,Selalu,Sering,Sering,Selalu,Sering,Selalu,Sering,Sering,Sering,Sering,Sering,Sering,Sering,Sering,Sering,Selalu,Sering,Sering,Sering,Sering,Selalu,Sering,Jarang,Jarang,Jarang,Jarang,Jarang,Jarang,Jarang,Tidak Pernah,Tidak Pernah,Tidak Pernah,Tidak Pernah,Kadang-kadang,Kadang-kadang,Kadang-kadang,Selalu,Sering,Kadang-kadang,Tidak Pernah,Tidak Pernah,Tidak Pernah,Jarang,Jarang,Jarang,Tidak Pernah,Tidak Setuju,Tidak Setuju,Sangat Tidak Setuju,Setuju,Sangat Tidak Setuju,Setuju,Tidak Setuju,Tidak Setuju,Tidak Setuju,Tidak Setuju,Sangat Setuju,Sangat Setuju,Tidak Setuju,Sangat Setuju,Sangat Setuju,Tidak Setuju,Setuju,Setuju,Setuju,Setuju,Sangat Setuju,Sangat Setuju,Sangat Setuju,Sangat Tidak Setuju,Tidak Setuju,Tidak Setuju,Sangat Setuju,Setuju,Tidak Setuju,Setuju,Sangat Setuju,Setuju,Sangat Setuju,Tidak Setuju,Sangat Setuju,Sangat Setuju,Sangat Setuju,Setuju,Sangat Tidak Setuju,Tidak Setuju,8,8,8,7,7,8,7,8,Nasywaa Syifa,
14/09/2026 9:46:37,"Ya, Saya bersedia",PA,082373309408,Banda Aceh,Laki-laki,25,S1,Menikah,Karywan Swasta,5.100.000,3,22,1,Rumah Sewa,,,,,,,,,,,,,,Jarang,Jarang,Tidak Pernah,Kadang-kadang,Jarang,Kadang-kadang,Jarang,Tidak Pernah,Tidak Pernah,Jarang,Tidak Pernah,Jarang,Kadang-kadang,Tidak Pernah,Kadang-kadang,Kadang-kadang,Kadang-kadang,Jarang,Jarang,Tidak Pernah,Kadang-kadang,Kadang-kadang,Kadang-kadang,Jarang,Jarang,Tidak Pernah,Tidak Pernah,Tidak Pernah,Jarang,Tidak Pernah,Sering,Kadang-kadang,Sering,Sering,Sering,Kadang-kadang,Kadang-kadang,Selalu,Selalu,Selalu,Sering,Sering,Selalu,Sering,Sering,Kadang-kadang,Sering,Sering,Kadang-kadang,Sering,Sering,Selalu,Selalu,Sering,Tidak Setuju,Tidak Setuju,Tidak Setuju,Sangat Setuju,Tidak Setuju,Sangat Setuju,Tidak Setuju,Tidak Setuju,Sangat Tidak Setuju,Tidak Setuju,Sangat Setuju,Setuju,Tidak Setuju,Sangat Setuju,Setuju,Tidak Setuju,Setuju,Sangat Setuju,Sangat Setuju,Setuju,Setuju,Setuju,Sangat Setuju,Setuju,Tidak Setuju,Sangat Tidak Setuju,Sangat Tidak Setuju,Sangat Setuju,Tidak Setuju,Setuju,Setuju,Setuju,Sangat Setuju,Sangat Tidak Setuju,Setuju,Setuju,Sangat Setuju,Sangat Setuju,Tidak Setuju,Tidak Setuju,7,8,7,8,8,8,8,8,Nasywaa Syifa,
14/09/2026 9:51:53,"Ya, Saya bersedia",YM,072361528009,Banda Aceh,Laki-laki,29,D-III / D-IV,Menikah,apoteker,6.800.000,4,25,2,Rumah Sendiri,,,,,,,,,,,,,,Sering,Selalu,Sering,Sering,Sering,Sering,Sering,Sering,Sering,Sering,Sering,Selalu,Selalu,Sering,Sering,Sering,Sering,Sering,Sering,Selalu,Sering,Sering,Sering,Sering,Sering,Sering,Sering,Selalu,Sering,Sering,Jarang,Jarang,Tidak Pernah,Jarang,Kadang-kadang,Kadang-kadang,Tidak Pernah,Tidak Pernah,Jarang,Jarang,Jarang,Kadang-kadang,Kadang-kadang,Sering,Sering,Sering,Jarang,Tidak Pernah,Sering,Sering,Kadang-kadang,Selalu,Kadang-kadang,Sering,Tidak Setuju,Sangat Tidak Setuju,Tidak Setuju,Sangat Setuju,Sangat Tidak Setuju,Sangat Setuju,Sangat Tidak Setuju,Sangat Tidak Setuju,Tidak Setuju,Tidak Setuju,Setuju,Sangat Setuju,Sangat Tidak Setuju,Sangat Setuju,Sangat Setuju,Tidak Setuju,Sangat Setuju,Setuju,Setuju,Sangat Setuju,Sangat Setuju,Sangat Setuju,Sangat Setuju,Sangat Tidak Setuju,Tidak Setuju,Sangat Tidak Setuju,Sangat Setuju,Sangat Setuju,Sangat Tidak Setuju,Sangat Setuju,Sangat Setuju,Sangat Setuju,Setuju,Sangat Tidak Setuju,Sangat Setuju,Sangat Setuju,Setuju,Sangat Setuju,Tidak Setuju,Tidak Setuju,8,8,8,8,8,8,9,9,Nasywaa Syifa,
14/09/2026 9:59:51,"Ya, Saya bersedia",NR ,082363324274,Banda Aceh,Perempuan,51,SMA,Menikah,IRT,8.000.000,32,18,5,Rumah Sendiri,,,,,,,,,,,,,,Sering,Kadang-kadang,Sering,Sering,Sering,Sering,Kadang-kadang,Sering,Sering,Sering,Sering,Sering,Sering,Selalu,Selalu,Sering,Selalu,Sering,Selalu,Selalu,Sering,Sering,Sering,Sering,Kadang-kadang,Sering,Sering,Sering,Sering,Kadang-kadang,Jarang,Jarang,Tidak Pernah,Jarang,Jarang,Jarang,Tidak Pernah,Jarang,Tidak Pernah,Tidak Pernah,Kadang-kadang,Kadang-kadang,Tidak Pernah,Tidak Pernah,Tidak Pernah,Tidak Pernah,Jarang,Jarang,Jarang,Jarang,Jarang,Kadang-kadang,Kadang-kadang,Kadang-kadang,Sangat Tidak Setuju,Sangat Tidak Setuju,Tidak Setuju,Tidak Setuju,Sangat Setuju,Sangat Tidak Setuju,Sangat Setuju,Sangat Tidak Setuju,Sangat Tidak Setuju,Tidak Setuju,Sangat Setuju,Sangat Setuju,Sangat Tidak Setuju,Sangat Setuju,Sangat Setuju,Sangat Tidak Setuju,Sangat Setuju,Sangat Setuju,Sangat Tidak Setuju,Sangat Setuju,Sangat Setuju,Sangat Setuju,Sangat Setuju,Sangat Tidak Setuju,Sangat Tidak Setuju,Sangat Tidak Setuju,Sangat Setuju,Sangat Setuju,Sangat Tidak Setuju,Sangat Setuju,Sangat Setuju,Sangat Setuju,Sangat Setuju,Sangat Tidak Setuju,Sangat Setuju,Sangat Tidak Setuju,Sangat Setuju,Sangat Setuju,Sangat Tidak Setuju,Sangat Setuju,9,9,8,8,8,8,8,8,Nasywaa Syifa,
14/09/2026 10:04:53,"Ya, Saya bersedia",NO,085260755335,Banda Aceh,Laki-laki,52,SMA,Menikah,Karyawan Swasta,8.000.000,20,32,4,Rumah Keluarga,,,,,,,,,,,,,,Sering,Selalu,Sering,Sering,Sering,Selalu,Sering,Sering,Sering,Sering,Sering,Sering,Sering,Selalu,Selalu,Sering,Selalu,Selalu,Sering,Sering,Sering,Sering,Sering,Sering,Sering,Sering,Sering,Selalu,Sering,Sering,Jarang,Jarang,Jarang,Jarang,Jarang,Tidak Pernah,Tidak Pernah,Tidak Pernah,Jarang,Tidak Pernah,Jarang,Kadang-kadang,Jarang,Jarang,Tidak Pernah,Jarang,Tidak Pernah,Jarang,Jarang,Tidak Pernah,Tidak Pernah,Kadang-kadang,Tidak Pernah,Jarang,Tidak Setuju,Tidak Setuju,Tidak Setuju,Sangat Setuju,Sangat Tidak Setuju,Sangat Setuju,Sangat Tidak Setuju,Tidak Setuju,Tidak Setuju,Tidak Setuju,Sangat Setuju,Sangat Setuju,Tidak Setuju,Sangat Setuju,Sangat Setuju,Tidak Setuju,Sangat Setuju,Setuju,Sangat Setuju,Sangat Setuju,Setuju,Setuju,Sangat Setuju,Tidak Setuju,Tidak Setuju,Sangat Tidak Setuju,Sangat Setuju,Sangat Setuju,Tidak Setuju,Sangat Setuju,Tidak Setuju,Tidak Setuju,Sangat Setuju,Tidak Setuju,Sangat Setuju,Sangat Setuju,Sangat Setuju,Sangat Setuju,Tidak Setuju,Sangat Tidak Setuju,8,8,8,7,7,7,7,7,Nasywaa Syifa,
14/09/2026 10:09:48,"Ya, Saya bersedia",AI,085250464255,Banda Aceh,Laki-laki,50,S1,Menikah,PNS,7.500.000,22,20,4,Rumah Sendiri,,,,,,,,,,,,,,Sering,Kadang-kadang,Sering,Sering,Sering,Sering,Kadang-kadang,Sering,Sering,Kadang-kadang,Kadang-kadang,Sering,Sering,Selalu,Selalu,Sering,Selalu,Selalu,Sering,Sering,Kadang-kadang,Kadang-kadang,Kadang-kadang,Kadang-kadang,Sering,Sering,Sering,Sering,Sering,Kadang-kadang,Jarang,Jarang,Tidak Pernah,Jarang,Jarang,Jarang,Jarang,Tidak Pernah,Tidak Pernah,Tidak Pernah,Tidak Pernah,Kadang-kadang,Kadang-kadang,Jarang,Tidak Pernah,Tidak Pernah,Jarang,Jarang,Jarang,Jarang,Jarang,Tidak Pernah,Tidak Pernah,Tidak Pernah,Sangat Tidak Setuju,Sangat Tidak Setuju,Tidak Setuju,Sangat Setuju,Sangat Tidak Setuju,Sangat Setuju,Sangat Tidak Setuju,Sangat Tidak Setuju,Tidak Setuju,Sangat Tidak Setuju,Sangat Setuju,Sangat Setuju,Sangat Tidak Setuju,Sangat Setuju,Sangat Setuju,Sangat Tidak Setuju,Sangat Setuju,Sangat Setuju,Sangat Tidak Setuju,Sangat Setuju,Sangat Setuju,Sangat Setuju,Sangat Setuju,Sangat Tidak Setuju,Sangat Tidak Setuju,Sangat Tidak Setuju,Sangat Setuju,Sangat Setuju,Sangat Tidak Setuju,Sangat Setuju,Sangat Setuju,Sangat Setuju,Sangat Setuju,Sangat Tidak Setuju,Sangat Setuju,Sangat Tidak Setuju,Sangat Setuju,Sangat Setuju,Sangat Tidak Setuju,Sangat Setuju,7,7,7,7,6,6,6,6,Nasywaa Syifa,
14/09/2026 10:17:56,"Ya, Saya bersedia",IM,085262686360,BANDA ACEH,Perempuan,28,SMA,Cerai Hidup,KARYAWAN SWASTA,4.000.000,,,,,tidak punya pekerjaan tetap,5,23,28,1,Rumah Keluarga,,,,,,,,Sering,Selalu,Selalu,Selalu,Sering,Sering,Sering,Sering,Sering,Sering,Sering,Selalu,Sering,Selalu,Sering,Sering,Selalu,Sering,Sering,Sering,Selalu,Sering,Sering,Sering,Sering,Sering,Sering,Sering,Sering,Sering,Sering,Sering,Sering,Selalu,Sering,Selalu,Sering,Selalu,Sering,Sering,Sering,Sering,Sering,Sering,Sering,Selalu,Selalu,Selalu,Jarang,Jarang,Jarang,Jarang,Tidak Pernah,Tidak Pernah,Tidak Setuju,Tidak Setuju,Sangat Tidak Setuju,Sangat Setuju,Sangat Tidak Setuju,Sangat Setuju,Sangat Tidak Setuju,Tidak Setuju,Tidak Setuju,Tidak Setuju,Sangat Setuju,Sangat Setuju,Sangat Tidak Setuju,Sangat Setuju,Sangat Setuju,Sangat Tidak Setuju,Sangat Setuju,Setuju,Setuju,Setuju,Setuju,Sangat Setuju,Setuju,Tidak Setuju,Sangat Tidak Setuju,Sangat Tidak Setuju,Sangat Setuju,Sangat Setuju,Tidak Setuju,Sangat Setuju,Setuju,Sangat Setuju,Tidak Setuju,Tidak Setuju,Tidak Setuju,Sangat Setuju,Setuju,Sangat Setuju,Setuju,Tidak Setuju,8,9,8,8,8,8,9,8,Nasywaa Syifa,
14/09/2026 11:01:35,"Ya, Saya bersedia",UJ,081264547661,Banda aceh,Perempuan,40,S1,Menikah,IRT,4.000.000,15,25,3,Rumah Sendiri,,,,,,,,,,,,,,Sering,Selalu,Selalu,Sering,Sering,Sering,Sering,Sering,Selalu,Selalu,Sering,Sering,Selalu,Selalu,Selalu,Selalu,Selalu,Sering,Sering,Sering,Sering,Selalu,Selalu,Sering,Sering,Sering,Selalu,Sering,Sering,Selalu,Jarang,Jarang,Jarang,Tidak Pernah,Tidak Pernah,Tidak Pernah,Jarang,Jarang,Tidak Pernah,Tidak Pernah,Tidak Pernah,Jarang,Jarang,Tidak Pernah,Jarang,Jarang,Jarang,Jarang,Jarang,Jarang,Jarang,Tidak Pernah,Tidak Pernah,Tidak Pernah,Sangat Tidak Setuju,Sangat Tidak Setuju,Sangat Tidak Setuju,Sangat Setuju,Sangat Tidak Setuju,Sangat Setuju,Sangat Tidak Setuju,Sangat Tidak Setuju,Sangat Tidak Setuju,Sangat Tidak Setuju,Sangat Setuju,Sangat Setuju,Sangat Tidak Setuju,Sangat Setuju,Sangat Setuju,Sangat Tidak Setuju,Sangat Setuju,Sangat Setuju,Sangat Setuju,Sangat Setuju,Sangat Setuju,Sangat Setuju,Sangat Setuju,Sangat Tidak Setuju,Sangat Tidak Setuju,Sangat Tidak Setuju,Sangat Setuju,Sangat Setuju,Sangat Tidak Setuju,Sangat Setuju,Sangat Setuju,Sangat Setuju,Sangat Setuju,Sangat Tidak Setuju,Sangat Setuju,Sangat Setuju,Sangat Setuju,Sangat Setuju,Sangat Tidak Setuju,Sangat Setuju,8,8,8,7,7,8,8,8,Nasywaa Syifa,
14/09/2026 11:07:09,"Ya, Saya bersedia",SD,085277760423,Aceh Besar,Perempuan,37,S1,Menikah,wirausaha,8.000.000,12,25,3,Rumah Sendiri,,,,,,,,,,,,,,Sering,Selalu,Selalu,Sering,Kadang-kadang,Kadang-kadang,Sering,Sering,Sering,Kadang-kadang,Sering,Kadang-kadang,Kadang-kadang,Sering,Sering,Kadang-kadang,Kadang-kadang,Kadang-kadang,Sering,Sering,Sering,Selalu,Selalu,Sering,Sering,Sering,Selalu,Sering,Sering,Selalu,Jarang,Jarang,Jarang,Tidak Pernah,Tidak Pernah,Tidak Pernah,Jarang,Jarang,Tidak Pernah,Tidak Pernah,Tidak Pernah,Jarang,Jarang,Tidak Pernah,Jarang,Jarang,Jarang,Jarang,Jarang,Jarang,Jarang,Tidak Pernah,Tidak Pernah,Tidak Pernah,Sangat Tidak Setuju,Sangat Tidak Setuju,Sangat Tidak Setuju,Sangat Setuju,Sangat Tidak Setuju,Sangat Setuju,Sangat Tidak Setuju,Sangat Tidak Setuju,Sangat Tidak Setuju,Sangat Tidak Setuju,Sangat Setuju,Sangat Setuju,Sangat Tidak Setuju,Sangat Setuju,Sangat Setuju,Sangat Tidak Setuju,Sangat Setuju,Sangat Setuju,Sangat Setuju,Sangat Setuju,Sangat Setuju,Sangat Setuju,Sangat Setuju,Sangat Tidak Setuju,Sangat Tidak Setuju,Sangat Tidak Setuju,Sangat Setuju,Sangat Setuju,Sangat Tidak Setuju,Sangat Setuju,Sangat Setuju,Sangat Setuju,Sangat Setuju,Sangat Tidak Setuju,Sangat Setuju,Sangat Setuju,Sangat Setuju,Sangat Setuju,Sangat Tidak Setuju,Sangat Setuju,8,8,8,8,8,8,8,8,Nasywaa Syifa,
14/09/2026 11:26:34,"Ya, Saya bersedia",SL,-,Ajun,Perempuan,38,SMA,Menikah,IRT,3.500.000,10,28,2,Rumah Sewa,,,,,,,,,,,,,,Sering,Selalu,Selalu,Sering,Sering,Sering,Selalu,Selalu,Sering,Sering,Sering,Selalu,Sering,Sering,Sering,Selalu,Selalu,Selalu,Sering,Sering,Sering,Selalu,Selalu,Sering,Sering,Sering,Selalu,Sering,Sering,Selalu,Jarang,Jarang,Jarang,Tidak Pernah,Tidak Pernah,Tidak Pernah,Jarang,Jarang,Tidak Pernah,Tidak Pernah,Tidak Pernah,Jarang,Jarang,Tidak Pernah,Jarang,Jarang,Jarang,Jarang,Jarang,Jarang,Jarang,Tidak Pernah,Tidak Pernah,Tidak Pernah,Tidak Setuju,Tidak Setuju,Tidak Setuju,Setuju,Setuju,Sangat Tidak Setuju,Tidak Setuju,Tidak Setuju,Tidak Setuju,Setuju,Setuju,Tidak Setuju,Setuju,Sangat Tidak Setuju,Sangat Setuju,Tidak Setuju,Sangat Setuju,Sangat Setuju,Sangat Setuju,Setuju,Setuju,Tidak Setuju,Setuju,Setuju,Setuju,Tidak Setuju,Sangat Setuju,Tidak Setuju,Tidak Setuju,Tidak Setuju,Tidak Setuju,Setuju,Tidak Setuju,Tidak Setuju,Setuju,Sangat Setuju,Sangat Setuju,Sangat Setuju,Sangat Setuju,Sangat Setuju,8,8,8,8,8,8,8,7,Nasywaa Syifa,
14/09/2026 11:43:06,"Ya, Saya bersedia",RI,081269581225,banda aceh,Laki-laki,33,SMA,Menikah,wirausaha,6.300.000,4,29,2,Rumah Sendiri,,,,,,,,,,,,,,Jarang,Jarang,Jarang,Jarang,Jarang,Jarang,Jarang,Tidak Pernah,Jarang,Jarang,Kadang-kadang,Kadang-kadang,Kadang-kadang,Jarang,Jarang,Kadang-kadang,Tidak Pernah,Tidak Pernah,Tidak Pernah,Tidak Pernah,Jarang,Jarang,Jarang,Tidak Pernah,Jarang,Tidak Pernah,Jarang,Kadang-kadang,Jarang,Kadang-kadang,Sering,Sering,Sering,Sering,Sering,Selalu,Selalu,Kadang-kadang,Kadang-kadang,Kadang-kadang,Sering,Sering,Selalu,Selalu,Selalu,Selalu,Selalu,Kadang-kadang,Kadang-kadang,Kadang-kadang,Kadang-kadang,Kadang-kadang,Sering,Sering,Sangat Tidak Setuju,Tidak Setuju,Sangat Tidak Setuju,Setuju,Sangat Tidak Setuju,Sangat Setuju,Sangat Tidak Setuju,Setuju,Sangat Tidak Setuju,Sangat Tidak Setuju,Sangat Setuju,Sangat Setuju,Sangat Tidak Setuju,Sangat Setuju,Sangat Setuju,Sangat Tidak Setuju,Sangat Setuju,Sangat Setuju,Sangat Setuju,Setuju,Sangat Setuju,Sangat Setuju,Sangat Setuju,Sangat Tidak Setuju,Setuju,Sangat Tidak Setuju,Sangat Tidak Setuju,Setuju,Sangat Tidak Setuju,Setuju,Sangat Tidak Setuju,Setuju,Setuju,Sangat Setuju,Sangat Tidak Setuju,Sangat Setuju,Sangat Setuju,Tidak Setuju,Setuju,Sangat Setuju,4,4,2,1,2,3,1,1,Nasywaa Syifa,
14/09/2026 11:48:29,"Ya, Saya bersedia",ZY,081269581225,Aceh barat,Perempuan,31,SMA,Menikah,IRT,5.200.000,5,26,2,Rumah Sendiri,,,,,,,,,,,,,,Selalu,Selalu,Selalu,Selalu,Sering,Sering,Selalu,Sering,Sering,Sering,Selalu,Selalu,Sering,Sering,Sering,Sering,Sering,Sering,Sering,Sering,Selalu,Selalu,Sering,Kadang-kadang,Sering,Sering,Sering,Sering,Selalu,Sering,Sering,Sering,Sering,Sering,Sering,Kadang-kadang,Sering,Sering,Selalu,Selalu,Selalu,Kadang-kadang,Kadang-kadang,Kadang-kadang,Sering,Sering,Sering,Sering,Sering,Kadang-kadang,Kadang-kadang,Kadang-kadang,Sering,Sering,Sangat Tidak Setuju,Sangat Tidak Setuju,Sangat Setuju,Sangat Tidak Setuju,Sangat Tidak Setuju,Setuju,Sangat Setuju,Sangat Setuju,Sangat Tidak Setuju,Sangat Tidak Setuju,Tidak Setuju,Sangat Tidak Setuju,Setuju,Sangat Setuju,Sangat Tidak Setuju,Sangat Setuju,Setuju,Sangat Tidak Setuju,Setuju,Setuju,Setuju,Sangat Setuju,Sangat Setuju,Setuju,Tidak Setuju,Sangat Tidak Setuju,Sangat Setuju,Setuju,Sangat Tidak Setuju,Sangat Setuju,Sangat Setuju,Tidak Setuju,Sangat Setuju,Tidak Setuju,Sangat Setuju,Sangat Setuju,Setuju,Tidak Setuju,Tidak Setuju,Tidak Setuju,4,4,3,4,5,4,3,4,Nasywaa Syifa,
14/09/2026 11:54:48,"Ya, Saya bersedia",NA,085296709370,aceh tengah,Laki-laki,50,S1,Menikah,pns,8.000.000,21,29,4,Rumah Sendiri,,,,,,,,,,,,,,Sering,Sering,Kadang-kadang,Sering,Sering,Sering,Selalu,Selalu,Sering,Sering,Sering,Selalu,Sering,Sering,Sering,Sering,Selalu,Sering,Selalu,Sering,Sering,Sering,Selalu,Sering,Sering,Selalu,Sering,Sering,Sering,Kadang-kadang,Sering,Sering,Sering,Jarang,Jarang,Jarang,Jarang,Tidak Pernah,Tidak Pernah,Tidak Pernah,Kadang-kadang,Sering,Kadang-kadang,Sering,Kadang-kadang,Kadang-kadang,Kadang-kadang,Kadang-kadang,Jarang,Jarang,Tidak Pernah,Jarang,Tidak Pernah,Jarang,Tidak Setuju,Sangat Tidak Setuju,Sangat Tidak Setuju,Tidak Setuju,Tidak Setuju,Sangat Tidak Setuju,Sangat Tidak Setuju,Sangat Tidak Setuju,Sangat Tidak Setuju,Tidak Setuju,Tidak Setuju,Setuju,Sangat Setuju,Sangat Tidak Setuju,Sangat Setuju,Sangat Setuju,Tidak Setuju,Sangat Setuju,Setuju,Sangat Setuju,Sangat Setuju,Sangat Setuju,Setuju,Tidak Setuju,Tidak Setuju,Tidak Setuju,Sangat Setuju,Setuju,Sangat Tidak Setuju,Sangat Setuju,Setuju,Sangat Setuju,Setuju,Sangat Tidak Setuju,Sangat Setuju,Sangat Setuju,Setuju,Setuju,Tidak Setuju,Sangat Tidak Setuju,7,6,6,6,5,7,6,7,Nasywaa Syifa,
14/09/2026 12:00:32,"Ya, Saya bersedia",NR,081269093393,aceh tamiang,Perempuan,29,S1,Menikah,guru,5.900.000,4,25,2,Rumah Keluarga,,,,,,,,,,,,,,Selalu,Sering,Sering,Selalu,Sering,Sering,Sering,Sering,Sering,Sering,Selalu,Sering,Selalu,Sering,Sering,Selalu,Selalu,Selalu,Selalu,Selalu,Selalu,Sering,Kadang-kadang,Kadang-kadang,Sering,Sering,Sering,Kadang-kadang,Sering,Sering,Jarang,Jarang,Tidak Pernah,Jarang,Jarang,Tidak Pernah,Jarang,Jarang,Tidak Pernah,Tidak Pernah,Kadang-kadang,Kadang-kadang,Sering,Sering,Kadang-kadang,Sering,Sering,Kadang-kadang,Tidak Pernah,Jarang,Tidak Pernah,Tidak Pernah,Jarang,Jarang,Sangat Tidak Setuju,Sangat Tidak Setuju,Sangat Tidak Setuju,Sangat Setuju,Sangat Tidak Setuju,Setuju,Sangat Tidak Setuju,Sangat Tidak Setuju,Sangat Tidak Setuju,Tidak Setuju,Sangat Setuju,Sangat Setuju,Sangat Tidak Setuju,Sangat Setuju,Sangat Setuju,Sangat Tidak Setuju,Sangat Setuju,Sangat Setuju,Sangat Setuju,Setuju,Sangat Tidak Setuju,Tidak Setuju,Sangat Tidak Setuju,Setuju,Sangat Setuju,Sangat Tidak Setuju,Sangat Setuju,Setuju,Sangat Tidak Setuju,Setuju,Sangat Setuju,Setuju,Sangat Setuju,Tidak Setuju,Sangat Setuju,Sangat Setuju,Setuju,Setuju,Sangat Tidak Setuju,Sangat Tidak Setuju,8,8,7,8,8,7,8,8,Nasywaa Syifa,
14/09/2026 12:05:08,"Ya, Saya bersedia",TN,085260061217,aceh besar,Laki-laki,37,SMA,Menikah,pedagang,5.000.000,12,25,2,Rumah Sendiri,,,,,,,,,,,,,,Selalu,Sering,Sering,Sering,Selalu,Sering,Selalu,Selalu,Sering,Selalu,Sering,Selalu,Selalu,Sering,Sering,Selalu,Selalu,Sering,Selalu,Selalu,Selalu,Sering,Kadang-kadang,Sering,Sering,Sering,Selalu,Sering,Selalu,Selalu,Jarang,Jarang,Jarang,Jarang,Jarang,Jarang,Tidak Pernah,Tidak Pernah,Tidak Pernah,Jarang,Kadang-kadang,Kadang-kadang,Kadang-kadang,Kadang-kadang,Sering,Sering,Sering,Jarang,Jarang,Jarang,Tidak Pernah,Tidak Pernah,Jarang,Jarang,Sangat Tidak Setuju,Sangat Tidak Setuju,Tidak Setuju,Sangat Setuju,Tidak Setuju,Tidak Setuju,Tidak Setuju,Tidak Setuju,Tidak Setuju,Tidak Setuju,Setuju,Sangat Setuju,Sangat Tidak Setuju,Sangat Setuju,Sangat Setuju,Tidak Setuju,Sangat Setuju,Setuju,Setuju,Sangat Setuju,Setuju,Setuju,Setuju,Setuju,Tidak Setuju,Sangat Tidak Setuju,Sangat Setuju,Sangat Setuju,Tidak Setuju,Sangat Setuju,Setuju,Tidak Setuju,Setuju,Sangat Tidak Setuju,Sangat Setuju,Setuju,Setuju,Setuju,Tidak Setuju,Sangat Tidak Setuju,9,9,8,9,8,9,9,9,Nasywaa Syifa,
14/09/2026 12:11:50,"Ya, Saya bersedia",YK,082272284621,aceh tengaj,Perempuan,39,S1,Cerai Hidup,guru,6.000.000,,,,,masalah ekonomi,15,25,39,3,Rumah Sendiri,,,,,,,,Kadang-kadang,Kadang-kadang,Kadang-kadang,Kadang-kadang,Kadang-kadang,Kadang-kadang,Kadang-kadang,Jarang,Jarang,Kadang-kadang,Kadang-kadang,Jarang,Jarang,Jarang,Jarang,Kadang-kadang,Kadang-kadang,Kadang-kadang,Kadang-kadang,Kadang-kadang,Sering,Sering,Sering,Sering,Sering,Sering,Kadang-kadang,Kadang-kadang,Sering,Kadang-kadang,Jarang,Jarang,Jarang,Jarang,Jarang,Jarang,Sering,Kadang-kadang,Kadang-kadang,Kadang-kadang,Kadang-kadang,Sering,Sering,Sering,Sering,Sering,Sering,Sering,Sering,Sering,Sering,Jarang,Jarang,Jarang,Tidak Setuju,Sangat Tidak Setuju,Tidak Setuju,Sangat Setuju,Tidak Setuju,Setuju,Sangat Tidak Setuju,Sangat Tidak Setuju,Tidak Setuju,Tidak Setuju,Setuju,Sangat Setuju,Sangat Tidak Setuju,Sangat Setuju,Sangat Setuju,Tidak Setuju,Sangat Setuju,Setuju,Setuju,Sangat Setuju,Sangat Setuju,Sangat Setuju,Setuju,Setuju,Tidak Setuju,Tidak Setuju,Sangat Setuju,Sangat Setuju,Tidak Setuju,Sangat Setuju,Setuju,Tidak Setuju,Sangat Setuju,Sangat Tidak Setuju,Sangat Setuju,Setuju,Setuju,Setuju,Tidak Setuju,Tidak Setuju,7,8,8,8,5,8,8,8,Nasywaa Syifa,
14/09/2026 12:17:04,"Ya, Saya bersedia",SA,08226296,pidie jaua,Laki-laki,43,SMA,Menikah,wiraswasta,4.000.000,7,25,2,Rumah Sewa,,,,,,,,,,,,,,Kadang-kadang,Sering,Sering,Selalu,Selalu,Sering,Selalu,Sering,Selalu,Sering,Selalu,Sering,Kadang-kadang,Sering,Selalu,Selalu,Selalu,Selalu,Sering,Sering,Selalu,Kadang-kadang,Selalu,Kadang-kadang,Kadang-kadang,Kadang-kadang,Jarang,Selalu,Sering,Selalu,Kadang-kadang,Tidak Pernah,Tidak Pernah,Tidak Pernah,Tidak Pernah,Tidak Pernah,Tidak Pernah,Kadang-kadang,Tidak Pernah,Tidak Pernah,Kadang-kadang,Tidak Pernah,Kadang-kadang,Kadang-kadang,Tidak Pernah,Tidak Pernah,Kadang-kadang,Tidak Pernah,Tidak Pernah,Tidak Pernah,Tidak Pernah,Tidak Pernah,Tidak Pernah,Tidak Pernah,Tidak Setuju,Sangat Setuju,Sangat Setuju,Setuju,Tidak Setuju,Setuju,Sangat Setuju,Sangat Tidak Setuju,Tidak Setuju,Sangat Tidak Setuju,Sangat Tidak Setuju,Sangat Setuju,Tidak Setuju,Setuju,Sangat Setuju,Tidak Setuju,Setuju,Setuju,Sangat Setuju,Sangat Setuju,Setuju,Sangat Setuju,Sangat Setuju,Tidak Setuju,Tidak Setuju,Tidak Setuju,Sangat Setuju,Tidak Setuju,Tidak Setuju,Sangat Tidak Setuju,Sangat Setuju,Setuju,Sangat Setuju,Sangat Setuju,Tidak Setuju,Sangat Setuju,Sangat Tidak Setuju,Setuju,Setuju,Sangat Setuju,8,5,3,3,7,5,3,6,Nasywaa Syifa,
14/09/2026 12:21:19,"Ya, Saya bersedia",RF,082292462826,aceh jaya,Laki-laki,48,SMA,Menikah,nelayan,4.000.000,19,29,4,Rumah Sendiri,,,,,,,,,,,,,,Sering,Kadang-kadang,Sering,Kadang-kadang,Sering,Selalu,Selalu,Kadang-kadang,Kadang-kadang,Sering,Sering,Selalu,Selalu,Sering,Selalu,Selalu,Sering,Sering,Kadang-kadang,Sering,Selalu,Sering,Selalu,Sering,Selalu,Sering,Sering,Sering,Selalu,Sering,Kadang-kadang,Kadang-kadang,Jarang,Tidak Pernah,Tidak Pernah,Tidak Pernah,Tidak Pernah,Tidak Pernah,Kadang-kadang,Jarang,Kadang-kadang,Kadang-kadang,Sering,Jarang,Jarang,Kadang-kadang,Kadang-kadang,Tidak Pernah,Kadang-kadang,Kadang-kadang,Jarang,Jarang,Tidak Pernah,Tidak Pernah,Tidak Setuju,Sangat Setuju,Setuju,Setuju,Tidak Setuju,Tidak Setuju,Tidak Setuju,Tidak Setuju,Setuju,Tidak Setuju,Setuju,Setuju,Sangat Tidak Setuju,Tidak Setuju,Setuju,Tidak Setuju,Setuju,Setuju,Tidak Setuju,Tidak Setuju,Setuju,Sangat Setuju,Setuju,Setuju,Setuju,Tidak Setuju,Setuju,Setuju,Setuju,Setuju,Sangat Setuju,Setuju,Setuju,Setuju,Tidak Setuju,Tidak Setuju,Setuju,Tidak Setuju,Setuju,Setuju,3,2,3,2,2,2,1,1,Nasywaa Syifa,
14/09/2026 12:24:06,"Ya, Saya bersedia",ROY,-,Banda Aceh,Laki-laki,45,SMA,Menikah,petani,5.000.000,15,30,4,Rumah Sendiri,,,,,,,,,,,,,,Sering,Kadang-kadang,Sering,Sering,Selalu,Sering,Kadang-kadang,Sering,Sering,Kadang-kadang,Kadang-kadang,Sering,Kadang-kadang,Sering,Sering,Kadang-kadang,Selalu,Selalu,Selalu,Selalu,Sering,Selalu,Sering,Sering,Sering,Sering,Sering,Sering,Sering,Kadang-kadang,Jarang,Jarang,Tidak Pernah,Jarang,Jarang,Jarang,Tidak Pernah,Tidak Pernah,Jarang,Jarang,Kadang-kadang,Kadang-kadang,Jarang,Tidak Pernah,Tidak Pernah,Tidak Pernah,Jarang,Jarang,Jarang,Jarang,Jarang,Kadang-kadang,Kadang-kadang,Kadang-kadang,Sangat Tidak Setuju,Sangat Tidak Setuju,Tidak Setuju,Sangat Setuju,Sangat Tidak Setuju,Sangat Setuju,Sangat Tidak Setuju,Sangat Tidak Setuju,Tidak Setuju,Sangat Tidak Setuju,Sangat Setuju,Sangat Setuju,Sangat Tidak Setuju,Sangat Setuju,Sangat Setuju,Sangat Tidak Setuju,Sangat Setuju,Sangat Setuju,Sangat Tidak Setuju,Sangat Setuju,Sangat Setuju,Sangat Setuju,Sangat Setuju,Sangat Tidak Setuju,Sangat Tidak Setuju,Sangat Tidak Setuju,Sangat Setuju,Sangat Setuju,Sangat Tidak Setuju,Sangat Setuju,Sangat Setuju,Sangat Setuju,Sangat Setuju,Sangat Tidak Setuju,Sangat Setuju,Sangat Tidak Setuju,Sangat Setuju,Sangat Setuju,Sangat Tidak Setuju,Sangat Setuju,7,7,7,7,7,7,7,7,Nasywaa Syifa,
14/09/2026 12:25:07,"Ya, Saya bersedia",IS,085761734148,bireun,Laki-laki,35,D-III / D-IV,Menikah,karyawan swasta,5.000.000,11,25,2,Rumah Sewa,,,,,,,,,,,,,,Kadang-kadang,Kadang-kadang,Kadang-kadang,Selalu,Selalu,Sering,Selalu,Kadang-kadang,Kadang-kadang,Selalu,Selalu,Sering,Kadang-kadang,Sering,Selalu,Selalu,Selalu,Sering,Sering,Kadang-kadang,Sering,Jarang,Sering,Jarang,Kadang-kadang,Jarang,Kadang-kadang,Sering,Selalu,Kadang-kadang,Tidak Pernah,Tidak Pernah,Tidak Pernah,Jarang,Tidak Pernah,Tidak Pernah,Tidak Pernah,Jarang,Tidak Pernah,Tidak Pernah,Jarang,Kadang-kadang,Jarang,Tidak Pernah,Kadang-kadang,Kadang-kadang,Jarang,Tidak Pernah,Tidak Pernah,Tidak Pernah,Tidak Pernah,Tidak Pernah,Tidak Pernah,Tidak Pernah,Tidak Setuju,Tidak Setuju,Tidak Setuju,Setuju,Tidak Setuju,Setuju,Tidak Setuju,Tidak Setuju,Tidak Setuju,Tidak Setuju,Setuju,Setuju,Tidak Setuju,Setuju,Tidak Setuju,Sangat Tidak Setuju,Setuju,Setuju,Setuju,Setuju,Setuju,Sangat Setuju,Setuju,Tidak Setuju,Setuju,Tidak Setuju,Setuju,Setuju,Tidak Setuju,Setuju,Setuju,Sangat Setuju,Setuju,Sangat Tidak Setuju,Sangat Setuju,Sangat Setuju,Sangat Setuju,Setuju,Tidak Setuju,Setuju,7,8,7,10,10,7,9,10,Nasywaa Syifa,
14/09/2026 12:28:24,"Ya, Saya bersedia",NU,-,Banda Aceh,Laki-laki,42,SMA,Menikah,Pegawai swasta,6.000.000,12,30,2,Rumah Sendiri,,,,,,,,,,,,,,Sering,Sering,Sering,Sering,Selalu,Selalu,Sering,Sering,Selalu,Selalu,Sering,Sering,Sering,Sering,Selalu,Sering,Sering,Selalu,Sering,Selalu,Sering,Selalu,Sering,Sering,Sering,Sering,Sering,Sering,Selalu,Sering,Jarang,Jarang,Tidak Pernah,Jarang,Jarang,Jarang,Kadang-kadang,Kadang-kadang,Kadang-kadang,Kadang-kadang,Tidak Pernah,Tidak Pernah,Tidak Pernah,Jarang,Jarang,Tidak Pernah,Kadang-kadang,Jarang,Tidak Pernah,Jarang,Kadang-kadang,Kadang-kadang,Tidak Pernah,Kadang-kadang,Tidak Setuju,Tidak Setuju,Sangat Tidak Setuju,Setuju,Sangat Tidak Setuju,Sangat Setuju,Sangat Tidak Setuju,Sangat Tidak Setuju,Tidak Setuju,Sangat Tidak Setuju,Sangat Setuju,Sangat Setuju,Setuju,Sangat Tidak Setuju,Sangat Setuju,Sangat Setuju,Sangat Tidak Setuju,Sangat Setuju,Sangat Setuju,Sangat Setuju,Sangat Setuju,Setuju,Sangat Setuju,Tidak Setuju,Sangat Tidak Setuju,Tidak Setuju,Sangat Setuju,Sangat Setuju,Sangat Tidak Setuju,Setuju,Setuju,Sangat Setuju,Setuju,Sangat Setuju,Sangat Tidak Setuju,Setuju,Sangat Setuju,Sangat Setuju,Sangat Setuju,Sangat Tidak Setuju,8,8,8,7,7,8,8,8,Nasywaa Syifa,
14/09/2026 12:29:17,"Ya, Saya bersedia",FA,082124048236,pidie,Laki-laki,45,S1,Menikah,pns,7.500.000,17,28,4,Rumah Sendiri,,,,,,,,,,,,,,Selalu,Sering,Sering,Selalu,Selalu,Selalu,Selalu,Selalu,Sering,Sering,Sering,Kadang-kadang,Jarang,Kadang-kadang,Selalu,Selalu,Selalu,Selalu,Sering,Sering,Selalu,Kadang-kadang,Selalu,Kadang-kadang,Kadang-kadang,Kadang-kadang,Jarang,Selalu,Sering,Selalu,Kadang-kadang,Tidak Pernah,Tidak Pernah,Tidak Pernah,Tidak Pernah,Tidak Pernah,Tidak Pernah,Jarang,Jarang,Tidak Pernah,Kadang-kadang,Tidak Pernah,Kadang-kadang,Jarang,Tidak Pernah,Tidak Pernah,Kadang-kadang,Tidak Pernah,Tidak Pernah,Tidak Pernah,Tidak Pernah,Tidak Pernah,Tidak Pernah,Tidak Pernah,Tidak Setuju,Sangat Setuju,Sangat Setuju,Setuju,Tidak Setuju,Setuju,Setuju,Sangat Tidak Setuju,Sangat Tidak Setuju,Tidak Setuju,Sangat Setuju,Tidak Setuju,Tidak Setuju,Sangat Setuju,Sangat Setuju,Sangat Tidak Setuju,Setuju,Setuju,Setuju,Setuju,Sangat Setuju,Setuju,Setuju,Tidak Setuju,Tidak Setuju,Tidak Setuju,Setuju,Sangat Tidak Setuju,Tidak Setuju,Tidak Setuju,Sangat Setuju,Setuju,Sangat Setuju,Tidak Setuju,Tidak Setuju,Setuju,Setuju,Setuju,Setuju,Sangat Setuju,6,5,5,3,7,3,4,6,Nasywaa Syifa,
14/09/2026 12:33:22,"Ya, Saya bersedia",RA,085783066575,lhokseumawe,Laki-laki,27,S1,Menikah,karyawan swasta,5.000.000,3,24,2,Rumah Sewa,,,,,,,,,,,,,,Kadang-kadang,Kadang-kadang,Sering,Sering,Selalu,Selalu,Selalu,Kadang-kadang,Kadang-kadang,Sering,Sering,Selalu,Selalu,Sering,Selalu,Selalu,Sering,Sering,Kadang-kadang,Sering,Selalu,Sering,Selalu,Sering,Selalu,Selalu,Sering,Sering,Selalu,Sering,Kadang-kadang,Kadang-kadang,Jarang,Tidak Pernah,Tidak Pernah,Tidak Pernah,Tidak Pernah,Tidak Pernah,Jarang,Kadang-kadang,Kadang-kadang,Sering,Jarang,Jarang,Kadang-kadang,Kadang-kadang,Jarang,Kadang-kadang,Kadang-kadang,Kadang-kadang,Jarang,Jarang,Tidak Pernah,Tidak Pernah,Tidak Setuju,Sangat Setuju,Setuju,Setuju,Tidak Setuju,Tidak Setuju,Tidak Setuju,Tidak Setuju,Setuju,Tidak Setuju,Setuju,Setuju,Setuju,Tidak Setuju,Setuju,Tidak Setuju,Setuju,Setuju,Tidak Setuju,Tidak Setuju,Setuju,Setuju,Sangat Setuju,Setuju,Setuju,Tidak Setuju,Setuju,Setuju,Tidak Setuju,Tidak Setuju,Setuju,Sangat Setuju,Setuju,Setuju,Setuju,Tidak Setuju,Tidak Setuju,Setuju,Setuju,Setuju,7,9,7,10,7,8,7,7,Nasywaa Syifa,
14/09/2026 12:34:31,"Ya, Saya bersedia",LUKMAN,085371284963,Banda Aceh,Laki-laki,25,SMA,Menikah,wirausaha,4.500.000,8,27,2,Rumah Sendiri,,,,,,,,,,,,,,Jarang,Jarang,Jarang,Jarang,Jarang,Jarang,Jarang,Kadang-kadang,Kadang-kadang,Jarang,Kadang-kadang,Tidak Pernah,Jarang,Sering,Kadang-kadang,Jarang,Jarang,Kadang-kadang,Kadang-kadang,Kadang-kadang,Tidak Pernah,Tidak Pernah,Jarang,Tidak Pernah,Jarang,Tidak Pernah,Tidak Pernah,Jarang,Kadang-kadang,Jarang,Kadang-kadang,Sering,Sering,Kadang-kadang,Kadang-kadang,Kadang-kadang,Sering,Selalu,Sering,Selalu,Sering,Selalu,Selalu,Sering,Sering,Sering,Sering,Kadang-kadang,Sering,Sering,Sering,Sering,Sering,Sering,Sangat Tidak Setuju,Sangat Tidak Setuju,Sangat Tidak Setuju,Sangat Setuju,Sangat Tidak Setuju,Sangat Setuju,Sangat Tidak Setuju,Sangat Tidak Setuju,Tidak Setuju,Sangat Tidak Setuju,Sangat Setuju,Sangat Setuju,Sangat Tidak Setuju,Sangat Setuju,Sangat Setuju,Sangat Tidak Setuju,Sangat Setuju,Sangat Setuju,Sangat Tidak Setuju,Sangat Setuju,Sangat Setuju,Sangat Setuju,Sangat Setuju,Sangat Tidak Setuju,Sangat Tidak Setuju,Sangat Tidak Setuju,Sangat Setuju,Sangat Setuju,Sangat Tidak Setuju,Sangat Setuju,Sangat Setuju,Sangat Setuju,Sangat Setuju,Sangat Tidak Setuju,Sangat Setuju,Sangat Tidak Setuju,Sangat Setuju,Sangat Setuju,Sangat Tidak Setuju,Sangat Setuju,3,7,4,3,3,2,6,5,Nasywaa Syifa,
14/09/2026 12:37:52,"Ya, Saya bersedia",MRH,082166936374,banda aceh,Laki-laki,31,D-III / D-IV,Menikah,wiraswasta,6.000.000,7,25,2,Rumah Sewa,,,,,,,,,,,,,,Kadang-kadang,Kadang-kadang,Kadang-kadang,Kadang-kadang,Selalu,Selalu,Selalu,Kadang-kadang,Kadang-kadang,Selalu,Selalu,Sering,Kadang-kadang,Sering,Selalu,Selalu,Sering,Sering,Kadang-kadang,Sering,Selalu,Sering,Selalu,Sering,Selalu,Selalu,Kadang-kadang,Sering,Selalu,Kadang-kadang,Tidak Pernah,Tidak Pernah,Tidak Pernah,Jarang,Jarang,Tidak Pernah,Tidak Pernah,Tidak Pernah,Jarang,Tidak Pernah,Tidak Pernah,Kadang-kadang,Sering,Jarang,Jarang,Kadang-kadang,Kadang-kadang,Tidak Pernah,Kadang-kadang,Tidak Pernah,Jarang,Jarang,Tidak Pernah,Tidak Pernah,Tidak Setuju,Sangat Setuju,Setuju,Setuju,Tidak Setuju,Tidak Setuju,Tidak Setuju,Tidak Setuju,Setuju,Tidak Setuju,Setuju,Setuju,Sangat Tidak Setuju,Tidak Setuju,Tidak Setuju,Sangat Tidak Setuju,Setuju,Setuju,Setuju,Setuju,Setuju,Sangat Setuju,Setuju,Setuju,Setuju,Setuju,Tidak Setuju,Setuju,Setuju,Tidak Setuju,Setuju,Setuju,Sangat Setuju,Setuju,Setuju,Setuju,Sangat Setuju,Sangat Setuju,Setuju,Tidak Setuju,7,6,10,7,10,4,7,7,Nasywaa Syifa,
14/09/2026 12:41:00,"Ya, Saya bersedia",AA,085295983607,Banda Aceh,Laki-laki,27,SMA,Menikah,Wirausaha,4.000.000,3,24,1,Rumah Sendiri,,,,,,,,,,,,,,Sering,Kadang-kadang,Sering,Selalu,Kadang-kadang,Kadang-kadang,Kadang-kadang,Kadang-kadang,Sering,Sering,Kadang-kadang,Kadang-kadang,Sering,Kadang-kadang,Sering,Sering,Kadang-kadang,Sering,Selalu,Selalu,Sering,Sering,Sering,Kadang-kadang,Sering,Sering,Selalu,Selalu,Selalu,Sering,Tidak Pernah,Tidak Pernah,Tidak Pernah,Jarang,Jarang,Jarang,Tidak Pernah,Tidak Pernah,Tidak Pernah,Tidak Pernah,Kadang-kadang,Kadang-kadang,Tidak Pernah,Tidak Pernah,Tidak Pernah,Tidak Pernah,Jarang,Jarang,Kadang-kadang,Kadang-kadang,Jarang,Kadang-kadang,Jarang,Jarang,Sangat Tidak Setuju,Sangat Tidak Setuju,Tidak Setuju,Sangat Setuju,Sangat Tidak Setuju,Sangat Setuju,Sangat Tidak Setuju,Sangat Tidak Setuju,Tidak Setuju,Sangat Tidak Setuju,Sangat Setuju,Sangat Setuju,Sangat Tidak Setuju,Sangat Setuju,Sangat Setuju,Sangat Tidak Setuju,Sangat Setuju,Sangat Setuju,Sangat Tidak Setuju,Sangat Setuju,Sangat Setuju,Sangat Setuju,Sangat Setuju,Sangat Tidak Setuju,Sangat Tidak Setuju,Sangat Tidak Setuju,Sangat Setuju,Sangat Setuju,Sangat Tidak Setuju,Sangat Setuju,Sangat Setuju,Sangat Tidak Setuju,Sangat Setuju,Sangat Setuju,Sangat Tidak Setuju,Sangat Setuju,Sangat Tidak Setuju,Sangat Setuju,Sangat Tidak Setuju,Sangat Setuju,6,6,6,6,6,6,6,6,Nasywaa Syifa,
14/09/2026 12:42:15,"Ya, Saya bersedia",IR,085262307866,banda aceh,Laki-laki,37,SMA,Menikah,supir,4.000.000,7,30,2,Rumah Sewa,,,,,,,,,,,,,,Selalu,Sering,Sering,Sering,Sering,Selalu,Selalu,Selalu,Sering,Selalu,Sering,Sering,Kadang-kadang,Kadang-kadang,Sering,Sering,Selalu,Selalu,Selalu,Sering,Selalu,Kadang-kadang,Sering,Kadang-kadang,Sering,Kadang-kadang,Jarang,Sering,Selalu,Sering,Jarang,Tidak Pernah,Tidak Pernah,Tidak Pernah,Tidak Pernah,Tidak Pernah,Tidak Pernah,Jarang,Jarang,Tidak Pernah,Kadang-kadang,Tidak Pernah,Kadang-kadang,Sering,Tidak Pernah,Tidak Pernah,Kadang-kadang,Tidak Pernah,Tidak Pernah,Tidak Pernah,Tidak Pernah,Tidak Pernah,Tidak Pernah,Tidak Pernah,Tidak Setuju,Sangat Setuju,Setuju,Setuju,Tidak Setuju,Setuju,Setuju,Sangat Tidak Setuju,Sangat Tidak Setuju,Tidak Setuju,Sangat Setuju,Sangat Setuju,Setuju,Setuju,Setuju,Setuju,Setuju,Sangat Setuju,Setuju,Sangat Setuju,Sangat Setuju,Setuju,Setuju,Tidak Setuju,Sangat Tidak Setuju,Tidak Setuju,Setuju,Sangat Tidak Setuju,Tidak Setuju,Tidak Setuju,Setuju,Sangat Setuju,Sangat Setuju,Tidak Setuju,Setuju,Sangat Setuju,Sangat Setuju,Sangat Setuju,Setuju,Setuju,6,5,5,3,5,3,5,6,Nasywaa Syifa,
14/09/2026 12:46:42,"Ya, Saya bersedia",MZ,082246848877,banda aceh,Laki-laki,33,S1,Menikah,ASN,7.000.000,7,26,2,Rumah Sendiri,,,,,,,,,,,,,,Kadang-kadang,Kadang-kadang,Kadang-kadang,Selalu,Selalu,Sering,Selalu,Kadang-kadang,Kadang-kadang,Selalu,Selalu,Sering,Kadang-kadang,Sering,Selalu,Selalu,Selalu,Sering,Sering,Kadang-kadang,Sering,Jarang,Sering,Jarang,Kadang-kadang,Jarang,Kadang-kadang,Sering,Selalu,Kadang-kadang,Tidak Pernah,Tidak Pernah,Tidak Pernah,Jarang,Tidak Pernah,Tidak Pernah,Tidak Pernah,Jarang,Tidak Pernah,Tidak Pernah,Jarang,Kadang-kadang,Jarang,Tidak Pernah,Kadang-kadang,Kadang-kadang,Jarang,Tidak Pernah,Tidak Pernah,Tidak Pernah,Tidak Pernah,Tidak Pernah,Tidak Pernah,Tidak Pernah,Tidak Setuju,Tidak Setuju,Tidak Setuju,Setuju,Tidak Setuju,Setuju,Tidak Setuju,Tidak Setuju,Tidak Setuju,Tidak Setuju,Setuju,Setuju,Tidak Setuju,Setuju,Tidak Setuju,Sangat Tidak Setuju,Setuju,Setuju,Setuju,Setuju,Setuju,Sangat Setuju,Setuju,Tidak Setuju,Setuju,Setuju,Setuju,Setuju,Tidak Setuju,Setuju,Setuju,Sangat Setuju,Setuju,Sangat Tidak Setuju,Sangat Setuju,Sangat Setuju,Sangat Setuju,Setuju,Tidak Setuju,Setuju,7,7,7,8,3,6,7,7,Nasywaa Syifa,
14/09/2026 14:14:22,"Ya, Saya bersedia",PA,085188737133,banda aceh,Laki-laki,29,S1,Menikah,karyawan,5.500.000,4,25,1,Rumah Sewa,,,,,,,,,,,,,,Kadang-kadang,Kadang-kadang,Sering,Sering,Selalu,Selalu,Selalu,Kadang-kadang,Kadang-kadang,Sering,Sering,Selalu,Selalu,Sering,Selalu,Selalu,Sering,Sering,Kadang-kadang,Sering,Selalu,Sering,Selalu,Sering,Selalu,Selalu,Sering,Sering,Selalu,Sering,Kadang-kadang,Kadang-kadang,Jarang,Tidak Pernah,Tidak Pernah,Tidak Pernah,Tidak Pernah,Tidak Pernah,Kadang-kadang,Jarang,Kadang-kadang,Kadang-kadang,Sering,Jarang,Jarang,Kadang-kadang,Kadang-kadang,Tidak Pernah,Kadang-kadang,Kadang-kadang,Jarang,Jarang,Tidak Pernah,Tidak Pernah,Tidak Setuju,Sangat Setuju,Setuju,Setuju,Tidak Setuju,Sangat Tidak Setuju,Sangat Tidak Setuju,Tidak Setuju,Setuju,Tidak Setuju,Setuju,Setuju,Sangat Tidak Setuju,Tidak Setuju,Setuju,Tidak Setuju,Setuju,Setuju,Tidak Setuju,Tidak Setuju,Setuju,Sangat Setuju,Setuju,Setuju,Setuju,Tidak Setuju,Setuju,Tidak Setuju,Tidak Setuju,Setuju,Sangat Setuju,Setuju,Setuju,Setuju,Tidak Setuju,Tidak Setuju,Setuju,Setuju,Setuju,Setuju,7,7,9,7,10,4,7,9,Nasywaa Syifa,
14/09/2026 14:21:27,"Ya, Saya bersedia",FA,085761785433,peuniti banda aceh,Laki-laki,29,SMA,Menikah,petani,3.500.000,1,29,3,Rumah Sendiri,,,,,,,,,,,,,,Sering,Kadang-kadang,Kadang-kadang,Selalu,Selalu,Sering,Selalu,Kadang-kadang,Kadang-kadang,Selalu,Selalu,Sering,Kadang-kadang,Sering,Selalu,Selalu,Selalu,Sering,Sering,Kadang-kadang,Sering,Jarang,Sering,Jarang,Kadang-kadang,Jarang,Kadang-kadang,Sering,Selalu,Kadang-kadang,Tidak Pernah,Tidak Pernah,Tidak Pernah,Jarang,Tidak Pernah,Tidak Pernah,Tidak Pernah,Jarang,Tidak Pernah,Tidak Pernah,Jarang,Kadang-kadang,Jarang,Tidak Pernah,Kadang-kadang,Kadang-kadang,Jarang,Tidak Pernah,Tidak Pernah,Tidak Pernah,Tidak Pernah,Tidak Pernah,Tidak Pernah,Tidak Pernah,Tidak Setuju,Tidak Setuju,Tidak Setuju,Setuju,Tidak Setuju,Setuju,Tidak Setuju,Tidak Setuju,Tidak Setuju,Tidak Setuju,Setuju,Setuju,Tidak Setuju,Setuju,Tidak Setuju,Sangat Tidak Setuju,Setuju,Setuju,Setuju,Setuju,Setuju,Sangat Setuju,Setuju,Tidak Setuju,Setuju,Tidak Setuju,Setuju,Setuju,Tidak Setuju,Setuju,Setuju,Sangat Setuju,Setuju,Sangat Tidak Setuju,Sangat Setuju,Sangat Setuju,Sangat Setuju,Setuju,Tidak Setuju,Setuju,7,6,7,9,10,4,9,10,Nasywaa Syifa,
14/09/2026 14:26:41,"Ya, Saya bersedia",MA,085285637721,banda aceh,Laki-laki,26,S1,Menikah,guru,4.000.000,3,23,1,Rumah Keluarga,,,,,,,,,,,,,,Kadang-kadang,Kadang-kadang,Kadang-kadang,Selalu,Selalu,Sering,Selalu,Kadang-kadang,Kadang-kadang,Selalu,Selalu,Sering,Kadang-kadang,Sering,Selalu,Selalu,Sering,Sering,Sering,Kadang-kadang,Sering,Jarang,Sering,Jarang,Kadang-kadang,Jarang,Kadang-kadang,Sering,Kadang-kadang,Jarang,Tidak Pernah,Tidak Pernah,Tidak Pernah,Jarang,Tidak Pernah,Tidak Pernah,Tidak Pernah,Tidak Pernah,Tidak Pernah,Jarang,Tidak Pernah,Kadang-kadang,Jarang,Tidak Pernah,Kadang-kadang,Kadang-kadang,Jarang,Tidak Pernah,Tidak Pernah,Jarang,Tidak Pernah,Kadang-kadang,Kadang-kadang,Kadang-kadang,Tidak Setuju,Tidak Setuju,Tidak Setuju,Setuju,Tidak Setuju,Setuju,Tidak Setuju,Tidak Setuju,Tidak Setuju,Tidak Setuju,Setuju,Setuju,Tidak Setuju,Setuju,Tidak Setuju,Sangat Tidak Setuju,Setuju,Setuju,Setuju,Setuju,Setuju,Sangat Setuju,Setuju,Tidak Setuju,Setuju,Tidak Setuju,Setuju,Setuju,Tidak Setuju,Setuju,Setuju,Sangat Setuju,Sangat Setuju,Sangat Tidak Setuju,Sangat Setuju,Sangat Setuju,Sangat Setuju,Sangat Setuju,Tidak Setuju,Setuju,7,8,9,7,4,4,7,9,Nasywaa Syifa,
14/09/2026 14:34:07,"Ya, Saya bersedia",MRF,082262942559,banda aceh ,Laki-laki,28,S1,Menikah,karyawan,5.000.000,3,25,1,Rumah Sendiri,,,,,,,,,,,,,,Sering,Kadang-kadang,Kadang-kadang,Sering,Selalu,Sering,Selalu,Kadang-kadang,Kadang-kadang,Selalu,Selalu,Sering,Kadang-kadang,Sering,Selalu,Selalu,Selalu,Sering,Sering,Kadang-kadang,Sering,Sering,Sering,Sering,Sering,Sering,Sering,Sering,Kadang-kadang,Kadang-kadang,Tidak Pernah,Tidak Pernah,Tidak Pernah,Tidak Pernah,Tidak Pernah,Tidak Pernah,Tidak Pernah,Tidak Pernah,Tidak Pernah,Tidak Pernah,Tidak Pernah,Tidak Pernah,Jarang,Tidak Pernah,Jarang,Jarang,Jarang,Jarang,Tidak Pernah,Jarang,Jarang,Tidak Pernah,Tidak Pernah,Tidak Pernah,Tidak Setuju,Tidak Setuju,Tidak Setuju,Setuju,Tidak Setuju,Setuju,Tidak Setuju,Tidak Setuju,Tidak Setuju,Tidak Setuju,Setuju,Setuju,Tidak Setuju,Setuju,Tidak Setuju,Tidak Setuju,Setuju,Setuju,Setuju,Setuju,Tidak Setuju,Tidak Setuju,Tidak Setuju,Setuju,Setuju,Tidak Setuju,Tidak Setuju,Setuju,Tidak Setuju,Tidak Setuju,Tidak Setuju,Setuju,Setuju,Setuju,Setuju,Setuju,Setuju,Setuju,Tidak Setuju,Setuju,7,8,7,9,10,6,7,10,Nasywaa Syifa,
14/09/2026 14:42:22,"Ya, Saya bersedia",RS,0813776169385,banda aceh,Laki-laki,42,S1,Menikah,wiraswasta,8.000.000,14,28,4,Rumah Sendiri,,,,,,,,,,,,,,Selalu,Kadang-kadang,Sering,Sering,Selalu,Kadang-kadang,Selalu,Selalu,Sering,Sering,Sering,Kadang-kadang,Jarang,Sering,Kadang-kadang,Kadang-kadang,Kadang-kadang,Sering,Selalu,Selalu,Kadang-kadang,Jarang,Jarang,Jarang,Jarang,Jarang,Jarang,Kadang-kadang,Kadang-kadang,Kadang-kadang,Jarang,Tidak Pernah,Jarang,Jarang,Jarang,Tidak Pernah,Jarang,Jarang,Jarang,Jarang,Jarang,Jarang,Sering,Jarang,Sering,Kadang-kadang,Kadang-kadang,Jarang,Sering,Kadang-kadang,Kadang-kadang,Jarang,Jarang,Sering,Sangat Tidak Setuju,Sangat Setuju,Sangat Setuju,Sangat Setuju,Sangat Tidak Setuju,Sangat Setuju,Sangat Setuju,Sangat Tidak Setuju,Sangat Tidak Setuju,Tidak Setuju,Tidak Setuju,Sangat Setuju,Tidak Setuju,Sangat Setuju,Sangat Setuju,Tidak Setuju,Setuju,Setuju,Sangat Setuju,Sangat Setuju,Sangat Setuju,Setuju,Setuju,Tidak Setuju,Tidak Setuju,Tidak Setuju,Sangat Setuju,Tidak Setuju,Tidak Setuju,Sangat Tidak Setuju,Setuju,Sangat Setuju,Sangat Setuju,Tidak Setuju,Setuju,Tidak Setuju,Sangat Setuju,Sangat Setuju,Setuju,Sangat Setuju,8,6,5,3,7,4,4,6,Nasywaa Syifa,
14/09/2026 14:48:18,"Ya, Saya bersedia",MH,082379292027,banda aceh,Laki-laki,42,S1,Menikah,wiraswasta,6.000.000,15,27,3,Rumah Sendiri,,,,,,,,,,,,,,Selalu,Kadang-kadang,Kadang-kadang,Selalu,Selalu,Sering,Selalu,Sering,Sering,Sering,Sering,Selalu,Selalu,Sering,Selalu,Selalu,Selalu,Sering,Sering,Kadang-kadang,Sering,Jarang,Sering,Jarang,Kadang-kadang,Kadang-kadang,Kadang-kadang,Sering,Selalu,Kadang-kadang,Tidak Pernah,Tidak Pernah,Tidak Pernah,Jarang,Tidak Pernah,Tidak Pernah,Jarang,Tidak Pernah,Kadang-kadang,Jarang,Kadang-kadang,Kadang-kadang,Sering,Jarang,Jarang,Kadang-kadang,Kadang-kadang,Tidak Pernah,Kadang-kadang,Kadang-kadang,Jarang,Jarang,Tidak Pernah,Tidak Pernah,Tidak Setuju,Tidak Setuju,Tidak Setuju,Setuju,Tidak Setuju,Setuju,Tidak Setuju,Tidak Setuju,Setuju,Tidak Setuju,Setuju,Setuju,Sangat Tidak Setuju,Tidak Setuju,Setuju,Tidak Setuju,Setuju,Setuju,Tidak Setuju,Tidak Setuju,Setuju,Sangat Setuju,Setuju,Tidak Setuju,Setuju,Tidak Setuju,Setuju,Setuju,Tidak Setuju,Setuju,Setuju,Sangat Setuju,Setuju,Setuju,Tidak Setuju,Tidak Setuju,Setuju,Setuju,Setuju,Setuju,7,8,7,10,10,4,7,7,Nasywaa Syifa,
14/09/2026 14:55:20,"Ya, Saya bersedia",AA,082255543557,banda aceh,Laki-laki,38,S1,Menikah,guru,4.000.000,11,27,3,Rumah Sendiri,,,,,,,,,,,,,,Kadang-kadang,Kadang-kadang,Kadang-kadang,Selalu,Selalu,Sering,Selalu,Sering,Sering,Selalu,Selalu,Sering,Kadang-kadang,Sering,Selalu,Selalu,Selalu,Sering,Sering,Sering,Sering,Sering,Sering,Sering,Sering,Sering,Sering,Sering,Selalu,Selalu,Tidak Pernah,Tidak Pernah,Tidak Pernah,Jarang,Tidak Pernah,Tidak Pernah,Tidak Pernah,Jarang,Tidak Pernah,Tidak Pernah,Jarang,Kadang-kadang,Jarang,Tidak Pernah,Kadang-kadang,Kadang-kadang,Jarang,Tidak Pernah,Jarang,Jarang,Jarang,Jarang,Jarang,Jarang,Tidak Setuju,Tidak Setuju,Tidak Setuju,Setuju,Tidak Setuju,Setuju,Tidak Setuju,Tidak Setuju,Tidak Setuju,Tidak Setuju,Setuju,Setuju,Tidak Setuju,Setuju,Tidak Setuju,Sangat Tidak Setuju,Setuju,Sangat Setuju,Sangat Setuju,Setuju,Setuju,Setuju,Setuju,Sangat Tidak Setuju,Sangat Tidak Setuju,Tidak Setuju,Setuju,Sangat Setuju,Sangat Tidak Setuju,Sangat Setuju,Sangat Setuju,Setuju,Setuju,Sangat Setuju,Sangat Setuju,Sangat Setuju,Setuju,Sangat Setuju,Tidak Setuju,Tidak Setuju,7,7,8,7,9,5,9,10,Nasywaa Syifa,
14/09/2026 15:20:27,"Ya, Saya bersedia",NH,085358747202,banda aceh,Laki-laki,40,SMA,Cerai Hidup,petani,4.000.000,,,,,-,13,5,43,3,Rumah Sendiri,,,,,,,,Sering,Sering,Selalu,Sering,Sering,Sering,Selalu,Sering,Selalu,Sering,Sering,Sering,Sering,Selalu,Selalu,Sering,Sering,Selalu,Sering,Sering,Sering,Selalu,Kadang-kadang,Sering,Selalu,Sering,Sering,Selalu,Sering,Sering,Jarang,Jarang,Jarang,Jarang,Jarang,Tidak Pernah,Tidak Pernah,Tidak Pernah,Jarang,Jarang,Kadang-kadang,Kadang-kadang,Sering,Kadang-kadang,Kadang-kadang,Sering,Kadang-kadang,Jarang,Tidak Pernah,Jarang,Tidak Pernah,Tidak Pernah,Jarang,Jarang,Sangat Tidak Setuju,Tidak Setuju,Tidak Setuju,Sangat Setuju,Tidak Setuju,Setuju,Sangat Tidak Setuju,Tidak Setuju,Tidak Setuju,Setuju,Setuju,Sangat Setuju,Sangat Tidak Setuju,Sangat Setuju,Sangat Setuju,Sangat Tidak Setuju,Sangat Setuju,Sangat Setuju,Setuju,Setuju,Sangat Setuju,Sangat Setuju,Setuju,Setuju,Tidak Setuju,Tidak Setuju,Sangat Setuju,Sangat Setuju,Sangat Tidak Setuju,Tidak Setuju,Setuju,Sangat Setuju,Setuju,Sangat Tidak Setuju,Sangat Setuju,Sangat Setuju,Setuju,Setuju,Tidak Setuju,Tidak Setuju,8,7,7,8,7,7,7,7,Nasywaa Syifa,
14/09/2026 15:26:17,"Ya, Saya bersedia",ZA,083890691628,banda acen,Laki-laki,33,S1,Menikah,karyawan,5.500.000,7,26,1,Rumah Sewa,,,,,,,,,,,,,,Kadang-kadang,Kadang-kadang,Sering,Sering,Selalu,Selalu,Selalu,Kadang-kadang,Kadang-kadang,Sering,Sering,Selalu,Selalu,Sering,Selalu,Selalu,Sering,Sering,Kadang-kadang,Sering,Selalu,Sering,Selalu,Sering,Selalu,Selalu,Sering,Sering,Selalu,Sering,Kadang-kadang,Kadang-kadang,Jarang,Jarang,Jarang,Jarang,Jarang,Jarang,Kadang-kadang,Jarang,Kadang-kadang,Kadang-kadang,Sering,Jarang,Jarang,Kadang-kadang,Kadang-kadang,Tidak Pernah,Kadang-kadang,Kadang-kadang,Jarang,Jarang,Tidak Pernah,Jarang,Tidak Setuju,Sangat Setuju,Setuju,Setuju,Tidak Setuju,Tidak Setuju,Tidak Setuju,Tidak Setuju,Setuju,Tidak Setuju,Setuju,Setuju,Sangat Tidak Setuju,Tidak Setuju,Setuju,Tidak Setuju,Setuju,Setuju,Tidak Setuju,Tidak Setuju,Setuju,Sangat Setuju,Setuju,Setuju,Setuju,Tidak Setuju,Setuju,Tidak Setuju,Tidak Setuju,Setuju,Sangat Setuju,Setuju,Setuju,Setuju,Tidak Setuju,Tidak Setuju,Setuju,Setuju,Setuju,Setuju,7,6,7,8,8,7,7,10,Juni,
14/09/2026 15:31:21,"Ya, Saya bersedia",MR,081269397669,banda aceh,Laki-laki,40,SMA,Menikah,petani,3.500.000,8,26,2,Rumah Sendiri,,,,,,,,,,,,,,Sering,Sering,Sering,Selalu,Sering,Selalu,Selalu,Selalu,Selalu,Sering,Sering,Kadang-kadang,Kadang-kadang,Sering,Sering,Sering,Selalu,Selalu,Sering,Kadang-kadang,Selalu,Kadang-kadang,Selalu,Jarang,Kadang-kadang,Kadang-kadang,Selalu,Sering,Selalu,Kadang-kadang,Kadang-kadang,Tidak Pernah,Tidak Pernah,Jarang,Tidak Pernah,Tidak Pernah,Tidak Pernah,Jarang,Jarang,Tidak Pernah,Jarang,Tidak Pernah,Jarang,Jarang,Tidak Pernah,Tidak Pernah,Kadang-kadang,Tidak Pernah,Tidak Pernah,Jarang,Jarang,Tidak Pernah,Tidak Pernah,Tidak Pernah,Tidak Setuju,Sangat Setuju,Sangat Setuju,Sangat Setuju,Tidak Setuju,Setuju,Setuju,Sangat Tidak Setuju,Sangat Tidak Setuju,Tidak Setuju,Sangat Tidak Setuju,Sangat Setuju,Tidak Setuju,Setuju,Setuju,Sangat Setuju,Setuju,Setuju,Sangat Setuju,Sangat Setuju,Sangat Setuju,Setuju,Setuju,Tidak Setuju,Tidak Setuju,Sangat Tidak Setuju,Setuju,Sangat Tidak Setuju,Tidak Setuju,Tidak Setuju,Setuju,Sangat Setuju,Sangat Setuju,Tidak Setuju,Setuju,Tidak Setuju,Sangat Setuju,Sangat Setuju,Sangat Setuju,Setuju,8,7,5,3,5,3,5,6,Nasywaa Syifa,
14/09/2026 15:38:51,"Ya, Saya bersedia",RH,081370865586,banda aceh pande,Laki-laki,29,S1,Menikah,pengusaha,7.800.000,4,25,2,Rumah Sendiri,,,,,,,,,,,,,,Sering,Sering,Selalu,Sering,Sering,Selalu,Sering,Selalu,Selalu,Selalu,Selalu,Selalu,Selalu,Selalu,Sering,Sering,Selalu,Selalu,Selalu,Selalu,Sering,Sering,Sering,Sering,Sering,Sering,Sering,Sering,Sering,Sering,Jarang,Jarang,Jarang,Jarang,Jarang,Tidak Pernah,Tidak Pernah,Tidak Pernah,Jarang,Tidak Pernah,Tidak Pernah,Tidak Pernah,Jarang,Tidak Pernah,Jarang,Jarang,Tidak Pernah,Tidak Pernah,Tidak Pernah,Jarang,Jarang,Tidak Pernah,Tidak Pernah,Tidak Pernah,Tidak Setuju,Tidak Setuju,Tidak Setuju,Sangat Setuju,Sangat Tidak Setuju,Setuju,Sangat Tidak Setuju,Sangat Tidak Setuju,Sangat Tidak Setuju,Sangat Tidak Setuju,Setuju,Setuju,Sangat Tidak Setuju,Sangat Setuju,Sangat Setuju,Sangat Tidak Setuju,Sangat Setuju,Setuju,Setuju,Setuju,Setuju,Setuju,Sangat Setuju,Setuju,Tidak Setuju,Tidak Setuju,Sangat Setuju,Sangat Setuju,Tidak Setuju,Sangat Setuju,Setuju,Setuju,Sangat Setuju,Sangat Tidak Setuju,Sangat Setuju,Setuju,Setuju,Setuju,Sangat Tidak Setuju,Sangat Tidak Setuju,8,8,7,7,7,7,7,7,Nasywaa Syifa,
14/09/2026 15:47:43,"Ya, Saya bersedia",MZ,085261713340,lampineng,Perempuan,37,SMA,Menikah,irt,5.300.000,9,28,3,Rumah Sendiri,,,,,,,,,,,,,,Selalu,Sering,Sering,Sering,Selalu,Selalu,Sering,Sering,Selalu,Sering,Sering,Selalu,Sering,Sering,Sering,Sering,Sering,Sering,Sering,Selalu,Sering,Selalu,Sering,Selalu,Sering,Kadang-kadang,Kadang-kadang,Sering,Sering,Selalu,Jarang,Tidak Pernah,Tidak Pernah,Jarang,Tidak Pernah,Jarang,Tidak Pernah,Jarang,Jarang,Tidak Pernah,Kadang-kadang,Sering,Kadang-kadang,Tidak Pernah,Sering,Kadang-kadang,Kadang-kadang,Kadang-kadang,Tidak Pernah,Tidak Pernah,Jarang,Jarang,Tidak Pernah,Jarang,Tidak Setuju,Sangat Tidak Setuju,Tidak Setuju,Sangat Setuju,Tidak Setuju,Setuju,Sangat Tidak Setuju,Tidak Setuju,Tidak Setuju,Tidak Setuju,Sangat Tidak Setuju,Setuju,Sangat Setuju,Tidak Setuju,Sangat Setuju,Sangat Setuju,Tidak Setuju,Sangat Setuju,Sangat Setuju,Sangat Setuju,Setuju,Sangat Setuju,Sangat Setuju,Setuju,Tidak Setuju,Sangat Tidak Setuju,Sangat Setuju,Setuju,Sangat Tidak Setuju,Sangat Setuju,Setuju,Setuju,Sangat Setuju,Sangat Tidak Setuju,Setuju,Sangat Setuju,Setuju,Setuju,Sangat Tidak Setuju,Tidak Setuju,8,8,8,8,7,8,7,7,Nasywaa Syifa,
14/09/2026 16:26:37,"Ya, Saya bersedia",RY,087788380869,banda aceh,Laki-laki,26,D-III / D-IV,Menikah,teknisi,3.000.000,3,23,1,Rumah Sendiri,,,,,,,,,,,,,,Selalu,Sering,Sering,Selalu,Selalu,Selalu,Selalu,Selalu,Sering,Sering,Sering,Selalu,Sering,Selalu,Sering,Selalu,Selalu,Selalu,Selalu,Selalu,Sering,Kadang-kadang,Sering,Sering,Selalu,Sering,Selalu,Sering,Sering,Selalu,Jarang,Tidak Pernah,Tidak Pernah,Tidak Pernah,Tidak Pernah,Jarang,Jarang,Tidak Pernah,Tidak Pernah,Tidak Pernah,Kadang-kadang,Sering,Sering,Sering,Kadang-kadang,Kadang-kadang,Sering,Jarang,Jarang,Tidak Pernah,Tidak Pernah,Tidak Pernah,Tidak Pernah,Jarang,Sangat Tidak Setuju,Sangat Tidak Setuju,Sangat Tidak Setuju,Setuju,Sangat Tidak Setuju,Setuju,Sangat Tidak Setuju,Sangat Tidak Setuju,Sangat Tidak Setuju,Tidak Setuju,Setuju,Sangat Setuju,Tidak Setuju,Sangat Setuju,Sangat Setuju,Tidak Setuju,Sangat Setuju,Sangat Setuju,Setuju,Sangat Setuju,Sangat Setuju,Sangat Setuju,Sangat Setuju,Sangat Setuju,Tidak Setuju,Tidak Setuju,Sangat Setuju,Sangat Setuju,Sangat Tidak Setuju,Sangat Setuju,Sangat Setuju,Sangat Setuju,Sangat Setuju,Sangat Tidak Setuju,Sangat Setuju,Setuju,Sangat Setuju,Setuju,Sangat Tidak Setuju,Tidak Setuju,5,6,6,6,6,6,6,6,Nasywaa Syifa,
14/09/2026 16:32:29,"Ya, Saya bersedia",ND,081397005559,lampineng banda aceh,Laki-laki,42,S1,Menikah,pengusaha,7.000.000,16,26,3,Rumah Sendiri,,,,,,,,,,,,,,Sering,Selalu,Sering,Sering,Sering,Sering,Sering,Selalu,Selalu,Selalu,Sering,Sering,Selalu,Sering,Selalu,Selalu,Sering,Selalu,Selalu,Selalu,Sering,Sering,Kadang-kadang,Sering,Selalu,Sering,Kadang-kadang,Sering,Selalu,Sering,Jarang,Tidak Pernah,Jarang,Tidak Pernah,Tidak Pernah,Jarang,Jarang,Tidak Pernah,Jarang,Jarang,Kadang-kadang,Kadang-kadang,Sering,Kadang-kadang,Sering,Sering,Kadang-kadang,Jarang,Jarang,Jarang,Tidak Pernah,Tidak Pernah,Tidak Pernah,Tidak Pernah,Tidak Setuju,Tidak Setuju,Tidak Setuju,Setuju,Tidak Setuju,Sangat Tidak Setuju,Tidak Setuju,Sangat Tidak Setuju,Sangat Tidak Setuju,Tidak Setuju,Setuju,Sangat Setuju,Sangat Tidak Setuju,Sangat Setuju,Sangat Setuju,Tidak Setuju,Sangat Setuju,Setuju,Setuju,Sangat Setuju,Sangat Setuju,Sangat Setuju,Setuju,Setuju,Tidak Setuju,Tidak Setuju,Sangat Setuju,Setuju,Sangat Tidak Setuju,Setuju,Setuju,Sangat Setuju,Setuju,Sangat Tidak Setuju,Setuju,Sangat Setuju,Setuju,Setuju,Tidak Setuju,Tidak Setuju,5,7,6,6,5,5,6,6,Nasywaa Syifa,
14/09/2026 16:40:36,"Ya, Saya bersedia",NM,085373330511,pande banda aceh,Laki-laki,46,SMA,Menikah,pedagang,4.500.000,11,27,3,Rumah Sendiri,,,,,,,,,,,,,,Selalu,Selalu,Sering,Sering,Selalu,Selalu,Sering,Sering,Selalu,Selalu,Sering,Sering,Selalu,Selalu,Selalu,Selalu,Selalu,Sering,Sering,Selalu,Selalu,Selalu,Sering,Selalu,Selalu,Selalu,Selalu,Selalu,Selalu,Selalu,Jarang,Tidak Pernah,Tidak Pernah,Jarang,Tidak Pernah,Tidak Pernah,Tidak Pernah,Tidak Pernah,Tidak Pernah,Tidak Pernah,Tidak Pernah,Kadang-kadang,Jarang,Tidak Pernah,Kadang-kadang,Tidak Pernah,Jarang,Tidak Pernah,Tidak Pernah,Tidak Pernah,Tidak Pernah,Tidak Pernah,Tidak Pernah,Tidak Pernah,Sangat Tidak Setuju,Tidak Setuju,Tidak Setuju,Sangat Setuju,Setuju,Tidak Setuju,Tidak Setuju,Sangat Tidak Setuju,Tidak Setuju,Tidak Setuju,Setuju,Sangat Setuju,Sangat Tidak Setuju,Sangat Setuju,Sangat Setuju,Sangat Tidak Setuju,Sangat Setuju,Setuju,Sangat Setuju,Sangat Setuju,Sangat Setuju,Sangat Setuju,Setuju,Setuju,Tidak Setuju,Tidak Setuju,Sangat Setuju,Sangat Setuju,Tidak Setuju,Setuju,Sangat Setuju,Sangat Setuju,Sangat Setuju,Sangat Tidak Setuju,Setuju,Setuju,Setuju,Setuju,Tidak Setuju,Tidak Setuju,7,6,6,7,6,5,6,6,Nasywaa Syifa,
14/09/2026 20:30:09,"Ya, Saya bersedia",NS,081314832184,Aceh Besar,Perempuan,25,S1,Menikah,Guru,3.000.000,3,23,1,Rumah Sewa,,,,,,,,,,,,,,Sering,Sering,Selalu,Sering,Selalu,Selalu,Sering,Sering,Sering,Sering,Sering,Sering,Sering,Sering,Sering,Sering,Sering,Sering,Jarang,Jarang,Jarang,Tidak Pernah,Tidak Pernah,Tidak Pernah,Sering,Sering,Selalu,Sering,Selalu,Sering,Sering,Sering,Sering,Sering,Sering,Sering,Sering,Selalu,Sering,Sering,Sering,Sering,Selalu,Sering,Selalu,Sering,Sering,Sering,Tidak Pernah,Jarang,Kadang-kadang,Jarang,Jarang,Tidak Pernah,Sangat Tidak Setuju,Tidak Setuju,Tidak Setuju,Setuju,Tidak Setuju,Sangat Setuju,Tidak Setuju,Sangat Tidak Setuju,Sangat Tidak Setuju,Tidak Setuju,Sangat Setuju,Sangat Setuju,Tidak Setuju,Sangat Setuju,Sangat Setuju,Sangat Tidak Setuju,Setuju,Sangat Setuju,Sangat Setuju,Sangat Setuju,Tidak Setuju,Tidak Setuju,Sangat Tidak Setuju,Sangat Setuju,Sangat Setuju,Sangat Tidak Setuju,Sangat Setuju,Sangat Setuju,Sangat Tidak Setuju,Sangat Setuju,Setuju,Sangat Setuju,Setuju,Tidak Setuju,Sangat Setuju,Setuju,Sangat Setuju,Setuju,Tidak Setuju,Tidak Setuju,7,7,7,7,8,9,8,8,Nasywaa Syifa,
14/09/2026 20:37:34,"Ya, Saya bersedia",NR,082367398423,Aceh Besar,Perempuan,37,SMA,Cerai Hidup,Buruh Pabrik,3.500.000,,,,,tidak cocok,10,25,35,1,Rumah Keluarga,,,,,,,,Jarang,Jarang,Tidak Pernah,Tidak Pernah,Jarang,Jarang,Jarang,Jarang,Tidak Pernah,Tidak Pernah,Kadang-kadang,Kadang-kadang,Jarang,Tidak Pernah,Kadang-kadang,Tidak Pernah,Jarang,Kadang-kadang,Jarang,Tidak Pernah,Jarang,Tidak Pernah,Jarang,Jarang,Jarang,Tidak Pernah,Jarang,Kadang-kadang,Tidak Pernah,Kadang-kadang,Sering,Sering,Sering,Selalu,Sering,Kadang-kadang,Sering,Sering,Kadang-kadang,Sering,Selalu,Selalu,Selalu,Selalu,Selalu,Selalu,Selalu,Kadang-kadang,Kadang-kadang,Kadang-kadang,Sering,Sering,Sering,Sering,Tidak Setuju,Sangat Tidak Setuju,Sangat Tidak Setuju,Setuju,Sangat Tidak Setuju,Setuju,Sangat Tidak Setuju,Sangat Tidak Setuju,Tidak Setuju,Sangat Tidak Setuju,Setuju,Sangat Setuju,Tidak Setuju,Sangat Setuju,Sangat Tidak Setuju,Sangat Setuju,Sangat Setuju,Setuju,Setuju,Setuju,Setuju,Setuju,Setuju,Sangat Tidak Setuju,Sangat Tidak Setuju,Sangat Tidak Setuju,Sangat Setuju,Sangat Setuju,Sangat Tidak Setuju,Sangat Setuju,Sangat Setuju,Sangat Setuju,Sangat Setuju,Sangat Tidak Setuju,Sangat Setuju,Sangat Setuju,Setuju,Sangat Setuju,Sangat Tidak Setuju,Sangat Tidak Setuju,7,8,7,7,7,7,7,7,Nasywaa Syifa,
14/09/2026 20:43:48,"Ya, Saya bersedia",NH,085377219193,Banda Aceh,Perempuan,45,S1,Cerai Hidup,PNS,4.500.000,,,,,tidak bertanggung jawab,8,22,30,2,Rumah Sendiri,,,,,,,,Jarang,Jarang,Jarang,Jarang,Jarang,Jarang,Jarang,Jarang,Jarang,Jarang,Tidak Pernah,Tidak Pernah,Tidak Pernah,Tidak Pernah,Tidak Pernah,Tidak Pernah,Tidak Pernah,Jarang,Jarang,Jarang,Kadang-kadang,Jarang,Jarang,Jarang,Kadang-kadang,Kadang-kadang,Kadang-kadang,Kadang-kadang,Kadang-kadang,Jarang,Sering,Sering,Kadang-kadang,Selalu,Sering,Sering,Sering,Sering,Kadang-kadang,Sering,Sering,Sering,Kadang-kadang,Kadang-kadang,Sering,Kadang-kadang,Kadang-kadang,Selalu,Selalu,Selalu,Selalu,Selalu,Selalu,Selalu,Sangat Tidak Setuju,Sangat Tidak Setuju,Sangat Tidak Setuju,Sangat Setuju,Sangat Tidak Setuju,Sangat Setuju,Tidak Setuju,Sangat Tidak Setuju,Sangat Tidak Setuju,Tidak Setuju,Sangat Setuju,Sangat Setuju,Tidak Setuju,Sangat Setuju,Sangat Setuju,Sangat Tidak Setuju,Sangat Setuju,Sangat Setuju,Setuju,Sangat Setuju,Sangat Setuju,Sangat Setuju,Setuju,Tidak Setuju,Sangat Tidak Setuju,Sangat Tidak Setuju,Sangat Setuju,Sangat Setuju,Tidak Setuju,Sangat Setuju,Setuju,Setuju,Setuju,Sangat Tidak Setuju,Sangat Setuju,Sangat Setuju,Sangat Setuju,Tidak Setuju,Tidak Setuju,Tidak Setuju,8,8,7,7,8,8,7,7,Nasywaa Syifa,
14/09/2026 20:48:26,"Ya, Saya bersedia",LY,085360970700,Banda Aceh,Laki-laki,50,S1,Menikah,PNS,6.000.000,22,28,4,Rumah Sendiri,,,,,,,,,,,,,,Sering,Sering,Sering,Selalu,Selalu,Selalu,Sering,Sering,Sering,Sering,Sering,Sering,Sering,Selalu,Sering,Sering,Sering,Sering,Selalu,Sering,Sering,Sering,Selalu,Sering,Sering,Sering,Sering,Sering,Sering,Selalu,Jarang,Jarang,Jarang,Jarang,Jarang,Jarang,Tidak Pernah,Jarang,Tidak Pernah,Jarang,Sering,Sering,Sering,Sering,Sering,Sering,Kadang-kadang,Jarang,Jarang,Jarang,Tidak Pernah,Jarang,Tidak Pernah,Tidak Pernah,Tidak Setuju,Tidak Setuju,Tidak Setuju,Sangat Setuju,Sangat Tidak Setuju,Sangat Setuju,Sangat Tidak Setuju,Tidak Setuju,Sangat Tidak Setuju,Sangat Tidak Setuju,Sangat Setuju,Setuju,Sangat Tidak Setuju,Sangat Setuju,Sangat Setuju,Sangat Tidak Setuju,Sangat Setuju,Setuju,Setuju,Setuju,Sangat Setuju,Sangat Setuju,Sangat Setuju,Sangat Tidak Setuju,Sangat Tidak Setuju,Sangat Tidak Setuju,Sangat Setuju,Sangat Setuju,Sangat Tidak Setuju,Sangat Setuju,Setuju,Sangat Setuju,Setuju,Sangat Tidak Setuju,Sangat Setuju,Setuju,Sangat Setuju,Sangat Setuju,Tidak Setuju,Sangat Tidak Setuju,9,9,8,9,8,8,8,8,Nasywaa Syifa,
14/09/2026 20:53:35,"Ya, Saya bersedia",QA,082273849280,Banda Aceh,Laki-laki,24,SMA,Menikah,Wiraswasta,4.500.000,1,23,1,Rumah Sendiri,,,,,,,,,,,,,,Kadang-kadang,Tidak Pernah,Jarang,Kadang-kadang,Kadang-kadang,Kadang-kadang,Jarang,Kadang-kadang,Jarang,Sering,Sering,Jarang,Sering,Sering,Jarang,Jarang,Kadang-kadang,Kadang-kadang,Kadang-kadang,Jarang,Sering,Sering,Sering,Kadang-kadang,Jarang,Jarang,Kadang-kadang,Kadang-kadang,Jarang,Kadang-kadang,Kadang-kadang,Jarang,Kadang-kadang,Jarang,Kadang-kadang,Jarang,Sering,Kadang-kadang,Sering,Sering,Sering,Jarang,Kadang-kadang,Kadang-kadang,Jarang,Kadang-kadang,Kadang-kadang,Kadang-kadang,Jarang,Kadang-kadang,Kadang-kadang,Sering,Sering,Sering,Tidak Setuju,Tidak Setuju,Tidak Setuju,Setuju,Sangat Tidak Setuju,Setuju,Tidak Setuju,Tidak Setuju,Sangat Tidak Setuju,Tidak Setuju,Setuju,Sangat Setuju,Sangat Tidak Setuju,Tidak Setuju,Tidak Setuju,Tidak Setuju,Setuju,Setuju,Sangat Setuju,Setuju,Setuju,Sangat Setuju,Sangat Setuju,Sangat Tidak Setuju,Sangat Tidak Setuju,Tidak Setuju,Sangat Setuju,Sangat Setuju,Setuju,Tidak Setuju,Tidak Setuju,Sangat Setuju,Setuju,Tidak Setuju,Sangat Setuju,Sangat Setuju,Sangat Setuju,Sangat Setuju,Sangat Setuju,Setuju,4,4,4,4,3,3,4,4,Nasywaa Syifa,
14/09/2026 20:58:11,"Ya, Saya bersedia",RS,0895320277160,Banda Aceh,Laki-laki,27,S1,Menikah,guru,5.000.000,3,24,2,Rumah Keluarga,,,,,,,,,,,,,,Sering,Sering,Sering,Sering,Selalu,Selalu,Sering,Selalu,Sering,Sering,Sering,Selalu,Selalu,Sering,Sering,Selalu,Selalu,Selalu,Sering,Selalu,Sering,Kadang-kadang,Sering,Selalu,Sering,Sering,Sering,Selalu,Sering,Sering,Selalu,Sering,Selalu,Sering,Sering,Kadang-kadang,Sering,Kadang-kadang,Selalu,Kadang-kadang,Kadang-kadang,Selalu,Selalu,Selalu,Selalu,Selalu,Selalu,Kadang-kadang,Kadang-kadang,Sering,Kadang-kadang,Sering,Sering,Kadang-kadang,Sangat Tidak Setuju,Tidak Setuju,Tidak Setuju,Sangat Setuju,Sangat Tidak Setuju,Setuju,Sangat Tidak Setuju,Sangat Tidak Setuju,Sangat Tidak Setuju,Sangat Tidak Setuju,Setuju,Setuju,Sangat Tidak Setuju,Sangat Setuju,Sangat Setuju,Tidak Setuju,Setuju,Setuju,Setuju,Setuju,Setuju,Setuju,Setuju,Setuju,Tidak Setuju,Sangat Tidak Setuju,Sangat Setuju,Sangat Setuju,Tidak Setuju,Setuju,Setuju,Sangat Setuju,Sangat Setuju,Tidak Setuju,Sangat Setuju,Sangat Setuju,Setuju,Setuju,Tidak Setuju,Sangat Tidak Setuju,7,7,6,7,7,7,7,7,Nasywaa Syifa,
14/09/2026 21:05:23,"Ya, Saya bersedia",ZE,082250554960,Banda Aceh,Laki-laki,30,D-III / D-IV,Menikah,karyawan swasta,6.000.000,3,27,2,Rumah Sewa,,,,,,,,,,,,,,Kadang-kadang,Kadang-kadang,Kadang-kadang,Kadang-kadang,Kadang-kadang,Kadang-kadang,Kadang-kadang,Jarang,Jarang,Kadang-kadang,Kadang-kadang,Jarang,Jarang,Jarang,Kadang-kadang,Jarang,Tidak Pernah,Kadang-kadang,Jarang,Jarang,Kadang-kadang,Jarang,Jarang,Tidak Pernah,Tidak Pernah,Tidak Pernah,Tidak Pernah,Tidak Pernah,Tidak Pernah,Tidak Pernah,Sering,Sering,Kadang-kadang,Selalu,Sering,Sering,Kadang-kadang,Sering,Sering,Kadang-kadang,Selalu,Selalu,Selalu,Selalu,Selalu,Selalu,Selalu,Sering,Sering,Kadang-kadang,Kadang-kadang,Sering,Sering,Kadang-kadang,Sangat Tidak Setuju,Tidak Setuju,Tidak Setuju,Setuju,Sangat Setuju,Setuju,Setuju,Tidak Setuju,Tidak Setuju,Tidak Setuju,Sangat Setuju,Sangat Setuju,Tidak Setuju,Sangat Setuju,Sangat Setuju,Tidak Setuju,Tidak Setuju,Tidak Setuju,Tidak Setuju,Sangat Setuju,Setuju,Sangat Setuju,Sangat Setuju,Sangat Tidak Setuju,Sangat Tidak Setuju,Sangat Tidak Setuju,Sangat Setuju,Sangat Setuju,Tidak Setuju,Sangat Setuju,Sangat Setuju,Sangat Setuju,Setuju,Tidak Setuju,Sangat Setuju,Sangat Setuju,Sangat Setuju,Tidak Setuju,Tidak Setuju,Tidak Setuju,7,7,7,7,7,4,4,4,Nasywaa Syifa,
14/09/2026 21:10:02,"Ya, Saya bersedia",S,-,Lambitra,Perempuan,44,SMA,Menikah,IRT,500.000,24,20,3,Rumah Sendiri,,,,,,,,,,,,,,Sering,Kadang-kadang,Sering,Selalu,Kadang-kadang,Sering,Selalu,Jarang,Kadang-kadang,Jarang,Selalu,Kadang-kadang,Jarang,Sering,Selalu,Selalu,Kadang-kadang,Sering,Selalu,Selalu,Sering,Selalu,Selalu,Kadang-kadang,Sering,Kadang-kadang,Selalu,Kadang-kadang,Selalu,Jarang,Jarang,Kadang-kadang,Tidak Pernah,Kadang-kadang,Jarang,Jarang,Tidak Pernah,Kadang-kadang,Kadang-kadang,Selalu,Kadang-kadang,Selalu,Selalu,Sering,Selalu,Sering,Sering,Kadang-kadang,Jarang,Sering,Kadang-kadang,Jarang,Sering,Kadang-kadang,Tidak Setuju,Tidak Setuju,Tidak Setuju,Setuju,Tidak Setuju,Sangat Tidak Setuju,Tidak Setuju,Sangat Tidak Setuju,Tidak Setuju,Sangat Tidak Setuju,Setuju,Sangat Tidak Setuju,Sangat Tidak Setuju,Sangat Tidak Setuju,Tidak Setuju,Tidak Setuju,Tidak Setuju,Setuju,Sangat Tidak Setuju,Tidak Setuju,Tidak Setuju,Sangat Setuju,Setuju,Tidak Setuju,Sangat Tidak Setuju,Tidak Setuju,Sangat Setuju,Setuju,Setuju,Setuju,Sangat Setuju,Sangat Tidak Setuju,Setuju,Tidak Setuju,Setuju,Sangat Setuju,Setuju,Setuju,Tidak Setuju,Setuju,7,7,4,4,7,2,2,5,Nia,
14/09/2026 21:11:24,"Ya, Saya bersedia",AN,082181376955,pidie,Perempuan,26,SMA,Menikah,wirausaha,4.000.000,4,22,2,Rumah Sendiri,,,,,,,,,,,,,,Sering,Kadang-kadang,Sering,Sering,Sering,Sering,Sering,Kadang-kadang,Kadang-kadang,Kadang-kadang,Kadang-kadang,Sering,Sering,Sering,Sering,Sering,Sering,Sering,Kadang-kadang,Kadang-kadang,Sering,Sering,Sering,Sering,Sering,Kadang-kadang,Sering,Sering,Sering,Kadang-kadang,Kadang-kadang,Jarang,Jarang,Jarang,Tidak Pernah,Tidak Pernah,Tidak Pernah,Tidak Pernah,Tidak Pernah,Tidak Pernah,Tidak Pernah,Jarang,Tidak Pernah,Jarang,Tidak Pernah,Tidak Pernah,Tidak Pernah,Tidak Pernah,Kadang-kadang,Sering,Sering,Kadang-kadang,Sering,Sering,Sangat Tidak Setuju,Tidak Setuju,Tidak Setuju,Tidak Setuju,Sangat Tidak Setuju,Sangat Setuju,Sangat Tidak Setuju,Tidak Setuju,Tidak Setuju,Tidak Setuju,Tidak Setuju,Sangat Setuju,Sangat Setuju,Sangat Tidak Setuju,Setuju,Sangat Setuju,Sangat Tidak Setuju,Sangat Setuju,Sangat Setuju,Setuju,Setuju,Sangat Setuju,Sangat Setuju,Sangat Setuju,Sangat Tidak Setuju,Tidak Setuju,Sangat Tidak Setuju,Setuju,Sangat Setuju,Sangat Setuju,Tidak Setuju,Sangat Setuju,Sangat Setuju,Tidak Setuju,Tidak Setuju,Sangat Tidak Setuju,Setuju,Sangat Setuju,Sangat Setuju,Sangat Setuju,6,5,5,5,6,6,5,5,Nasywaa Syifa,
14/09/2026 21:15:45,"Ya, Saya bersedia",RU,081996004491,Banda Aceh,Laki-laki,29,S1,Menikah,Karyawan,5.500.000,4,25,2,Rumah Sewa,,,,,,,,,,,,,,Jarang,Jarang,Jarang,Jarang,Jarang,Jarang,Jarang,Jarang,Jarang,Jarang,Jarang,Jarang,Jarang,Jarang,Jarang,Jarang,Jarang,Jarang,Jarang,Jarang,Jarang,Jarang,Jarang,Tidak Pernah,Tidak Pernah,Tidak Pernah,Tidak Pernah,Tidak Pernah,Tidak Pernah,Tidak Pernah,Sering,Sering,Sering,Sering,Sering,Sering,Sering,Selalu,Selalu,Selalu,Selalu,Selalu,Selalu,Selalu,Selalu,Selalu,Selalu,Selalu,Kadang-kadang,Kadang-kadang,Kadang-kadang,Kadang-kadang,Kadang-kadang,Sering,Tidak Setuju,Tidak Setuju,Tidak Setuju,Sangat Setuju,Sangat Tidak Setuju,Sangat Setuju,Sangat Tidak Setuju,Tidak Setuju,Tidak Setuju,Tidak Setuju,Sangat Setuju,Sangat Setuju,Setuju,Sangat Setuju,Sangat Setuju,Setuju,Sangat Setuju,Setuju,Setuju,Setuju,Sangat Setuju,Sangat Setuju,Sangat Setuju,Sangat Tidak Setuju,Tidak Setuju,Tidak Setuju,Sangat Setuju,Setuju,Sangat Tidak Setuju,Sangat Setuju,Sangat Setuju,Sangat Setuju,Tidak Setuju,Tidak Setuju,Setuju,Sangat Setuju,Setuju,Tidak Setuju,Sangat Tidak Setuju,Tidak Setuju,2,2,2,3,1,4,2,2,Nasywaa Syifa,
14/09/2026 21:19:02,"Ya, Saya bersedia",B,082178910641,lambitra,Laki-laki,48,SMA,Menikah,Buruh Harian Lepas,2.000.000,24,24,3,Rumah Sendiri,,,,,,,,,,,,,,Sering,Jarang,Tidak Pernah,Kadang-kadang,Sering,Selalu,Jarang,Jarang,Jarang,Kadang-kadang,Kadang-kadang,Sering,Tidak Pernah,Selalu,Sering,Selalu,Sering,Kadang-kadang,Selalu,Kadang-kadang,Selalu,Selalu,Selalu,Sering,Selalu,Selalu,Selalu,Selalu,Selalu,Selalu,Sering,Kadang-kadang,Tidak Pernah,Kadang-kadang,Jarang,Tidak Pernah,Kadang-kadang,Sering,Selalu,Kadang-kadang,Jarang,Sering,Selalu,Selalu,Selalu,Sering,Selalu,Sering,Selalu,Kadang-kadang,Selalu,Kadang-kadang,Tidak Pernah,Jarang,Sangat Setuju,Setuju,Setuju,Tidak Setuju,Setuju,Sangat Setuju,Tidak Setuju,Setuju,Sangat Setuju,Setuju,Setuju,Tidak Setuju,Tidak Setuju,Tidak Setuju,Setuju,Tidak Setuju,Tidak Setuju,Setuju,Tidak Setuju,Tidak Setuju,Tidak Setuju,Sangat Setuju,Sangat Setuju,Tidak Setuju,Tidak Setuju,Tidak Setuju,Sangat Setuju,Tidak Setuju,Sangat Tidak Setuju,Setuju,Sangat Setuju,Sangat Setuju,Tidak Setuju,Setuju,Setuju,Sangat Setuju,Sangat Setuju,Setuju,Sangat Setuju,Setuju,2,1,3,1,1,3,1,1,Nia,
14/09/2026 21:22:16,"Ya, Saya bersedia",FA,081914610182,Banda Aceh,Perempuan,25,S1,Menikah,karyawan swasta,4.800.000,2,23,1,Rumah Keluarga,,,,,,,,,,,,,,Sering,Selalu,Selalu,Sering,Selalu,Sering,Selalu,Selalu,Sering,Sering,Sering,Sering,Selalu,Sering,Sering,Selalu,Sering,Sering,Sering,Sering,Sering,Selalu,Selalu,Selalu,Sering,Sering,Sering,Sering,Sering,Selalu,Selalu,Selalu,Sering,Jarang,Tidak Pernah,Tidak Pernah,Jarang,Tidak Pernah,Tidak Pernah,Jarang,Tidak Pernah,Jarang,Kadang-kadang,Sering,Sering,Sering,Jarang,Tidak Pernah,Tidak Pernah,Jarang,Tidak Pernah,Jarang,Tidak Pernah,Jarang,Tidak Setuju,Sangat Tidak Setuju,Tidak Setuju,Sangat Setuju,Sangat Tidak Setuju,Sangat Setuju,Sangat Tidak Setuju,Tidak Setuju,Sangat Tidak Setuju,Sangat Tidak Setuju,Setuju,Sangat Setuju,Tidak Setuju,Setuju,Sangat Setuju,Tidak Setuju,Setuju,Sangat Setuju,Sangat Setuju,Sangat Setuju,Sangat Setuju,Setuju,Sangat Setuju,Tidak Setuju,Tidak Setuju,Sangat Tidak Setuju,Sangat Setuju,Sangat Setuju,Sangat Tidak Setuju,Sangat Setuju,Sangat Setuju,Setuju,Sangat Setuju,Sangat Tidak Setuju,Sangat Setuju,Sangat Setuju,Sangat Setuju,Sangat Setuju,Tidak Setuju,Sangat Tidak Setuju,7,8,8,7,7,7,7,7,Nasywaa Syifa,
14/09/2026 21:26:19,"Ya, Saya bersedia",TA,085206747312,Desa Lambitra,Perempuan,28,S1,Menikah,honorer,2.500.000,3,25,-,Rumah Keluarga,,,,,,,,,,,,,,Sering,Kadang-kadang,Jarang,Selalu,Selalu,Selalu,Selalu,Selalu,Selalu,Selalu,Selalu,Kadang-kadang,Kadang-kadang,Sering,Selalu,Selalu,Selalu,Selalu,Selalu,Selalu,Selalu,Selalu,Selalu,Sering,Selalu,Sering,Sering,Sering,Selalu,Selalu,Jarang,Jarang,Jarang,Tidak Pernah,Tidak Pernah,Tidak Pernah,Tidak Pernah,Tidak Pernah,Selalu,Kadang-kadang,Jarang,Tidak Pernah,Selalu,Tidak Pernah,Kadang-kadang,Sering,Kadang-kadang,Sering,Jarang,Sering,Sering,Kadang-kadang,Tidak Pernah,Tidak Pernah,Sangat Tidak Setuju,Sangat Tidak Setuju,Sangat Tidak Setuju,Sangat Setuju,Sangat Tidak Setuju,Sangat Setuju,Sangat Tidak Setuju,Sangat Tidak Setuju,Sangat Tidak Setuju,Sangat Tidak Setuju,Sangat Setuju,Sangat Setuju,Sangat Tidak Setuju,Sangat Setuju,Sangat Setuju,Sangat Tidak Setuju,Sangat Setuju,Sangat Setuju,Sangat Setuju,Sangat Setuju,Sangat Setuju,Sangat Setuju,Sangat Setuju,Sangat Tidak Setuju,Sangat Tidak Setuju,Sangat Tidak Setuju,Sangat Setuju,Sangat Setuju,Sangat Tidak Setuju,Sangat Setuju,Sangat Setuju,Sangat Setuju,Sangat Setuju,Sangat Tidak Setuju,Sangat Setuju,Sangat Setuju,Sangat Setuju,Sangat Setuju,Sangat Tidak Setuju,Sangat Setuju,8,7,6,6,4,8,7,7,Nia,
14/09/2026 21:42:49,"Ya, Saya bersedia",SH,-,Aceh Utara,Laki-laki,32,SMA,Menikah,petani,4.000.000,4,28,3,Rumah Sendiri,,,,,,,,,,,,,,Sering,Sering,Sering,Sering,Sering,Sering,Sering,Sering,Sering,Sering,Sering,Selalu,Sering,Sering,Sering,Sering,Sering,Selalu,Sering,Selalu,Sering,Sering,Sering,Sering,Sering,Selalu,Selalu,Selalu,Selalu,Sering,Jarang,Jarang,Tidak Pernah,Tidak Pernah,Tidak Pernah,Tidak Pernah,Jarang,Tidak Pernah,Tidak Pernah,Tidak Pernah,Jarang,Sering,Sering,Sering,Sering,Sering,Kadang-kadang,Jarang,Jarang,Jarang,Tidak Pernah,Tidak Pernah,Jarang,Tidak Pernah,Tidak Setuju,Tidak Setuju,Sangat Tidak Setuju,Sangat Setuju,Tidak Setuju,Sangat Setuju,Sangat Tidak Setuju,Sangat Tidak Setuju,Sangat Tidak Setuju,Sangat Tidak Setuju,Sangat Setuju,Setuju,Tidak Setuju,Sangat Setuju,Sangat Setuju,Sangat Tidak Setuju,Setuju,Sangat Setuju,Setuju,Sangat Setuju,Sangat Setuju,Sangat Setuju,Sangat Setuju,Tidak Setuju,Tidak Setuju,Sangat Tidak Setuju,Sangat Setuju,Sangat Setuju,Sangat Tidak Setuju,Sangat Setuju,Setuju,Sangat Setuju,Setuju,Tidak Setuju,Sangat Setuju,Setuju,Setuju,Setuju,Sangat Tidak Setuju,Sangat Tidak Setuju,9,8,7,7,7,7,8,8,Nasywaa Syifa,
14/09/2026 21:47:30,"Ya, Saya bersedia",PT,-,Aceh Tengah,Perempuan,28,S1,Menikah,guru,5.000.000,3,25,1,Rumah Sewa,,,,,,,,,,,,,,Selalu,Selalu,Selalu,Selalu,Sering,Sering,Sering,Selalu,Sering,Sering,Sering,Selalu,Selalu,Selalu,Sering,Sering,Sering,Sering,Sering,Sering,Sering,Selalu,Selalu,Sering,Sering,Sering,Sering,Selalu,Sering,Selalu,Jarang,Jarang,Tidak Pernah,Jarang,Tidak Pernah,Tidak Pernah,Tidak Pernah,Tidak Pernah,Tidak Pernah,Tidak Pernah,Kadang-kadang,Sering,Sering,Sering,Sering,Sering,Kadang-kadang,Tidak Pernah,Jarang,Tidak Pernah,Tidak Pernah,Tidak Pernah,Tidak Pernah,Jarang,Sangat Tidak Setuju,Tidak Setuju,Tidak Setuju,Sangat Setuju,Sangat Tidak Setuju,Setuju,Sangat Tidak Setuju,Tidak Setuju,Tidak Setuju,Sangat Tidak Setuju,Setuju,Setuju,Tidak Setuju,Sangat Setuju,Sangat Setuju,Tidak Setuju,Setuju,Sangat Setuju,Sangat Setuju,Setuju,Sangat Setuju,Setuju,Sangat Setuju,Tidak Setuju,Sangat Tidak Setuju,Sangat Tidak Setuju,Sangat Setuju,Sangat Setuju,Tidak Setuju,Sangat Setuju,Setuju,Setuju,Sangat Setuju,Setuju,Sangat Setuju,Setuju,Sangat Setuju,Sangat Setuju,Tidak Setuju,Sangat Tidak Setuju,9,7,7,7,8,8,9,8,Nasywaa Syifa,
14/09/2026 21:52:00,"Ya, Saya bersedia",ZN,081272132053,Sabang,Laki-laki,35,D-III / D-IV,Menikah,nelayan,3.000.000,5,27,1,Rumah Sendiri,,,,,,,,,,,,,,Jarang,Jarang,Jarang,Jarang,Jarang,Jarang,Kadang-kadang,Jarang,Kadang-kadang,Jarang,Tidak Pernah,Kadang-kadang,Jarang,Tidak Pernah,Kadang-kadang,Jarang,Jarang,Jarang,Jarang,Jarang,Jarang,Jarang,Jarang,Jarang,Tidak Pernah,Tidak Pernah,Tidak Pernah,Tidak Pernah,Jarang,Kadang-kadang,Kadang-kadang,Kadang-kadang,Kadang-kadang,Sering,Sering,Kadang-kadang,Sering,Sering,Kadang-kadang,Kadang-kadang,Selalu,Selalu,Selalu,Kadang-kadang,Selalu,Selalu,Selalu,Kadang-kadang,Kadang-kadang,Kadang-kadang,Sering,Sering,Sering,Sering,Tidak Setuju,Tidak Setuju,Tidak Setuju,Setuju,Sangat Setuju,Tidak Setuju,Sangat Setuju,Sangat Tidak Setuju,Sangat Tidak Setuju,Sangat Tidak Setuju,Tidak Setuju,Setuju,Sangat Setuju,Setuju,Sangat Setuju,Setuju,Tidak Setuju,Setuju,Sangat Setuju,Setuju,Setuju,Setuju,Setuju,Tidak Setuju,Tidak Setuju,Sangat Tidak Setuju,Sangat Setuju,Sangat Setuju,Sangat Tidak Setuju,Setuju,Sangat Setuju,Sangat Setuju,Setuju,Tidak Setuju,Sangat Setuju,Setuju,Setuju,Sangat Setuju,Tidak Setuju,Sangat Tidak Setuju,6,4,4,4,4,2,2,3,Nasywaa Syifa,
15/09/2026 10:05:01,"Ya, Saya bersedia",UL,085281523681,pango banda aceh,Laki-laki,35,SMA,Menikah,supir,4.600.000,7,28,2,Rumah Sewa,,,,,,,,,,,,,,Sering,Selalu,Sering,Sering,Selalu,Selalu,Selalu,Sering,Sering,Sering,Selalu,Sering,Selalu,Sering,Sering,Sering,Sering,Sering,Selalu,Selalu,Sering,Sering,Kadang-kadang,Sering,Kadang-kadang,Selalu,Kadang-kadang,Sering,Selalu,Sering,Jarang,Jarang,Jarang,Jarang,Jarang,Jarang,Jarang,Tidak Pernah,Tidak Pernah,Jarang,Kadang-kadang,Sering,Kadang-kadang,Sering,Kadang-kadang,Kadang-kadang,Kadang-kadang,Jarang,Jarang,Jarang,Jarang,Tidak Pernah,Jarang,Tidak Pernah,Tidak Setuju,Tidak Setuju,Sangat Tidak Setuju,Sangat Setuju,Sangat Tidak Setuju,Tidak Setuju,Sangat Tidak Setuju,Tidak Setuju,Tidak Setuju,Sangat Tidak Setuju,Setuju,Setuju,Sangat Tidak Setuju,Sangat Setuju,Setuju,Sangat Tidak Setuju,Sangat Setuju,Setuju,Sangat Setuju,Setuju,Sangat Setuju,Sangat Setuju,Sangat Setuju,Setuju,Tidak Setuju,Tidak Setuju,Sangat Setuju,Sangat Setuju,Tidak Setuju,Sangat Setuju,Sangat Setuju,Sangat Setuju,Setuju,Tidak Setuju,Sangat Setuju,Setuju,Setuju,Setuju,Tidak Setuju,Tidak Setuju,7,7,7,7,6,7,7,7,Nasywaa Syifa,
15/09/2026 10:09:03,"Ya, Saya bersedia",ND,083874884386,banda aceh,Laki-laki,35,D-III / D-IV,Menikah,karyawan,5.500.000,10,25,2,Rumah Sewa,,,,,,,,,,,,,,Sering,Sering,Sering,Selalu,Sering,Sering,Sering,Selalu,Selalu,Sering,Sering,Selalu,Sering,Sering,Selalu,Sering,Sering,Sering,Sering,Kadang-kadang,Sering,Sering,Sering,Selalu,Kadang-kadang,Sering,Sering,Sering,Selalu,Jarang,Tidak Pernah,Tidak Pernah,Jarang,Tidak Pernah,Jarang,Tidak Pernah,Tidak Pernah,Jarang,Kadang-kadang,Kadang-kadang,Kadang-kadang,Sering,Kadang-kadang,Jarang,Kadang-kadang,Jarang,Kadang-kadang,Jarang,Jarang,Tidak Pernah,Jarang,Tidak Pernah,Jarang,Jarang,Sangat Tidak Setuju,Tidak Setuju,Tidak Setuju,Sangat Setuju,Tidak Setuju,Setuju,Sangat Tidak Setuju,Tidak Setuju,Tidak Setuju,Tidak Setuju,Setuju,Sangat Setuju,Tidak Setuju,Sangat Setuju,Sangat Setuju,Sangat Tidak Setuju,Sangat Setuju,Sangat Setuju,Setuju,Setuju,Sangat Setuju,Sangat Setuju,Setuju,Setuju,Tidak Setuju,Tidak Setuju,Sangat Setuju,Sangat Setuju,Sangat Tidak Setuju,Setuju,Sangat Setuju,Setuju,Setuju,Sangat Tidak Setuju,Sangat Setuju,Sangat Setuju,Setuju,Setuju,Tidak Setuju,Sangat Tidak Setuju,6,6,6,6,5,6,6,6,Nasywaa Syifa,
15/09/2026 10:14:43,"Ya, Saya bersedia",NT,082298237612,banda aceh,Laki-laki,45,SMA,Menikah,nelayan,4.000.000,20,25,2,Rumah Sendiri,,,,,,,,,,,,,,Sering,Kadang-kadang,Sering,Selalu,Sering,Sering,Selalu,Selalu,Sering,Sering,Sering,Sering,Selalu,Sering,Sering,Sering,Selalu,Sering,Selalu,Sering,Sering,Selalu,Selalu,Sering,Sering,Kadang-kadang,Sering,Selalu,Sering,Selalu,Kadang-kadang,Jarang,Jarang,Jarang,Jarang,Jarang,Tidak Pernah,Tidak Pernah,Tidak Pernah,Jarang,Kadang-kadang,Kadang-kadang,Sering,Kadang-kadang,Sering,Kadang-kadang,Sering,Kadang-kadang,Kadang-kadang,Kadang-kadang,Jarang,Jarang,Jarang,Jarang,Sangat Tidak Setuju,Sangat Tidak Setuju,Tidak Setuju,Tidak Setuju,Setuju,Tidak Setuju,Tidak Setuju,Sangat Tidak Setuju,Tidak Setuju,Setuju,Setuju,Sangat Setuju,Sangat Tidak Setuju,Sangat Setuju,Sangat Setuju,Tidak Setuju,Sangat Setuju,Setuju,Setuju,Setuju,Sangat Setuju,Setuju,Setuju,Setuju,Tidak Setuju,Tidak Setuju,Sangat Setuju,Sangat Setuju,Tidak Setuju,Setuju,Setuju,Setuju,Setuju,Sangat Tidak Setuju,Setuju,Setuju,Sangat Setuju,Setuju,Tidak Setuju,Tidak Setuju,7,5,5,8,7,3,7,8,Nasywaa Syifa,
15/09/2026 10:19:04,"Ya, Saya bersedia",HM,082371732931,banda aceh,Laki-laki,37,S1,Menikah,guru,6.500.000,14,24,3,Rumah Sendiri,,,,,,,,,,,,,,Kadang-kadang,Kadang-kadang,Sering,Sering,Selalu,Selalu,Selalu,Kadang-kadang,Kadang-kadang,Sering,Sering,Selalu,Selalu,Sering,Selalu,Selalu,Sering,Sering,Kadang-kadang,Sering,Selalu,Sering,Selalu,Sering,Selalu,Selalu,Sering,Sering,Selalu,Sering,Kadang-kadang,Kadang-kadang,Jarang,Tidak Pernah,Tidak Pernah,Tidak Pernah,Tidak Pernah,Tidak Pernah,Kadang-kadang,Jarang,Kadang-kadang,Kadang-kadang,Sering,Jarang,Jarang,Kadang-kadang,Kadang-kadang,Jarang,Kadang-kadang,Kadang-kadang,Jarang,Jarang,Tidak Pernah,Tidak Pernah,Tidak Setuju,Sangat Setuju,Setuju,Setuju,Tidak Setuju,Tidak Setuju,Tidak Setuju,Tidak Setuju,Setuju,Tidak Setuju,Setuju,Setuju,Sangat Tidak Setuju,Tidak Setuju,Setuju,Tidak Setuju,Setuju,Setuju,Tidak Setuju,Tidak Setuju,Setuju,Sangat Setuju,Setuju,Setuju,Setuju,Tidak Setuju,Setuju,Tidak Setuju,Tidak Setuju,Setuju,Sangat Setuju,Setuju,Setuju,Setuju,Tidak Setuju,Tidak Setuju,Setuju,Setuju,Setuju,Setuju,7,6,7,7,9,9,7,9,Nasywaa Syifa,
15/09/2026 10:29:26,"Ya, Saya bersedia",RN,085860538744,banda raya ,Perempuan,24,S1,Menikah,guru,5.300.000,2,22,1,Rumah Sendiri,,,,,,,,,,,,,,Sering,Selalu,Selalu,Selalu,Selalu,Sering,Sering,Sering,Sering,Sering,Selalu,Selalu,Sering,Sering,Selalu,Selalu,Sering,Sering,Selalu,Selalu,Sering,Sering,Sering,Sering,Sering,Sering,Sering,Selalu,Sering,Sering,Jarang,Tidak Pernah,Tidak Pernah,Jarang,Tidak Pernah,Tidak Pernah,Tidak Pernah,Jarang,Jarang,Jarang,Tidak Pernah,Kadang-kadang,Sering,Jarang,Kadang-kadang,Kadang-kadang,Kadang-kadang,Jarang,Tidak Pernah,Tidak Pernah,Tidak Pernah,Jarang,Jarang,Jarang,Tidak Setuju,Tidak Setuju,Tidak Setuju,Sangat Setuju,Sangat Tidak Setuju,Sangat Setuju,Sangat Tidak Setuju,Sangat Tidak Setuju,Sangat Tidak Setuju,Sangat Tidak Setuju,Sangat Setuju,Sangat Setuju,Sangat Tidak Setuju,Sangat Setuju,Sangat Setuju,Sangat Tidak Setuju,Sangat Setuju,Sangat Setuju,Setuju,Setuju,Setuju,Setuju,Setuju,Tidak Setuju,Tidak Setuju,Tidak Setuju,Sangat Setuju,Sangat Setuju,Tidak Setuju,Setuju,Setuju,Setuju,Sangat Tidak Setuju,Sangat Setuju,Sangat Setuju,Sangat Setuju,Sangat Setuju,Sangat Setuju,Sangat Tidak Setuju,Sangat Tidak Setuju,9,9,8,8,9,8,8,9,Nasywaa Syifa,
15/09/2026 10:33:14,"Ya, Saya bersedia",NA,082363078058,banda aceh,Laki-laki,41,SMA,Menikah,pedagang,6.200.000,12,29,4,Rumah Sendiri,,,,,,,,,,,,,,Sering,Selalu,Sering,Selalu,Sering,Kadang-kadang,Selalu,Sering,Sering,Sering,Selalu,Sering,Selalu,Selalu,Sering,Sering,Selalu,Sering,Sering,Sering,Selalu,Selalu,Sering,Sering,Kadang-kadang,Sering,Kadang-kadang,Sering,Selalu,Sering,Jarang,Tidak Pernah,Tidak Pernah,Jarang,Tidak Pernah,Jarang,Tidak Pernah,Tidak Pernah,Tidak Pernah,Jarang,Kadang-kadang,Sering,Sering,Kadang-kadang,Sering,Kadang-kadang,Kadang-kadang,Kadang-kadang,Tidak Pernah,Tidak Pernah,Tidak Pernah,Tidak Pernah,Jarang,Jarang,Sangat Tidak Setuju,Tidak Setuju,Sangat Tidak Setuju,Sangat Setuju,Sangat Tidak Setuju,Sangat Setuju,Sangat Tidak Setuju,Sangat Tidak Setuju,Sangat Tidak Setuju,Tidak Setuju,Setuju,Setuju,Tidak Setuju,Sangat Setuju,Sangat Setuju,Tidak Setuju,Setuju,Setuju,Setuju,Sangat Setuju,Tidak Setuju,Tidak Setuju,Tidak Setuju,Setuju,Sangat Setuju,Sangat Tidak Setuju,Setuju,Sangat Setuju,Sangat Tidak Setuju,Sangat Setuju,Sangat Setuju,Sangat Setuju,Sangat Setuju,Sangat Tidak Setuju,Setuju,Setuju,Setuju,Setuju,Tidak Setuju,Sangat Tidak Setuju,6,7,6,6,6,6,6,6,Nasywaa Syifa,
15/09/2026 10:37:37,"Ya, Saya bersedia",FT,081225828424,banda aceh,Perempuan,26,D-III / D-IV,Menikah,perawat,5.400.000,3,23,1,Rumah Sewa,,,,,,,,,,,,,,Selalu,Selalu,Selalu,Sering,Sering,Sering,Selalu,Sering,Sering,Kadang-kadang,Sering,Kadang-kadang,Sering,Sering,Sering,Sering,Sering,Sering,Selalu,Selalu,Selalu,Sering,Sering,Kadang-kadang,Sering,Sering,Kadang-kadang,Sering,Kadang-kadang,Sering,Kadang-kadang,Jarang,Jarang,Jarang,Jarang,Jarang,Jarang,Tidak Pernah,Jarang,Tidak Pernah,Tidak Pernah,Kadang-kadang,Kadang-kadang,Tidak Pernah,Kadang-kadang,Jarang,Jarang,Kadang-kadang,Kadang-kadang,Kadang-kadang,Jarang,Jarang,Jarang,Jarang,Sangat Tidak Setuju,Sangat Tidak Setuju,Sangat Tidak Setuju,Sangat Setuju,Sangat Tidak Setuju,Setuju,Sangat Tidak Setuju,Sangat Tidak Setuju,Sangat Tidak Setuju,Tidak Setuju,Sangat Setuju,Sangat Setuju,Sangat Tidak Setuju,Sangat Setuju,Sangat Setuju,Sangat Tidak Setuju,Setuju,Setuju,Sangat Setuju,Sangat Setuju,Sangat Tidak Setuju,Tidak Setuju,Tidak Setuju,Setuju,Sangat Setuju,Sangat Tidak Setuju,Sangat Setuju,Sangat Setuju,Sangat Tidak Setuju,Sangat Setuju,Sangat Setuju,Sangat Setuju,Sangat Setuju,Tidak Setuju,Sangat Setuju,Sangat Setuju,Setuju,Tidak Setuju,Tidak Setuju,Sangat Tidak Setuju,9,9,8,8,8,9,8,9,Nasywaa Syifa,
15/09/2026 10:44:54,"Ya, Saya bersedia",AN,085260686234,aceh selatan,Laki-laki,30,SMA,Menikah,pedagang,4.800.000,6,28,2,Rumah Sendiri,,,,,,,,,,,,,,Sering,Sering,Sering,Sering,Sering,Sering,Selalu,Sering,Sering,Selalu,Sering,Sering,Sering,Sering,Selalu,Sering,Selalu,Sering,Sering,Sering,Sering,Selalu,Sering,Selalu,Sering,Sering,Selalu,Sering,Sering,Sering,Jarang,Tidak Pernah,Tidak Pernah,Tidak Pernah,Jarang,Tidak Pernah,Jarang,Tidak Pernah,Jarang,Tidak Pernah,Jarang,Jarang,Jarang,Jarang,Jarang,Jarang,Jarang,Jarang,Tidak Pernah,Jarang,Tidak Pernah,Tidak Pernah,Tidak Pernah,Tidak Pernah,Tidak Setuju,Tidak Setuju,Tidak Setuju,Setuju,Sangat Tidak Setuju,Setuju,Tidak Setuju,Sangat Tidak Setuju,Sangat Tidak Setuju,Tidak Setuju,Sangat Setuju,Sangat Setuju,Tidak Setuju,Sangat Setuju,Sangat Setuju,Setuju,Sangat Setuju,Sangat Setuju,Sangat Setuju,Sangat Setuju,Sangat Setuju,Setuju,Setuju,Tidak Setuju,Tidak Setuju,Sangat Tidak Setuju,Sangat Setuju,Setuju,Sangat Tidak Setuju,Sangat Setuju,Sangat Setuju,Sangat Setuju,Setuju,Tidak Setuju,Sangat Setuju,Setuju,Sangat Setuju,Sangat Setuju,Tidak Setuju,Sangat Tidak Setuju,8,7,7,7,7,7,8,7,Nasywaa Syifa,
15/09/2026 11:45:38,"Ya, Saya bersedia",NS,0895610442649,banda aceh lamprit,Laki-laki,37,SMA,Menikah,nelayan,4.000.000,13,24,2,Rumah Sendiri,,,,,,,,,,,,,,Selalu,Selalu,Kadang-kadang,Sering,Selalu,Sering,Selalu,Sering,Selalu,Selalu,Selalu,Sering,Sering,Selalu,Sering,Sering,Sering,Sering,Sering,Sering,Sering,Selalu,Sering,Sering,Selalu,Sering,Selalu,Sering,Sering,Selalu,Tidak Pernah,Tidak Pernah,Tidak Pernah,Jarang,Tidak Pernah,Jarang,Jarang,Tidak Pernah,Tidak Pernah,Jarang,Kadang-kadang,Kadang-kadang,Jarang,Jarang,Jarang,Jarang,Jarang,Jarang,Jarang,Jarang,Tidak Pernah,Jarang,Jarang,Tidak Pernah,Tidak Setuju,Sangat Tidak Setuju,Tidak Setuju,Sangat Setuju,Setuju,Tidak Setuju,Sangat Tidak Setuju,Sangat Tidak Setuju,Tidak Setuju,Tidak Setuju,Setuju,Sangat Setuju,Sangat Tidak Setuju,Sangat Setuju,Sangat Setuju,Tidak Setuju,Sangat Setuju,Sangat Setuju,Setuju,Setuju,Sangat Setuju,Sangat Setuju,Sangat Setuju,Setuju,Tidak Setuju,Tidak Setuju,Sangat Setuju,Sangat Setuju,Sangat Tidak Setuju,Setuju,Sangat Setuju,Setuju,Sangat Setuju,Sangat Tidak Setuju,Setuju,Sangat Setuju,Setuju,Sangat Setuju,Tidak Setuju,Sangat Tidak Setuju,8,8,8,8,8,8,7,7,Nasywaa Syifa,
15/09/2026 11:49:44,"Ya, Saya bersedia",JL,081265584636,banda aceh pango,Laki-laki,34,D-III / D-IV,Menikah,wiraswasta,4.500.000,9,25,1,Rumah Sewa,,,,,,,,,,,,,,Jarang,Kadang-kadang,Jarang,Kadang-kadang,Kadang-kadang,Kadang-kadang,Kadang-kadang,Kadang-kadang,Kadang-kadang,Jarang,Kadang-kadang,Jarang,Kadang-kadang,Sering,Kadang-kadang,Kadang-kadang,Kadang-kadang,Kadang-kadang,Kadang-kadang,Kadang-kadang,Sering,Sering,Sering,Kadang-kadang,Kadang-kadang,Sering,Sering,Sering,Sering,Kadang-kadang,Kadang-kadang,Jarang,Jarang,Kadang-kadang,Jarang,Jarang,Kadang-kadang,Jarang,Jarang,Jarang,Kadang-kadang,Jarang,Jarang,Jarang,Jarang,Kadang-kadang,Kadang-kadang,Jarang,Kadang-kadang,Sering,Sering,Kadang-kadang,Kadang-kadang,Kadang-kadang,Sangat Tidak Setuju,Sangat Tidak Setuju,Sangat Tidak Setuju,Sangat Setuju,Sangat Tidak Setuju,Sangat Setuju,Sangat Tidak Setuju,Sangat Tidak Setuju,Tidak Setuju,Sangat Tidak Setuju,Sangat Setuju,Sangat Setuju,Sangat Tidak Setuju,Sangat Setuju,Sangat Setuju,Sangat Tidak Setuju,Sangat Setuju,Sangat Setuju,Sangat Setuju,Sangat Setuju,Sangat Setuju,Sangat Setuju,Sangat Setuju,Sangat Tidak Setuju,Tidak Setuju,Sangat Tidak Setuju,Sangat Setuju,Sangat Setuju,Sangat Tidak Setuju,Sangat Setuju,Sangat Setuju,Sangat Setuju,Sangat Setuju,Sangat Tidak Setuju,Sangat Setuju,Sangat Setuju,Sangat Setuju,Sangat Setuju,Sangat Tidak Setuju,Sangat Setuju,6,6,6,6,5,6,6,6,Nasywaa Syifa,
15/09/2026 11:54:21,"Ya, Saya bersedia",KZ,082370206465,banda raya ,Laki-laki,48,SMA,Menikah,pedagang,5.000.000,19,29,4,Rumah Sendiri,,,,,,,,,,,,,,Kadang-kadang,Kadang-kadang,Jarang,Jarang,Kadang-kadang,Kadang-kadang,Kadang-kadang,Kadang-kadang,Kadang-kadang,Jarang,Jarang,Sering,Kadang-kadang,Sering,Kadang-kadang,Kadang-kadang,Jarang,Jarang,Kadang-kadang,Kadang-kadang,Sering,Sering,Sering,Kadang-kadang,Kadang-kadang,Sering,Sering,Sering,Sering,Kadang-kadang,Kadang-kadang,Jarang,Jarang,Jarang,Jarang,Jarang,Kadang-kadang,Kadang-kadang,Jarang,Jarang,Jarang,Kadang-kadang,Kadang-kadang,Jarang,Kadang-kadang,Kadang-kadang,Kadang-kadang,Kadang-kadang,Kadang-kadang,Kadang-kadang,Kadang-kadang,Kadang-kadang,Kadang-kadang,Kadang-kadang,Sangat Tidak Setuju,Sangat Tidak Setuju,Sangat Tidak Setuju,Sangat Setuju,Sangat Tidak Setuju,Setuju,Tidak Setuju,Sangat Tidak Setuju,Tidak Setuju,Sangat Tidak Setuju,Sangat Setuju,Sangat Setuju,Sangat Tidak Setuju,Sangat Setuju,Setuju,Sangat Tidak Setuju,Sangat Setuju,Setuju,Sangat Setuju,Setuju,Sangat Setuju,Sangat Setuju,Sangat Setuju,Sangat Tidak Setuju,Tidak Setuju,Sangat Tidak Setuju,Sangat Setuju,Sangat Setuju,Sangat Tidak Setuju,Sangat Setuju,Sangat Setuju,Sangat Setuju,Sangat Setuju,Sangat Tidak Setuju,Sangat Setuju,Setuju,Sangat Setuju,Setuju,Sangat Tidak Setuju,Setuju,5,5,5,6,4,6,5,5,Nasywaa Syifa,
15/09/2026 12:03:08,"Ya, Saya bersedia",KH,082362881736,banda aceh,Perempuan,36,S1,Menikah,karyawan,5.500.000,12,24,3,Rumah Sendiri,,,,,,,,,,,,,,Kadang-kadang,Jarang,Kadang-kadang,Kadang-kadang,Jarang,Jarang,Jarang,Kadang-kadang,Kadang-kadang,Kadang-kadang,Kadang-kadang,Kadang-kadang,Kadang-kadang,Kadang-kadang,Jarang,Kadang-kadang,Kadang-kadang,Kadang-kadang,Kadang-kadang,Kadang-kadang,Sering,Sering,Sering,Kadang-kadang,Sering,Sering,Kadang-kadang,Sering,Sering,Kadang-kadang,Kadang-kadang,Jarang,Jarang,Jarang,Jarang,Jarang,Sering,Sering,Jarang,Jarang,Jarang,Kadang-kadang,Kadang-kadang,Jarang,Kadang-kadang,Kadang-kadang,Kadang-kadang,Kadang-kadang,Kadang-kadang,Kadang-kadang,Jarang,Kadang-kadang,Sering,Sering,Sangat Tidak Setuju,Sangat Tidak Setuju,Sangat Tidak Setuju,Sangat Setuju,Sangat Tidak Setuju,Sangat Setuju,Sangat Tidak Setuju,Sangat Tidak Setuju,Tidak Setuju,Sangat Tidak Setuju,Sangat Setuju,Sangat Setuju,Sangat Tidak Setuju,Sangat Setuju,Sangat Setuju,Sangat Tidak Setuju,Sangat Setuju,Sangat Setuju,Sangat Setuju,Sangat Setuju,Sangat Setuju,Sangat Setuju,Sangat Setuju,Sangat Tidak Setuju,Tidak Setuju,Sangat Tidak Setuju,Sangat Setuju,Sangat Setuju,Sangat Tidak Setuju,Sangat Setuju,Sangat Setuju,Sangat Setuju,Sangat Setuju,Sangat Tidak Setuju,Sangat Setuju,Sangat Setuju,Sangat Setuju,Sangat Setuju,Sangat Tidak Setuju,Sangat Setuju,6,4,5,6,6,6,6,6,Nasywaa Syifa,
15/09/2026 12:31:22,"Ya, Saya bersedia",RA,081262419246,Aceh selatan,Perempuan,34,SMA,Menikah,wirausaha,3.500.000,10,24,2,Rumah Keluarga,,,,,,,,,,,,,,Selalu,Selalu,Sering,Selalu,Selalu,Sering,Sering,Sering,Selalu,Sering,Selalu,Sering,Sering,Sering,Sering,Sering,Selalu,Sering,Selalu,Sering,Sering,Sering,Kadang-kadang,Sering,Sering,Selalu,Selalu,Sering,Sering,Selalu,Jarang,Kadang-kadang,Jarang,Jarang,Jarang,Jarang,Jarang,Jarang,Jarang,Kadang-kadang,Kadang-kadang,Sering,Sering,Kadang-kadang,Sering,Sering,Kadang-kadang,Kadang-kadang,Jarang,Jarang,Tidak Pernah,Tidak Pernah,Tidak Pernah,Jarang,Sangat Tidak Setuju,Tidak Setuju,Sangat Tidak Setuju,Sangat Setuju,Tidak Setuju,Setuju,Tidak Setuju,Tidak Setuju,Tidak Setuju,Tidak Setuju,Setuju,Tidak Setuju,Sangat Tidak Setuju,Sangat Setuju,Sangat Setuju,Tidak Setuju,Sangat Setuju,Setuju,Setuju,Sangat Setuju,Setuju,Sangat Setuju,Setuju,Setuju,Tidak Setuju,Setuju,Sangat Setuju,Sangat Setuju,Sangat Tidak Setuju,Setuju,Setuju,Setuju,Sangat Setuju,Tidak Setuju,Setuju,Sangat Setuju,Setuju,Tidak Setuju,Tidak Setuju,Tidak Setuju,7,7,7,7,6,7,7,7,Nasywaa Syifa,
15/09/2026 12:37:20,"Ya, Saya bersedia",WA,089560341827,Banda Aceh,Laki-laki,28,S1,Menikah,Karyawan Swasta,6.500.000,26,2,1,Rumah Sewa,,,,,,,,,,,,,,Sering,Selalu,Sering,Sering,Selalu,Sering,Sering,Sering,Sering,Selalu,Sering,Selalu,Selalu,Sering,Sering,Sering,Sering,Selalu,Sering,Sering,Sering,Selalu,Sering,Selalu,Sering,Sering,Selalu,Selalu,Sering,Selalu,Sering,Sering,Sering,Jarang,Tidak Pernah,Jarang,Tidak Pernah,Jarang,Tidak Pernah,Jarang,Kadang-kadang,Kadang-kadang,Sering,Sering,Sering,Kadang-kadang,Sering,Sering,Jarang,Tidak Pernah,Jarang,Jarang,Jarang,Tidak Pernah,Sangat Tidak Setuju,Sangat Tidak Setuju,Tidak Setuju,Setuju,Setuju,Tidak Setuju,Sangat Tidak Setuju,Tidak Setuju,Tidak Setuju,Tidak Setuju,Setuju,Sangat Setuju,Tidak Setuju,Sangat Setuju,Sangat Setuju,Tidak Setuju,Sangat Setuju,Sangat Setuju,Setuju,Sangat Setuju,Sangat Setuju,Sangat Setuju,Sangat Setuju,Setuju,Tidak Setuju,Tidak Setuju,Sangat Setuju,Setuju,Sangat Tidak Setuju,Sangat Setuju,Setuju,Setuju,Setuju,Sangat Tidak Setuju,Setuju,Setuju,Setuju,Setuju,Tidak Setuju,Tidak Setuju,8,8,8,8,7,8,8,8,Nasywaa Syifa,
15/09/2026 12:48:31,"Ya, Saya bersedia",W,-,Aceh Besar,Perempuan,29,S1,Menikah,bidan,7.000.000,4,25,2,Rumah Sendiri,,,,,,,,,,,,,,Sering,Kadang-kadang,Selalu,Selalu,Sering,Sering,Sering,Selalu,Sering,Sering,Selalu,Sering,Sering,Sering,Sering,Sering,Sering,Sering,Selalu,Selalu,Selalu,Sering,Sering,Kadang-kadang,Selalu,Sering,Selalu,Sering,Selalu,Sering,Jarang,Tidak Pernah,Jarang,Tidak Pernah,Tidak Pernah,Tidak Pernah,Jarang,Jarang,Tidak Pernah,Jarang,Kadang-kadang,Kadang-kadang,Sering,Kadang-kadang,Sering,Kadang-kadang,Sering,Kadang-kadang,Kadang-kadang,Jarang,Jarang,Jarang,Jarang,Jarang,Tidak Setuju,Sangat Tidak Setuju,Sangat Tidak Setuju,Sangat Setuju,Tidak Setuju,Setuju,Sangat Tidak Setuju,Sangat Tidak Setuju,Tidak Setuju,Tidak Setuju,Setuju,Sangat Setuju,Setuju,Tidak Setuju,Sangat Setuju,Setuju,Sangat Setuju,Setuju,Setuju,Setuju,Sangat Tidak Setuju,Setuju,Setuju,Setuju,Sangat Setuju,Sangat Tidak Setuju,Sangat Setuju,Setuju,Tidak Setuju,Sangat Setuju,Setuju,Sangat Setuju,Setuju,Tidak Setuju,Setuju,Sangat Setuju,Setuju,Sangat Setuju,Tidak Setuju,Sangat Tidak Setuju,9,8,9,8,8,8,8,8,Nasywaa Syifa,
15/09/2026 12:53:45,"Ya, Saya bersedia",WL,085372649401,meulaboh,Laki-laki,37,SMA,Menikah,Sopir,4.000.000,7,30,3,Rumah Sendiri,,,,,,,,,,,,,,Sering,Sering,Sering,Sering,Selalu,Selalu,Selalu,Selalu,Sering,Sering,Selalu,Sering,Sering,Sering,Selalu,Sering,Sering,Sering,Sering,Sering,Selalu,Selalu,Sering,Sering,Selalu,Sering,Selalu,Sering,Selalu,Sering,Selalu,Selalu,Sering,Selalu,Sering,Kadang-kadang,Kadang-kadang,Kadang-kadang,Jarang,Kadang-kadang,Kadang-kadang,Selalu,Selalu,Selalu,Selalu,Selalu,Selalu,Kadang-kadang,Kadang-kadang,Kadang-kadang,Jarang,Kadang-kadang,Jarang,Jarang,Tidak Setuju,Sangat Tidak Setuju,Sangat Tidak Setuju,Sangat Setuju,Tidak Setuju,Setuju,Tidak Setuju,Tidak Setuju,Tidak Setuju,Tidak Setuju,Setuju,Sangat Setuju,Sangat Tidak Setuju,Sangat Setuju,Sangat Setuju,Sangat Tidak Setuju,Sangat Setuju,Setuju,Setuju,Sangat Setuju,Sangat Setuju,Sangat Setuju,Tidak Setuju,Setuju,Tidak Setuju,Sangat Tidak Setuju,Sangat Setuju,Sangat Setuju,Tidak Setuju,Sangat Setuju,Setuju,Sangat Setuju,Sangat Setuju,Sangat Tidak Setuju,Setuju,Sangat Setuju,Setuju,Setuju,Tidak Setuju,Tidak Setuju,4,5,4,3,1,5,3,4,Nasywaa Syifa,
15/09/2026 13:00:35,"Ya, Saya bersedia",X,082274715782,Bener meriah,Perempuan,30,S1,Menikah,guru,6.000.000,6,24,2,Rumah Sendiri,,,,,,,,,,,,,,Selalu,Sering,Sering,Sering,Sering,Sering,Sering,Selalu,Sering,Sering,Selalu,Sering,Selalu,Sering,Selalu,Sering,Sering,Sering,Selalu,Selalu,Sering,Sering,Selalu,Selalu,Sering,Sering,Sering,Selalu,Sering,Sering,Selalu,Selalu,Sering,Jarang,Jarang,Jarang,Tidak Pernah,Tidak Pernah,Jarang,Jarang,Kadang-kadang,Sering,Sering,Sering,Sering,Kadang-kadang,Sering,Kadang-kadang,Jarang,Jarang,Tidak Pernah,Jarang,Jarang,Jarang,Sangat Tidak Setuju,Sangat Tidak Setuju,Sangat Tidak Setuju,Sangat Setuju,Tidak Setuju,Setuju,Tidak Setuju,Sangat Tidak Setuju,Tidak Setuju,Tidak Setuju,Setuju,Sangat Setuju,Tidak Setuju,Sangat Setuju,Sangat Setuju,Tidak Setuju,Sangat Setuju,Setuju,Setuju,Setuju,Setuju,Sangat Setuju,Setuju,Sangat Setuju,Tidak Setuju,Tidak Setuju,Sangat Setuju,Setuju,Sangat Tidak Setuju,Setuju,Setuju,Setuju,Sangat Setuju,Sangat Tidak Setuju,Sangat Setuju,Sangat Setuju,Setuju,Setuju,Tidak Setuju,Sangat Tidak Setuju,8,8,7,7,6,6,7,6,Nasywaa Syifa,
15/09/2026 13:07:36,"Ya, Saya bersedia",MY,-,pidie jaya,Perempuan,33,SMA,Menikah,penjahit,4.000.000,6,27,3,Rumah Sendiri,,,,,,,,,,,,,,Jarang,Jarang,Jarang,Jarang,Tidak Pernah,Jarang,Kadang-kadang,Kadang-kadang,Kadang-kadang,Kadang-kadang,Kadang-kadang,Kadang-kadang,Tidak Pernah,Jarang,Tidak Pernah,Kadang-kadang,Jarang,Jarang,Jarang,Kadang-kadang,Jarang,Kadang-kadang,Tidak Pernah,Jarang,Jarang,Kadang-kadang,Kadang-kadang,Kadang-kadang,Jarang,Jarang,Sering,Sering,Sering,Sering,Sering,Sering,Sering,Selalu,Selalu,Sering,Sering,Kadang-kadang,Kadang-kadang,Kadang-kadang,Kadang-kadang,Kadang-kadang,Kadang-kadang,Jarang,Kadang-kadang,Sering,Sering,Sering,Sering,Sering,Sangat Tidak Setuju,Tidak Setuju,Tidak Setuju,Tidak Setuju,Sangat Tidak Setuju,Sangat Setuju,Tidak Setuju,Tidak Setuju,Sangat Tidak Setuju,Tidak Setuju,Sangat Setuju,Sangat Setuju,Sangat Tidak Setuju,Sangat Setuju,Setuju,Sangat Tidak Setuju,Sangat Setuju,Setuju,Sangat Setuju,Sangat Setuju,Sangat Setuju,Sangat Setuju,Sangat Setuju,Tidak Setuju,Sangat Tidak Setuju,Sangat Tidak Setuju,Sangat Tidak Setuju,Sangat Setuju,Sangat Setuju,Sangat Tidak Setuju,Sangat Setuju,Sangat Setuju,Setuju,Setuju,Sangat Setuju,Sangat Setuju,Sangat Setuju,Sangat Setuju,Sangat Tidak Setuju,Sangat Tidak Setuju,7,8,8,7,7,7,7,8,Nasywaa Syifa,
15/09/2026 13:22:53,"Ya, Saya bersedia",DW,082360282991,lueng bata,Perempuan,44,SMA,Menikah,pedagang,5.000.000,18,27,3,Rumah Sendiri,,,,,,,,,,,,,,Jarang,Kadang-kadang,Kadang-kadang,Kadang-kadang,Kadang-kadang,Kadang-kadang,Kadang-kadang,Kadang-kadang,Kadang-kadang,Kadang-kadang,Kadang-kadang,Kadang-kadang,Kadang-kadang,Kadang-kadang,Kadang-kadang,Kadang-kadang,Kadang-kadang,Kadang-kadang,Kadang-kadang,Kadang-kadang,Sering,Sering,Sering,Sering,Kadang-kadang,Sering,Sering,Sering,Sering,Sering,Kadang-kadang,Jarang,Jarang,Jarang,Jarang,Jarang,Kadang-kadang,Kadang-kadang,Jarang,Jarang,Jarang,Kadang-kadang,Kadang-kadang,Kadang-kadang,Jarang,Jarang,Jarang,Jarang,Kadang-kadang,Kadang-kadang,Kadang-kadang,Kadang-kadang,Kadang-kadang,Kadang-kadang,Sangat Tidak Setuju,Sangat Tidak Setuju,Sangat Tidak Setuju,Sangat Setuju,Sangat Tidak Setuju,Setuju,Sangat Tidak Setuju,Sangat Tidak Setuju,Tidak Setuju,Sangat Tidak Setuju,Sangat Setuju,Sangat Setuju,Sangat Tidak Setuju,Sangat Setuju,Sangat Setuju,Sangat Tidak Setuju,Sangat Setuju,Sangat Setuju,Sangat Setuju,Sangat Setuju,Sangat Setuju,Sangat Setuju,Sangat Setuju,Sangat Tidak Setuju,Sangat Tidak Setuju,Sangat Tidak Setuju,Sangat Setuju,Sangat Setuju,Sangat Tidak Setuju,Sangat Setuju,Sangat Setuju,Sangat Setuju,Sangat Setuju,Sangat Tidak Setuju,Sangat Setuju,Sangat Setuju,Sangat Setuju,Sangat Setuju,Sangat Tidak Setuju,Sangat Setuju,6,6,6,6,5,6,6,6,Nasywaa Syifa,
15/09/2026 13:29:06,"Ya, Saya bersedia",FT,082368546520,banda aceh baiturrahman,Perempuan,34,S1,Menikah,karyawan,5:000.000,9,25,1,Rumah Sewa,,,,,,,,,,,,,,Kadang-kadang,Jarang,Kadang-kadang,Kadang-kadang,Jarang,Jarang,Jarang,Kadang-kadang,Kadang-kadang,Jarang,Kadang-kadang,Kadang-kadang,Jarang,Kadang-kadang,Kadang-kadang,Jarang,Jarang,Kadang-kadang,Kadang-kadang,Kadang-kadang,Sering,Sering,Sering,Kadang-kadang,Kadang-kadang,Sering,Sering,Sering,Sering,Kadang-kadang,Kadang-kadang,Jarang,Jarang,Jarang,Jarang,Jarang,Kadang-kadang,Kadang-kadang,Jarang,Jarang,Jarang,Kadang-kadang,Kadang-kadang,Kadang-kadang,Jarang,Jarang,Jarang,Jarang,Kadang-kadang,Kadang-kadang,Jarang,Kadang-kadang,Jarang,Kadang-kadang,Tidak Setuju,Tidak Setuju,Tidak Setuju,Tidak Setuju,Tidak Setuju,Setuju,Tidak Setuju,Tidak Setuju,Tidak Setuju,Setuju,Setuju,Tidak Setuju,Setuju,Setuju,Setuju,Tidak Setuju,Setuju,Setuju,Setuju,Setuju,Setuju,Setuju,Setuju,Tidak Setuju,Tidak Setuju,Tidak Setuju,Setuju,Setuju,Setuju,Setuju,Setuju,Setuju,Setuju,Tidak Setuju,Setuju,Setuju,Setuju,Setuju,Tidak Setuju,Setuju,6,6,6,6,4,6,6,6,Nasywaa Syifa,
15/09/2026 13:36:33,"Ya, Saya bersedia",FR,085217230528,meuraxa banda aceh,Laki-laki,cerai hidup ,SMA,Cerai Hidup,pedagang,4.500.000,,,,,permasalah ekonomi,12,28,40,3,Rumah Sendiri,,,,,,,,Jarang,Kadang-kadang,Jarang,Jarang,Jarang,Jarang,Kadang-kadang,Kadang-kadang,Kadang-kadang,Kadang-kadang,Jarang,Kadang-kadang,Kadang-kadang,Kadang-kadang,Kadang-kadang,Kadang-kadang,Kadang-kadang,Kadang-kadang,Kadang-kadang,Kadang-kadang,Kadang-kadang,Kadang-kadang,Kadang-kadang,Kadang-kadang,Kadang-kadang,Kadang-kadang,Kadang-kadang,Kadang-kadang,Kadang-kadang,Kadang-kadang,Jarang,Jarang,Jarang,Jarang,Jarang,Jarang,Jarang,Jarang,Jarang,Jarang,Jarang,Jarang,Jarang,Jarang,Jarang,Jarang,Jarang,Jarang,Jarang,Jarang,Jarang,Jarang,Jarang,Jarang,Sangat Tidak Setuju,Sangat Tidak Setuju,Sangat Tidak Setuju,Sangat Setuju,Sangat Tidak Setuju,Sangat Setuju,Sangat Tidak Setuju,Sangat Tidak Setuju,Tidak Setuju,Sangat Tidak Setuju,Sangat Setuju,Sangat Setuju,Sangat Setuju,Sangat Tidak Setuju,Sangat Setuju,Sangat Setuju,Sangat Setuju,Sangat Setuju,Sangat Setuju,Sangat Setuju,Sangat Setuju,Sangat Setuju,Sangat Setuju,Sangat Tidak Setuju,Sangat Tidak Setuju,Sangat Tidak Setuju,Sangat Setuju,Sangat Setuju,Sangat Setuju,Sangat Tidak Setuju,Sangat Setuju,Sangat Setuju,Sangat Setuju,Sangat Setuju,Sangat Tidak Setuju,Sangat Setuju,Sangat Setuju,Sangat Setuju,Sangat Tidak Setuju,Sangat Setuju,4,4,4,4,4,4,4,4,Nasywaa Syifa,
15/09/2026 13:42:41,"Ya, Saya bersedia",WN,085277939926,meuraxa,Laki-laki,39,D-III / D-IV,Menikah,pengusaha,6.000.000,14,25,2,Rumah Sendiri,,,,,,,,,,,,,,Sering,Sering,Sering,Sering,Sering,Sering,Sering,Sering,Selalu,Selalu,Sering,Sering,Sering,Selalu,Selalu,Selalu,Sering,Sering,Sering,Sering,Sering,Sering,Sering,Sering,Selalu,Selalu,Selalu,Selalu,Selalu,Sering,Jarang,Jarang,Jarang,Tidak Pernah,Tidak Pernah,Tidak Pernah,Tidak Pernah,Jarang,Tidak Pernah,Tidak Pernah,Tidak Pernah,Jarang,Jarang,Jarang,Jarang,Jarang,Jarang,Jarang,Jarang,Jarang,Tidak Pernah,Tidak Pernah,Tidak Pernah,Tidak Pernah,Sangat Tidak Setuju,Tidak Setuju,Tidak Setuju,Sangat Setuju,Sangat Tidak Setuju,Sangat Setuju,Sangat Tidak Setuju,Sangat Tidak Setuju,Sangat Tidak Setuju,Sangat Tidak Setuju,Sangat Setuju,Sangat Setuju,Sangat Tidak Setuju,Sangat Setuju,Sangat Setuju,Sangat Tidak Setuju,Sangat Setuju,Sangat Setuju,Sangat Setuju,Sangat Setuju,Sangat Setuju,Sangat Setuju,Sangat Setuju,Sangat Tidak Setuju,Sangat Tidak Setuju,Sangat Tidak Setuju,Sangat Setuju,Sangat Setuju,Sangat Tidak Setuju,Sangat Setuju,Sangat Setuju,Sangat Setuju,Sangat Setuju,Sangat Tidak Setuju,Sangat Setuju,Sangat Setuju,Sangat Setuju,Sangat Setuju,Sangat Tidak Setuju,Sangat Setuju,3,4,3,3,3,3,4,4,Nasywaa Syifa,
15/09/2026 13:50:10,"Ya, Saya bersedia",RAY,082363303339,baiturrahman banda aceh,Laki-laki,27,SMA,Menikah,nelayan,4.500.000,3,24,1,Rumah Sendiri,,,,,,,,,,,,,,Sering,Kadang-kadang,Sering,Selalu,Selalu,Sering,Selalu,Selalu,Sering,Sering,Kadang-kadang,Kadang-kadang,Kadang-kadang,Sering,Sering,Kadang-kadang,Sering,Selalu,Sering,Sering,Sering,Kadang-kadang,Kadang-kadang,Kadang-kadang,Kadang-kadang,Kadang-kadang,Kadang-kadang,Sering,Sering,Kadang-kadang,Jarang,Jarang,Tidak Pernah,Jarang,Jarang,Jarang,Tidak Pernah,Tidak Pernah,Tidak Pernah,Tidak Pernah,Kadang-kadang,Kadang-kadang,Kadang-kadang,Tidak Pernah,Tidak Pernah,Tidak Pernah,Tidak Pernah,Tidak Pernah,Jarang,Kadang-kadang,Jarang,Tidak Pernah,Tidak Pernah,Jarang,Sangat Tidak Setuju,Sangat Tidak Setuju,Tidak Setuju,Setuju,Sangat Tidak Setuju,Setuju,Tidak Setuju,Sangat Tidak Setuju,Tidak Setuju,Tidak Setuju,Sangat Setuju,Setuju,Tidak Setuju,Setuju,Sangat Setuju,Sangat Tidak Setuju,Setuju,Setuju,Sangat Tidak Setuju,Setuju,Sangat Setuju,Setuju,Setuju,Tidak Setuju,Tidak Setuju,Sangat Tidak Setuju,Sangat Setuju,Setuju,Sangat Tidak Setuju,Setuju,Sangat Setuju,Sangat Tidak Setuju,Setuju,Sangat Tidak Setuju,Setuju,Tidak Setuju,Sangat Setuju,Setuju,Tidak Setuju,Sangat Setuju,4,4,4,4,4,4,4,4,Nasywaa Syifa,
15/09/2026 13:58:03,"Ya, Saya bersedia",NY,081264033756,banda aceh baiturrahman,Perempuan,32,S1,Menikah,karyawan,5.000.000,8,24,1,Rumah Sewa,,,,,,,,,,,,,,Sering,Selalu,Selalu,Selalu,Sering,Sering,Selalu,Selalu,Sering,Sering,Sering,Selalu,Sering,Sering,Selalu,Selalu,Selalu,Selalu,Sering,Sering,Selalu,Sering,Selalu,Sering,Sering,Kadang-kadang,Sering,Selalu,Sering,Sering,Jarang,Jarang,Jarang,Jarang,Jarang,Tidak Pernah,Tidak Pernah,Tidak Pernah,Tidak Pernah,Tidak Pernah,Tidak Pernah,Tidak Pernah,Tidak Pernah,Tidak Pernah,Kadang-kadang,Kadang-kadang,Kadang-kadang,Jarang,Jarang,Tidak Pernah,Tidak Pernah,Tidak Pernah,Tidak Pernah,Jarang,Sangat Tidak Setuju,Sangat Tidak Setuju,Tidak Setuju,Setuju,Setuju,Tidak Setuju,Sangat Tidak Setuju,Sangat Setuju,Setuju,Setuju,Sangat Setuju,Tidak Setuju,Tidak Setuju,Sangat Setuju,Sangat Setuju,Sangat Tidak Setuju,Sangat Setuju,Setuju,Setuju,Sangat Setuju,Sangat Setuju,Sangat Setuju,Setuju,Setuju,Tidak Setuju,Sangat Tidak Setuju,Sangat Setuju,Sangat Setuju,Sangat Tidak Setuju,Sangat Setuju,Setuju,Setuju,Setuju,Sangat Tidak Setuju,Sangat Setuju,Setuju,Tidak Setuju,Tidak Setuju,Tidak Setuju,Sangat Tidak Setuju,6,7,7,6,5,6,5,5,Nasywaa Syifa,
15/09/2026 14:52:59,"Ya, Saya bersedia",HF,085261002601,Aceh Tamiang,Laki-laki,45,S1,Menikah,PNS,7.500.000,17,28,4,Rumah Sendiri,,,,,,,,,,,,,,Jarang,Kadang-kadang,Jarang,Jarang,Jarang,Jarang,Jarang,Kadang-kadang,Kadang-kadang,Jarang,Kadang-kadang,Kadang-kadang,Jarang,Kadang-kadang,Kadang-kadang,Jarang,Jarang,Kadang-kadang,Kadang-kadang,Kadang-kadang,Kadang-kadang,Kadang-kadang,Sering,Kadang-kadang,Kadang-kadang,Kadang-kadang,Kadang-kadang,Sering,Kadang-kadang,Kadang-kadang,Jarang,Jarang,Jarang,Jarang,Tidak Pernah,Tidak Pernah,Jarang,Jarang,Tidak Pernah,Tidak Pernah,Jarang,Jarang,Kadang-kadang,Jarang,Kadang-kadang,Jarang,Kadang-kadang,Kadang-kadang,Kadang-kadang,Kadang-kadang,Kadang-kadang,Jarang,Jarang,Jarang,Sangat Tidak Setuju,Sangat Tidak Setuju,Sangat Tidak Setuju,Sangat Setuju,Tidak Setuju,Sangat Setuju,Sangat Tidak Setuju,Sangat Tidak Setuju,Tidak Setuju,Sangat Tidak Setuju,Sangat Setuju,Sangat Setuju,Sangat Tidak Setuju,Sangat Setuju,Sangat Setuju,Sangat Tidak Setuju,Sangat Setuju,Sangat Setuju,Sangat Setuju,Sangat Setuju,Sangat Setuju,Sangat Setuju,Sangat Setuju,Sangat Tidak Setuju,Tidak Setuju,Sangat Tidak Setuju,Sangat Setuju,Sangat Setuju,Sangat Tidak Setuju,Sangat Setuju,Sangat Setuju,Sangat Setuju,Sangat Setuju,Sangat Tidak Setuju,Sangat Setuju,Sangat Setuju,Sangat Setuju,Sangat Setuju,Sangat Tidak Setuju,Sangat Setuju,6,6,5,6,4,5,5,5,Nasywaa Syifa,
15/09/2026 15:00:00,"Ya, Saya bersedia",EY,081361155145,Aceh Jaya,Perempuan,32,S1,Menikah,wirausaha,7.000.000,6,26,2,Rumah Sendiri,,,,,,,,,,,,,,Selalu,Selalu,Sering,Sering,Sering,Selalu,Sering,Selalu,Selalu,Sering,Selalu,Selalu,Sering,Sering,Sering,Selalu,Selalu,Sering,Selalu,Selalu,Selalu,Selalu,Selalu,Selalu,Selalu,Selalu,Selalu,Selalu,Sering,Selalu,Tidak Pernah,Tidak Pernah,Tidak Pernah,Jarang,Tidak Pernah,Jarang,Tidak Pernah,Tidak Pernah,Jarang,Tidak Pernah,Jarang,Tidak Pernah,Jarang,Tidak Pernah,Jarang,Jarang,Jarang,Jarang,Jarang,Jarang,Jarang,Tidak Pernah,Tidak Pernah,Tidak Pernah,Sangat Tidak Setuju,Sangat Tidak Setuju,Tidak Setuju,Sangat Setuju,Sangat Tidak Setuju,Setuju,Sangat Tidak Setuju,Sangat Tidak Setuju,Sangat Tidak Setuju,Tidak Setuju,Tidak Setuju,Sangat Setuju,Sangat Tidak Setuju,Sangat Setuju,Sangat Setuju,Sangat Tidak Setuju,Sangat Setuju,Setuju,Sangat Setuju,Sangat Setuju,Setuju,Sangat Setuju,Sangat Setuju,Setuju,Tidak Setuju,Tidak Setuju,Sangat Setuju,Sangat Setuju,Tidak Setuju,Sangat Setuju,Sangat Setuju,Setuju,Sangat Setuju,Sangat Tidak Setuju,Sangat Setuju,Sangat Setuju,Setuju,Setuju,Sangat Tidak Setuju,Sangat Tidak Setuju,8,9,8,9,8,8,8,8,Nasywaa Syifa,
15/09/2026 15:00:05,"Ya, Saya bersedia",PR,082256168743,lueng bata,Laki-laki,27,SMA,Menikah,penjual online,4.100.000,3,24,1,Rumah Sendiri,,,,,,,,,,,,,,Sering,Selalu,Sering,Selalu,Sering,Sering,Sering,Sering,Sering,Sering,Sering,Sering,Sering,Sering,Selalu,Sering,Sering,Selalu,Sering,Selalu,Sering,Sering,Sering,Sering,Selalu,Sering,Selalu,Sering,Sering,Sering,Tidak Pernah,Jarang,Tidak Pernah,Tidak Pernah,Tidak Pernah,Jarang,Jarang,Jarang,Tidak Pernah,Tidak Pernah,Tidak Pernah,Jarang,Sering,Jarang,Jarang,Jarang,Jarang,Jarang,Tidak Pernah,Jarang,Jarang,Tidak Pernah,Tidak Pernah,Jarang,Tidak Setuju,Tidak Setuju,Sangat Tidak Setuju,Tidak Setuju,Setuju,Sangat Tidak Setuju,Setuju,Tidak Setuju,Sangat Tidak Setuju,Tidak Setuju,Sangat Setuju,Sangat Setuju,Tidak Setuju,Sangat Setuju,Sangat Setuju,Sangat Tidak Setuju,Sangat Tidak Setuju,Setuju,Sangat Setuju,Sangat Setuju,Setuju,Sangat Setuju,Sangat Setuju,Tidak Setuju,Sangat Tidak Setuju,Tidak Setuju,Sangat Setuju,Setuju,Tidak Setuju,Sangat Setuju,Setuju,Setuju,Sangat Setuju,Tidak Setuju,Sangat Setuju,Sangat Setuju,Sangat Setuju,Sangat Setuju,Tidak Setuju,Sangat Tidak Setuju,7,8,6,6,6,7,7,7,Nasywaa Syifa,
15/09/2026 15:14:12,"Ya, Saya bersedia",RE,085260115086,kuta alam,Laki-laki,30,SMA,Menikah,pedagang,5.100.000,10,30,4,Rumah Sendiri,,,,,,,,,,,,,,Sering,Selalu,Sering,Sering,Selalu,Selalu,Sering,Sering,Sering,Selalu,Sering,Selalu,Sering,Sering,Selalu,Selalu,Selalu,Selalu,Sering,Selalu,Sering,Sering,Sering,Sering,Sering,Sering,Sering,Sering,Kadang-kadang,Sering,Jarang,Tidak Pernah,Tidak Pernah,Tidak Pernah,Jarang,Tidak Pernah,Jarang,Tidak Pernah,Tidak Pernah,Jarang,Jarang,Jarang,Kadang-kadang,Jarang,Sering,Kadang-kadang,Kadang-kadang,Kadang-kadang,Jarang,Jarang,Jarang,Tidak Pernah,Tidak Pernah,Tidak Pernah,Tidak Setuju,Tidak Setuju,Tidak Setuju,Sangat Setuju,Sangat Tidak Setuju,Sangat Setuju,Sangat Tidak Setuju,Sangat Tidak Setuju,Tidak Setuju,Tidak Setuju,Sangat Setuju,Setuju,Tidak Setuju,Sangat Setuju,Setuju,Sangat Tidak Setuju,Setuju,Sangat Setuju,Setuju,Sangat Setuju,Setuju,Setuju,Setuju,Setuju,Tidak Setuju,Tidak Setuju,Sangat Tidak Setuju,Sangat Setuju,Setuju,Sangat Tidak Setuju,Tidak Setuju,Sangat Setuju,Sangat Setuju,Sangat Setuju,Sangat Tidak Setuju,Setuju,Sangat Setuju,Setuju,Sangat Setuju,Sangat Tidak Setuju,5,7,5,4,5,5,6,6,Nasywaa Syifa,
15/09/2026 15:20:56,"Ya, Saya bersedia",Rini Indah,085260248346,kuta alam,Perempuan,27,S1,Menikah,pegawai negeri,8.500.000,5,27,2,Rumah Sendiri,,,,,,,,,,,,,,Selalu,Selalu,Sering,Sering,Selalu,Sering,Sering,Sering,Sering,Sering,Sering,Selalu,Selalu,Sering,Sering,Sering,Selalu,Selalu,Sering,Sering,Sering,Selalu,Selalu,Selalu,Selalu,Sering,Sering,Sering,Sering,Sering,Jarang,Tidak Pernah,Tidak Pernah,Tidak Pernah,Tidak Pernah,Jarang,Tidak Pernah,Tidak Pernah,Tidak Pernah,Tidak Pernah,Tidak Pernah,Jarang,Sering,Sering,Jarang,Sering,Kadang-kadang,Tidak Pernah,Tidak Pernah,Jarang,Jarang,Tidak Pernah,Jarang,Jarang,Tidak Setuju,Sangat Tidak Setuju,Tidak Setuju,Setuju,Sangat Tidak Setuju,Setuju,Tidak Setuju,Tidak Setuju,Tidak Setuju,Sangat Tidak Setuju,Setuju,Sangat Setuju,Tidak Setuju,Sangat Setuju,Setuju,Tidak Setuju,Sangat Setuju,Setuju,Setuju,Sangat Setuju,Setuju,Setuju,Sangat Setuju,Tidak Setuju,Tidak Setuju,Sangat Tidak Setuju,Setuju,Sangat Setuju,Tidak Setuju,Setuju,Sangat Setuju,Setuju,Setuju,Sangat Tidak Setuju,Setuju,Setuju,Setuju,Setuju,Tidak Setuju,Tidak Setuju,6,7,5,7,8,8,6,6,Nasywaa Syifa,
15/09/2026 15:20:59,"Ya, Saya bersedia",KR,081265004027,ACEH BESAR,Perempuan,41,SMA,Menikah,berladang,4.000.000,15,26,3,Rumah Sendiri,,,,,,,,,,,,,,Jarang,Jarang,Jarang,Kadang-kadang,Kadang-kadang,Kadang-kadang,Kadang-kadang,Jarang,Jarang,Kadang-kadang,Sering,Kadang-kadang,Kadang-kadang,Kadang-kadang,Jarang,Jarang,Jarang,Jarang,Jarang,Kadang-kadang,Sering,Selalu,Selalu,Kadang-kadang,Kadang-kadang,Kadang-kadang,Kadang-kadang,Kadang-kadang,Kadang-kadang,Sering,Kadang-kadang,Jarang,Jarang,Jarang,Jarang,Jarang,Kadang-kadang,Kadang-kadang,Jarang,Jarang,Jarang,Kadang-kadang,Kadang-kadang,Jarang,Kadang-kadang,Kadang-kadang,Kadang-kadang,Kadang-kadang,Kadang-kadang,Sering,Sering,Kadang-kadang,Sering,Sering,Sangat Tidak Setuju,Sangat Tidak Setuju,Sangat Tidak Setuju,Setuju,Tidak Setuju,Setuju,Tidak Setuju,Tidak Setuju,Tidak Setuju,Tidak Setuju,Tidak Setuju,Sangat Setuju,Sangat Setuju,Tidak Setuju,Setuju,Setuju,Sangat Tidak Setuju,Setuju,Setuju,Sangat Setuju,Setuju,Setuju,Setuju,Tidak Setuju,Tidak Setuju,Tidak Setuju,Setuju,Tidak Setuju,Tidak Setuju,Setuju,Setuju,Setuju,Setuju,Tidak Setuju,Setuju,Setuju,Setuju,Setuju,Tidak Setuju,Sangat Setuju,4,5,2,1,3,2,4,2,Nasywaa Syifa,
15/09/2026 15:26:18,"Ya, Saya bersedia",LN,08126902125,lueng bata,Laki-laki,46,S1,Menikah,pengusaha,7.000.000,18,28,4,Rumah Sendiri,,,,,,,,,,,,,,Sering,Sering,Selalu,Sering,Selalu,Sering,Selalu,Sering,Selalu,Selalu,Sering,Sering,Sering,Sering,Selalu,Sering,Selalu,Sering,Sering,Sering,Selalu,Sering,Sering,Sering,Kadang-kadang,Sering,Selalu,Sering,Selalu,Selalu,Jarang,Tidak Pernah,Tidak Pernah,Jarang,Jarang,Tidak Pernah,Tidak Pernah,Tidak Pernah,Jarang,Jarang,Kadang-kadang,Kadang-kadang,Kadang-kadang,Kadang-kadang,Jarang,Tidak Pernah,Tidak Pernah,Tidak Pernah,Tidak Pernah,Tidak Pernah,Jarang,Tidak Pernah,Tidak Pernah,Tidak Pernah,Tidak Setuju,Tidak Setuju,Sangat Tidak Setuju,Setuju,Sangat Tidak Setuju,Sangat Setuju,Tidak Setuju,Tidak Setuju,Sangat Tidak Setuju,Sangat Tidak Setuju,Sangat Setuju,Setuju,Tidak Setuju,Setuju,Setuju,Sangat Tidak Setuju,Setuju,Sangat Setuju,Sangat Setuju,Setuju,Setuju,Setuju,Sangat Setuju,Sangat Setuju,Sangat Tidak Setuju,Sangat Tidak Setuju,Setuju,Setuju,Tidak Setuju,Sangat Setuju,Sangat Setuju,Setuju,Sangat Setuju,Tidak Setuju,Setuju,Setuju,Sangat Setuju,Sangat Setuju,Sangat Tidak Setuju,Tidak Setuju,8,7,7,7,7,7,7,7,Nasywaa Syifa,
16/09/2026 12:23:43,"Ya, Saya bersedia",Immamuddin,085117704448,Banda Aceh,Laki-laki,56,SMA,Cerai Hidup,Pedagang,2.000.000,,,,,ekonomi,25 tahun,24 tahun,49 tahun,3,Rumah Sewa,,,,,,,,Jarang,Jarang,Jarang,Kadang-kadang,Tidak Pernah,Sering,Jarang,Tidak Pernah,Tidak Pernah,Jarang,Jarang,Jarang,Jarang,Sering,Jarang,Jarang,Kadang-kadang,Jarang,Jarang,Jarang,Jarang,Jarang,Kadang-kadang,Kadang-kadang,Kadang-kadang,Kadang-kadang,Kadang-kadang,Kadang-kadang,Kadang-kadang,Kadang-kadang,Tidak Pernah,Kadang-kadang,Jarang,Tidak Pernah,Tidak Pernah,Tidak Pernah,Kadang-kadang,Kadang-kadang,Jarang,Kadang-kadang,Jarang,Sering,Sering,Kadang-kadang,Kadang-kadang,Kadang-kadang,Kadang-kadang,Jarang,Sering,Jarang,Jarang,Kadang-kadang,Tidak Pernah,Tidak Pernah,Sangat Tidak Setuju,Setuju,Tidak Setuju,Setuju,Sangat Tidak Setuju,Sangat Setuju,Sangat Tidak Setuju,Tidak Setuju,Tidak Setuju,Sangat Tidak Setuju,Sangat Setuju,Sangat Setuju,Sangat Tidak Setuju,Sangat Setuju,Sangat Setuju,Tidak Setuju,Sangat Setuju,Sangat Setuju,Sangat Setuju,Sangat Setuju,Setuju,Sangat Setuju,Setuju,Sangat Tidak Setuju,Sangat Tidak Setuju,Sangat Tidak Setuju,Sangat Tidak Setuju,Tidak Setuju,Sangat Tidak Setuju,Setuju,Sangat Setuju,Setuju,Sangat Tidak Setuju,Tidak Setuju,Setuju,Setuju,Setuju,Setuju,Sangat Tidak Setuju,Sangat Setuju,3,2,2,1,1,1,1,1,Risha,
16/09/2026 12:41:11,"Ya, Saya bersedia",JAL,085216699371,Banda Aceh,Laki-laki,52,S1,Menikah,Pedagang,8.000.000,25 tahun,27 tahun,3,Rumah Sendiri,,,,,,,,,,,,,,Sering,Sering,Kadang-kadang,Selalu,Sering,Selalu,Selalu,Selalu,Selalu,Selalu,Selalu,Sering,Sering,Sering,Selalu,Sering,Sering,Sering,Sering,Sering,Sering,Selalu,Selalu,Sering,Sering,Sering,Sering,Sering,Selalu,Selalu,Kadang-kadang,Kadang-kadang,Jarang,Jarang,Jarang,Tidak Pernah,Jarang,Jarang,Jarang,Jarang,Sering,Kadang-kadang,Sering,Kadang-kadang,Sering,Sering,Sering,Kadang-kadang,Kadang-kadang,Kadang-kadang,Kadang-kadang,Jarang,Tidak Pernah,Tidak Pernah,Tidak Setuju,Tidak Setuju,Setuju,Setuju,Tidak Setuju,Setuju,Tidak Setuju,Tidak Setuju,Setuju,Tidak Setuju,Setuju,Setuju,Tidak Setuju,Setuju,Tidak Setuju,Tidak Setuju,Setuju,Setuju,Sangat Setuju,Setuju,Sangat Setuju,Sangat Setuju,Setuju,Sangat Tidak Setuju,Tidak Setuju,Tidak Setuju,Sangat Setuju,Setuju,Tidak Setuju,Sangat Setuju,Sangat Setuju,Setuju,Setuju,Tidak Setuju,Setuju,Tidak Setuju,Tidak Setuju,Setuju,Tidak Setuju,Setuju,7,4,5,4,5,6,4,5,Risha,
16/09/2026 12:49:28,"Ya, Saya bersedia",HD,085276924443,Banda Aceh,Laki-laki,54,S1,Menikah,Wiraswasta,6.370.000,28 tahun,26 tahun,3,Rumah Sewa,,,,,,,,,,,,,,Sering,Sering,Selalu,Selalu,Selalu,Selalu,Selalu,Selalu,Sering,Selalu,Selalu,Sering,Sering,Selalu,Sering,Sering,Selalu,Selalu,Selalu,Selalu,Selalu,Sering,Sering,Sering,Sering,Selalu,Selalu,Sering,Selalu,Sering,Jarang,Jarang,Tidak Pernah,Tidak Pernah,Tidak Pernah,Tidak Pernah,Jarang,Tidak Pernah,Jarang,Jarang,Jarang,Jarang,Tidak Pernah,Tidak Pernah,Tidak Pernah,Jarang,Jarang,Tidak Pernah,Jarang,Jarang,Tidak Pernah,Tidak Pernah,Tidak Pernah,Tidak Pernah,Sangat Tidak Setuju,Sangat Tidak Setuju,Sangat Tidak Setuju,Tidak Setuju,Sangat Tidak Setuju,Sangat Tidak Setuju,Sangat Tidak Setuju,Sangat Tidak Setuju,Tidak Setuju,Sangat Tidak Setuju,Sangat Setuju,Sangat Setuju,Sangat Tidak Setuju,Sangat Setuju,Sangat Setuju,Sangat Tidak Setuju,Sangat Setuju,Sangat Setuju,Sangat Setuju,Sangat Setuju,Setuju,Sangat Setuju,Sangat Setuju,Tidak Setuju,Tidak Setuju,Sangat Tidak Setuju,Sangat Setuju,Setuju,Sangat Setuju,Sangat Setuju,Sangat Setuju,Sangat Setuju,Setuju,Sangat Tidak Setuju,Sangat Setuju,Sangat Setuju,Setuju,Sangat Setuju,Setuju,Sangat Setuju,6,6,5,5,5,4,5,6,Risha,
16/09/2026 15:29:26,"Ya, Saya bersedia",S,081256763214,Aceh Besar,Perempuan,42,SMA,Menikah,Ibu rumah tangga,10.000.000,19 tahun,23,2,Rumah Sendiri,,,,,,,,,,,,,,Selalu,Selalu,Selalu,Selalu,Selalu,Kadang-kadang,Selalu,Selalu,Selalu,Selalu,Selalu,Selalu,Jarang,Selalu,Selalu,Sering,Selalu,Kadang-kadang,Selalu,Selalu,Selalu,Selalu,Selalu,Selalu,Selalu,Selalu,Selalu,Selalu,Selalu,Kadang-kadang,Jarang,Kadang-kadang,Jarang,Tidak Pernah,Tidak Pernah,Tidak Pernah,Tidak Pernah,Tidak Pernah,Sering,Tidak Pernah,Sering,Tidak Pernah,Tidak Pernah,Tidak Pernah,Tidak Pernah,Tidak Pernah,Jarang,Kadang-kadang,Selalu,Sering,Sering,Selalu,Tidak Pernah,Tidak Pernah,Sangat Tidak Setuju,Sangat Tidak Setuju,Sangat Tidak Setuju,Tidak Setuju,Sangat Tidak Setuju,Sangat Setuju,Sangat Tidak Setuju,Setuju,Sangat Tidak Setuju,Sangat Tidak Setuju,Tidak Setuju,Sangat Setuju,Sangat Tidak Setuju,Setuju,Setuju,Sangat Tidak Setuju,Sangat Setuju,Sangat Setuju,Sangat Setuju,Sangat Setuju,Sangat Setuju,Sangat Setuju,Sangat Setuju,Sangat Tidak Setuju,Setuju,Sangat Tidak Setuju,Sangat Setuju,Tidak Setuju,Sangat Tidak Setuju,Sangat Setuju,Sangat Setuju,Sangat Setuju,Setuju,Sangat Tidak Setuju,Sangat Setuju,Sangat Setuju,Setuju,Setuju,Sangat Tidak Setuju,Setuju,4,8,8,4,6,8,8,6,Nia,
16/09/2026 22:26:24,"Ya, Saya bersedia",NINGSIH RAMADHANI,-,ACEH TIMUR,Perempuan,42,SMA,Menikah,IRT,4.000.000,18,29,4,Rumah Sendiri,,,,,,,,,,,,,,Selalu,Sering,Sering,Sering,Sering,Kadang-kadang,Sering,Sering,Sering,Sering,Sering,Kadang-kadang,Jarang,Selalu,Sering,Kadang-kadang,Kadang-kadang,Selalu,Jarang,Sering,Selalu,Selalu,Selalu,Selalu,Selalu,Selalu,Kadang-kadang,Sering,Kadang-kadang,Sering,Jarang,Tidak Pernah,Jarang,Tidak Pernah,Tidak Pernah,Tidak Pernah,Jarang,Jarang,Jarang,Jarang,Kadang-kadang,Sering,Sering,Tidak Pernah,Sering,Kadang-kadang,Sering,Tidak Pernah,Tidak Pernah,Tidak Pernah,Kadang-kadang,Tidak Pernah,Jarang,Jarang,Sangat Tidak Setuju,Sangat Tidak Setuju,Sangat Tidak Setuju,Tidak Setuju,Sangat Tidak Setuju,Sangat Setuju,Tidak Setuju,Sangat Tidak Setuju,Sangat Tidak Setuju,Tidak Setuju,Sangat Setuju,Setuju,Sangat Tidak Setuju,Setuju,Tidak Setuju,Tidak Setuju,Setuju,Setuju,Sangat Setuju,Setuju,Setuju,Sangat Setuju,Tidak Setuju,Tidak Setuju,Tidak Setuju,Tidak Setuju,Sangat Setuju,Tidak Setuju,Sangat Setuju,Tidak Setuju,Sangat Tidak Setuju,Setuju,Setuju,Tidak Setuju,Sangat Setuju,Sangat Setuju,Tidak Setuju,Sangat Setuju,Tidak Setuju,Sangat Setuju,8,7,7,8,5,6,6,6,Nasywaa Syifa,
16/09/2026 22:26:34,"Ya, Saya bersedia",HS,081260401259,pidie,Laki-laki,43,S1,Menikah,guru,4.000.000,16,27,3,Rumah Sendiri,,,,,,,,,,,,,,Jarang,Kadang-kadang,Kadang-kadang,Jarang,Kadang-kadang,Kadang-kadang,Kadang-kadang,Jarang,Jarang,Kadang-kadang,Jarang,Kadang-kadang,Kadang-kadang,Kadang-kadang,Jarang,Jarang,Kadang-kadang,Kadang-kadang,Kadang-kadang,Kadang-kadang,Sering,Kadang-kadang,Sering,Kadang-kadang,Kadang-kadang,Sering,Sering,Sering,Sering,Kadang-kadang,Jarang,Jarang,Jarang,Kadang-kadang,Jarang,Jarang,Kadang-kadang,Jarang,Jarang,Jarang,Kadang-kadang,Jarang,Jarang,Jarang,Jarang,Kadang-kadang,Jarang,Kadang-kadang,Kadang-kadang,Kadang-kadang,Kadang-kadang,Jarang,Jarang,Jarang,Sangat Tidak Setuju,Sangat Tidak Setuju,Sangat Tidak Setuju,Sangat Setuju,Sangat Tidak Setuju,Sangat Setuju,Sangat Tidak Setuju,Sangat Tidak Setuju,Tidak Setuju,Sangat Tidak Setuju,Setuju,Setuju,Tidak Setuju,Setuju,Setuju,Sangat Tidak Setuju,Setuju,Sangat Setuju,Setuju,Setuju,Sangat Setuju,Sangat Setuju,Sangat Setuju,Tidak Setuju,Tidak Setuju,Tidak Setuju,Setuju,Setuju,Sangat Tidak Setuju,Setuju,Sangat Setuju,Setuju,Setuju,Tidak Setuju,Setuju,Sangat Setuju,Sangat Setuju,Sangat Setuju,Tidak Setuju,Sangat Setuju,4,4,3,4,2,2,4,4,Nasywaa Syifa,
16/09/2026 22:26:40,"Ya, Saya bersedia",Devi,082367360967,lhokseumawe,Perempuan,39,S1,Menikah,guru,6.000.000,15,24,3,Rumah Sewa,,,,,,,,,,,,,,Kadang-kadang,Kadang-kadang,Kadang-kadang,Kadang-kadang,Sering,Sering,Sering,Sering,Sering,Sering,Sering,Kadang-kadang,Jarang,Selalu,Kadang-kadang,Sering,Kadang-kadang,Selalu,Kadang-kadang,Sering,Selalu,Selalu,Selalu,Selalu,Selalu,Selalu,Selalu,Selalu,Sering,Sering,Jarang,Kadang-kadang,Kadang-kadang,Kadang-kadang,Tidak Pernah,Jarang,Jarang,Kadang-kadang,Jarang,Jarang,Jarang,Jarang,Sering,Tidak Pernah,Sering,Sering,Sering,Sering,Jarang,Jarang,Kadang-kadang,Jarang,Kadang-kadang,Kadang-kadang,Sangat Tidak Setuju,Sangat Tidak Setuju,Sangat Tidak Setuju,Sangat Setuju,Sangat Tidak Setuju,Sangat Setuju,Sangat Tidak Setuju,Sangat Tidak Setuju,Sangat Tidak Setuju,Sangat Tidak Setuju,Sangat Setuju,Sangat Setuju,Sangat Tidak Setuju,Sangat Setuju,Sangat Setuju,Sangat Tidak Setuju,Sangat Setuju,Sangat Setuju,Sangat Setuju,Sangat Setuju,Sangat Setuju,Sangat Setuju,Sangat Setuju,Sangat Tidak Setuju,Sangat Tidak Setuju,Sangat Tidak Setuju,Sangat Setuju,Sangat Setuju,Sangat Tidak Setuju,Sangat Setuju,Sangat Setuju,Sangat Setuju,Sangat Setuju,Sangat Tidak Setuju,Sangat Setuju,Sangat Setuju,Sangat Setuju,Sangat Setuju,Sangat Tidak Setuju,Sangat Setuju,5,5,5,5,4,4,4,5,Nasywaa Syifa,
17/09/2026 11:25:38,"Ya, Saya bersedia",OLY,082288867408,Banda Aceh,Perempuan,30 Tahun,S1,Menikah,Pegawai Swasta,6.500.000,5 Tahun,25 Tahun,2,Rumah Sendiri,,,,,,,,,,,,,,Sering,Sering,Sering,Sering,Selalu,Selalu,Sering,Sering,Sering,Sering,Selalu,Selalu,Sering,Sering,Sering,Kadang-kadang,Sering,Selalu,Sering,Sering,Kadang-kadang,Sering,Sering,Sering,Selalu,Sering,Kadang-kadang,Sering,Selalu,Sering,Selalu,Sering,Sering,Tidak Pernah,Jarang,Jarang,Tidak Pernah,Tidak Pernah,Jarang,Jarang,Sering,Sering,Sering,Kadang-kadang,Sering,Selalu,Sering,Kadang-kadang,Tidak Pernah,Jarang,Jarang,Tidak Pernah,Tidak Pernah,Jarang,Sangat Tidak Setuju,Sangat Tidak Setuju,Tidak Setuju,Sangat Setuju,Sangat Tidak Setuju,Setuju,Sangat Tidak Setuju,Tidak Setuju,Tidak Setuju,Tidak Setuju,Setuju,Sangat Setuju,Sangat Tidak Setuju,Sangat Setuju,Sangat Setuju,Sangat Tidak Setuju,Setuju,Setuju,Setuju,Setuju,Setuju,Sangat Setuju,Setuju,Setuju,Tidak Setuju,Tidak Setuju,Sangat Setuju,Sangat Setuju,Tidak Setuju,Sangat Setuju,Setuju,Setuju,Sangat Setuju,Sangat Tidak Setuju,Setuju,Sangat Setuju,Setuju,Tidak Setuju,Sangat Tidak Setuju,Tidak Setuju,7,7,7,7,7,7,6,7,Nasywaa Syifa,
17/09/2026 11:34:35,"Ya, Saya bersedia",NI,085214957758,B. ACEH,Laki-laki,51 Tahun,S1,Menikah,PNS,8.000.000,21 Tahun,30 Tahun,4,Rumah Sendiri,,,,,,,,,,,,,,Sering,Sering,Sering,Selalu,Sering,Sering,Sering,Sering,Sering,Selalu,Selalu,Sering,Sering,Kadang-kadang,Sering,Selalu,Sering,Sering,Sering,Selalu,Sering,Sering,Selalu,Sering,Sering,Sering,Selalu,Sering,Sering,Selalu,Sering,Sering,Sering,Tidak Pernah,Jarang,Jarang,Tidak Pernah,Tidak Pernah,Jarang,Kadang-kadang,Kadang-kadang,Sering,Sering,Kadang-kadang,Sering,Sering,Sering,Jarang,Jarang,Jarang,Tidak Pernah,Jarang,Jarang,Tidak Pernah,Sangat Tidak Setuju,Tidak Setuju,Tidak Setuju,Sangat Setuju,Tidak Setuju,Setuju,Tidak Setuju,Tidak Setuju,Tidak Setuju,Tidak Setuju,Setuju,Setuju,Sangat Tidak Setuju,Sangat Setuju,Sangat Setuju,Sangat Tidak Setuju,Sangat Setuju,Sangat Setuju,Setuju,Setuju,Setuju,Setuju,Setuju,Setuju,Tidak Setuju,Tidak Setuju,Sangat Setuju,Sangat Setuju,Sangat Tidak Setuju,Setuju,Setuju,Setuju,Sangat Setuju,Sangat Tidak Setuju,Sangat Setuju,Setuju,Setuju,Setuju,Tidak Setuju,Sangat Tidak Setuju,8,7,7,7,6,8,7,7,Nasywaa Syifa,
17/09/2026 11:43:12,"Ya, Saya bersedia",NT,081229361331,B.ACEH,Laki-laki,36 TAHUN,D-III / D-IV,Menikah,Karyawan,5.500.000,4 Tahun,25 Tahun,2,Rumah Sewa,,,,,,,,,,,,,,Sering,Sering,Selalu,Selalu,Selalu,Selalu,Sering,Sering,Selalu,Selalu,Sering,Sering,Sering,Sering,Selalu,Sering,Sering,Sering,Sering,Sering,Kadang-kadang,Sering,Sering,Selalu,Sering,Selalu,Kadang-kadang,Sering,Selalu,Sering,Sering,Sering,Sering,Jarang,Jarang,Jarang,Tidak Pernah,Tidak Pernah,Jarang,Jarang,Kadang-kadang,Kadang-kadang,Sering,Sering,Kadang-kadang,Sering,Sering,Jarang,Tidak Pernah,Tidak Pernah,Jarang,Tidak Pernah,Tidak Pernah,Tidak Pernah,Sangat Tidak Setuju,Sangat Tidak Setuju,Tidak Setuju,Sangat Setuju,Tidak Setuju,Setuju,Sangat Tidak Setuju,Sangat Setuju,Tidak Setuju,Tidak Setuju,Setuju,Sangat Setuju,Sangat Tidak Setuju,Sangat Setuju,Sangat Setuju,Tidak Setuju,Sangat Setuju,Sangat Setuju,Setuju,Setuju,Sangat Setuju,Setuju,Setuju,Setuju,Tidak Setuju,Sangat Tidak Setuju,Sangat Setuju,Sangat Setuju,Tidak Setuju,Sangat Setuju,Setuju,Tidak Setuju,Setuju,Tidak Setuju,Sangat Setuju,Sangat Setuju,Setuju,Setuju,Tidak Setuju,Tidak Setuju,8,8,7,7,6,7,7,8,Nasywaa Syifa,
17/09/2026 11:50:56,"Ya, Saya bersedia",RT,082217182678,Banda Aceh,Laki-laki,25 Tahun,S1,Menikah,Karyawan,5.600.000,3 Tahun,22 Tahun,1,Rumah Sendiri,,,,,,,,,,,,,,Sering,Sering,Selalu,Selalu,Sering,Selalu,Sering,Selalu,Sering,Sering,Sering,Sering,Sering,Sering,Selalu,Selalu,Sering,Sering,Selalu,Selalu,Selalu,Sering,Sering,Jarang,Sering,Selalu,Selalu,Sering,Selalu,Sering,Selalu,Sering,Sering,Jarang,Jarang,Jarang,Tidak Pernah,Tidak Pernah,Tidak Pernah,Tidak Pernah,Kadang-kadang,Sering,Kadang-kadang,Sering,Sering,Sering,Kadang-kadang,Jarang,Jarang,Tidak Pernah,Jarang,Jarang,Tidak Pernah,Jarang,Sangat Tidak Setuju,Sangat Tidak Setuju,Tidak Setuju,Sangat Setuju,Sangat Tidak Setuju,Setuju,Sangat Tidak Setuju,Sangat Tidak Setuju,Tidak Setuju,Tidak Setuju,Setuju,Sangat Setuju,Sangat Tidak Setuju,Sangat Setuju,Sangat Setuju,Tidak Setuju,Sangat Setuju,Setuju,Setuju,Sangat Setuju,Sangat Setuju,Sangat Setuju,Sangat Setuju,Setuju,Tidak Setuju,Tidak Setuju,Sangat Setuju,Sangat Setuju,Sangat Tidak Setuju,Sangat Setuju,Sangat Setuju,Setuju,Sangat Setuju,Sangat Tidak Setuju,Sangat Setuju,Sangat Setuju,Setuju,Setuju,Tidak Setuju,Sangat Tidak Setuju,7,8,7,8,7,8,7,8,Nasywaa Syifa,
17/09/2026 11:59:30,"Ya, Saya bersedia",NN,085260533744,Banda Aceh,Laki-laki,29 Tahun,S1,Menikah,Karyawan ,6.400.000,3 Tahun,26 Tahun,1,Rumah Sendiri,,,,,,,,,,,,,,Sering,Selalu,Selalu,Selalu,Sering,Sering,Selalu,Selalu,Selalu,Selalu,Sering,Sering,Sering,Sering,Selalu,Sering,Sering,Sering,Sering,Sering,Selalu,Selalu,Sering,Sering,Sering,Sering,Sering,Sering,Sering,Sering,Selalu,Sering,Sering,Sering,Tidak Pernah,Tidak Pernah,Tidak Pernah,Jarang,Tidak Pernah,Tidak Pernah,Tidak Pernah,Kadang-kadang,Sering,Kadang-kadang,Sering,Sering,Kadang-kadang,Jarang,Tidak Pernah,Jarang,Tidak Pernah,Tidak Pernah,Jarang,Tidak Pernah,Tidak Setuju,Tidak Setuju,Sangat Tidak Setuju,Setuju,Sangat Tidak Setuju,Sangat Setuju,Tidak Setuju,Tidak Setuju,Sangat Tidak Setuju,Sangat Tidak Setuju,Sangat Setuju,Setuju,Sangat Tidak Setuju,Sangat Setuju,Setuju,Sangat Tidak Setuju,Setuju,Sangat Setuju,Sangat Setuju,Setuju,Setuju,Sangat Setuju,Sangat Setuju,Tidak Setuju,Sangat Tidak Setuju,Tidak Setuju,Sangat Setuju,Sangat Setuju,Sangat Tidak Setuju,Setuju,Sangat Setuju,Setuju,Setuju,Sangat Tidak Setuju,Sangat Setuju,Setuju,Setuju,Sangat Setuju,Sangat Tidak Setuju,Sangat Tidak Setuju,8,9,8,9,7,7,8,9,Nasywaa Syifa,
17/09/2026 12:07:36,"Ya, Saya bersedia",MI,082172461507,Aceh tengah,Laki-laki,50,S1,Menikah,PNS,8.000.000,20,30,4,Rumah Sendiri,,,,,,,,,,,,,,Selalu,Selalu,Selalu,Selalu,Selalu,Sering,Selalu,Selalu,Selalu,Selalu,Selalu,Selalu,Selalu,Selalu,Selalu,Selalu,Selalu,Selalu,Sering,Selalu,Sering,Sering,Sering,Sering,Sering,Sering,Sering,Sering,Sering,Sering,Jarang,Jarang,Jarang,Jarang,Jarang,Jarang,Tidak Pernah,Kadang-kadang,Jarang,Kadang-kadang,Jarang,Sering,Sering,Tidak Pernah,Kadang-kadang,Kadang-kadang,Sering,Kadang-kadang,Kadang-kadang,Kadang-kadang,Kadang-kadang,Jarang,Tidak Pernah,Jarang,Sangat Tidak Setuju,Sangat Tidak Setuju,Tidak Setuju,Sangat Setuju,Sangat Tidak Setuju,Sangat Setuju,Tidak Setuju,Tidak Setuju,Sangat Tidak Setuju,Sangat Tidak Setuju,Sangat Setuju,Sangat Setuju,Sangat Tidak Setuju,Sangat Setuju,Setuju,Sangat Tidak Setuju,Sangat Setuju,Setuju,Sangat Setuju,Setuju,Setuju,Sangat Setuju,Sangat Setuju,Tidak Setuju,Tidak Setuju,Tidak Setuju,Sangat Setuju,Sangat Setuju,Sangat Tidak Setuju,Sangat Setuju,Sangat Setuju,Sangat Setuju,Sangat Setuju,Sangat Tidak Setuju,Sangat Setuju,Setuju,Sangat Setuju,Sangat Setuju,Tidak Setuju,Sangat Tidak Setuju,4,7,8,7,8,8,9,8,Nasywaa Syifa,
17/09/2026 12:08:53,"Ya, Saya bersedia",MD,082298877155,Banda Aceh,Laki-laki,43 Tahun,SMA,Menikah,Pedagang,5.500.000,16 Tahun,27 Tahun,3,Rumah Sendiri,,,,,,,,,,,,,,Sering,Selalu,Sering,Sering,Selalu,Selalu,Kadang-kadang,Sering,Sering,Sering,Kadang-kadang,Sering,Sering,Selalu,Sering,Sering,Selalu,Sering,Sering,Sering,Kadang-kadang,Sering,Selalu,Sering,Selalu,Sering,Sering,Sering,Sering,Selalu,Sering,Sering,Selalu,Jarang,Jarang,Tidak Pernah,Tidak Pernah,Jarang,Jarang,Kadang-kadang,Sering,Sering,Sering,Kadang-kadang,Kadang-kadang,Sering,Sering,Kadang-kadang,Jarang,Jarang,Tidak Pernah,Tidak Pernah,Jarang,Tidak Pernah,Tidak Setuju,Tidak Setuju,Tidak Setuju,Sangat Setuju,Tidak Setuju,Setuju,Sangat Tidak Setuju,Tidak Setuju,Tidak Setuju,Tidak Setuju,Setuju,Sangat Setuju,Sangat Tidak Setuju,Sangat Setuju,Sangat Setuju,Tidak Setuju,Sangat Setuju,Setuju,Setuju,Sangat Setuju,Sangat Setuju,Sangat Setuju,Sangat Setuju,Setuju,Tidak Setuju,Tidak Setuju,Sangat Setuju,Sangat Setuju,Sangat Tidak Setuju,Setuju,Setuju,Setuju,Setuju,Sangat Tidak Setuju,Setuju,Sangat Setuju,Tidak Setuju,Tidak Setuju,Tidak Setuju,Tidak Setuju,6,7,7,6,5,6,7,6,Nasywaa Syifa,
17/09/2026 12:12:26,"Ya, Saya bersedia",NH,082369801117,Banda Aceh,Perempuan,38,S1,Menikah,PNS,6.000.000,15,23,3,Rumah Sendiri,,,,,,,,,,,,,,Sering,Kadang-kadang,Sering,Sering,Kadang-kadang,Kadang-kadang,Kadang-kadang,Sering,Sering,Kadang-kadang,Jarang,Sering,Kadang-kadang,Sering,Sering,Kadang-kadang,Selalu,Selalu,Selalu,Selalu,Sering,Sering,Kadang-kadang,Sering,Sering,Sering,Sering,Sering,Sering,Kadang-kadang,Jarang,Tidak Pernah,Tidak Pernah,Jarang,Jarang,Tidak Pernah,Jarang,Tidak Pernah,Tidak Pernah,Tidak Pernah,Kadang-kadang,Kadang-kadang,Tidak Pernah,Tidak Pernah,Tidak Pernah,Jarang,Jarang,Tidak Pernah,Jarang,Jarang,Jarang,Kadang-kadang,Kadang-kadang,Kadang-kadang,Sangat Tidak Setuju,Sangat Tidak Setuju,Sangat Tidak Setuju,Sangat Setuju,Sangat Tidak Setuju,Sangat Setuju,Sangat Tidak Setuju,Sangat Tidak Setuju,Tidak Setuju,Sangat Tidak Setuju,Sangat Setuju,Sangat Setuju,Sangat Tidak Setuju,Sangat Setuju,Sangat Setuju,Sangat Tidak Setuju,Sangat Setuju,Sangat Setuju,Sangat Tidak Setuju,Sangat Setuju,Sangat Setuju,Sangat Setuju,Sangat Setuju,Sangat Tidak Setuju,Sangat Tidak Setuju,Sangat Tidak Setuju,Sangat Setuju,Sangat Setuju,Sangat Tidak Setuju,Sangat Setuju,Sangat Setuju,Sangat Setuju,Sangat Setuju,Sangat Tidak Setuju,Sangat Setuju,Sangat Tidak Setuju,Sangat Setuju,Sangat Setuju,Sangat Tidak Setuju,Sangat Setuju,8,8,8,8,8,8,8,8,Nasywaa Syifa,
17/09/2026 12:17:33,"Ya, Saya bersedia",PU,0895600121891,Langsa,Laki-laki,27,D-III / D-IV,Menikah,teknisi,5.000.000,3,24,1,Rumah Sendiri,,,,,,,,,,,,,,Sering,Sering,Sering,Selalu,Sering,Sering,Selalu,Selalu,Sering,Sering,Sering,Kadang-kadang,Sering,Sering,Selalu,Selalu,Sering,Selalu,Selalu,Selalu,Sering,Sering,Sering,Sering,Kadang-kadang,Sering,Tidak Pernah,Selalu,Tidak Pernah,Sering,Jarang,Jarang,Jarang,Tidak Pernah,Tidak Pernah,Jarang,Jarang,Jarang,Tidak Pernah,Tidak Pernah,Tidak Pernah,Jarang,Jarang,Jarang,Tidak Pernah,Kadang-kadang,Jarang,Tidak Pernah,Tidak Pernah,Tidak Pernah,Jarang,Jarang,Jarang,Jarang,Tidak Setuju,Sangat Tidak Setuju,Sangat Tidak Setuju,Setuju,Sangat Tidak Setuju,Setuju,Sangat Tidak Setuju,Sangat Tidak Setuju,Tidak Setuju,Tidak Setuju,Sangat Setuju,Sangat Setuju,Sangat Tidak Setuju,Sangat Setuju,Sangat Setuju,Tidak Setuju,Sangat Setuju,Setuju,Setuju,Setuju,Setuju,Sangat Setuju,Setuju,Setuju,Tidak Setuju,Sangat Tidak Setuju,Sangat Setuju,Sangat Setuju,Tidak Setuju,Sangat Setuju,Setuju,Setuju,Sangat Setuju,Sangat Tidak Setuju,Setuju,Sangat Setuju,Setuju,Setuju,Sangat Tidak Setuju,Sangat Tidak Setuju,7,7,6,7,6,6,6,6,Nasywaa Syifa,
17/09/2026 12:18:04,"Ya, Saya bersedia",NN,0852601142662,Banda Aceh,Laki-laki,41 Tahun,SMA,Menikah,Wiraswasta ,4.500.000,16 Tahun,25 Tahun,2,Rumah Sewa,,,,,,,,,,,,,,Selalu,Sering,Selalu,Sering,Sering,Sering,Selalu,Sering,Sering,Sering,Selalu,Sering,Sering,Sering,Sering,Sering,Sering,Selalu,Sering,Sering,Sering,Sering,Selalu,Sering,Selalu,Sering,Sering,Sering,Selalu,Sering,Sering,Selalu,Sering,Jarang,Jarang,Tidak Pernah,Tidak Pernah,Jarang,Jarang,Kadang-kadang,Kadang-kadang,Sering,Sering,Sering,Sering,Kadang-kadang,Sering,Kadang-kadang,Jarang,Jarang,Jarang,Jarang,Tidak Pernah,Tidak Pernah,Sangat Tidak Setuju,Tidak Setuju,Sangat Setuju,Sangat Setuju,Tidak Setuju,Setuju,Sangat Tidak Setuju,Sangat Tidak Setuju,Tidak Setuju,Tidak Setuju,Tidak Setuju,Sangat Setuju,Sangat Tidak Setuju,Sangat Setuju,Sangat Setuju,Sangat Tidak Setuju,Sangat Setuju,Setuju,Setuju,Setuju,Sangat Setuju,Sangat Setuju,Setuju,Setuju,Tidak Setuju,Tidak Setuju,Sangat Setuju,Sangat Setuju,Sangat Tidak Setuju,Sangat Setuju,Setuju,Sangat Setuju,Sangat Setuju,Sangat Tidak Setuju,Sangat Setuju,Sangat Setuju,Setuju,Tidak Setuju,Tidak Setuju,Tidak Setuju,6,6,5,5,4,5,5,5,Nasywaa Syifa,
17/09/2026 12:22:37,"Ya, Saya bersedia",NA,-,BANDA ACEH,Perempuan,28,SMA,Menikah,IRT,5.000.000,5,23,1,Rumah Keluarga,,,,,,,,,,,,,,Sering,Selalu,Sering,Sering,Kadang-kadang,Kadang-kadang,Sering,Sering,Sering,Tidak Pernah,Sering,Tidak Pernah,Sering,Sering,Sering,Kadang-kadang,Kadang-kadang,Kadang-kadang,Sering,Sering,Sering,Selalu,Selalu,Selalu,Selalu,Sering,Sering,Sering,Selalu,Sering,Jarang,Jarang,Tidak Pernah,Tidak Pernah,Tidak Pernah,Jarang,Jarang,Tidak Pernah,Jarang,Tidak Pernah,Jarang,Jarang,Tidak Pernah,Jarang,Jarang,Jarang,Jarang,Jarang,Jarang,Jarang,Jarang,Tidak Pernah,Tidak Pernah,Tidak Pernah,Sangat Tidak Setuju,Sangat Tidak Setuju,Sangat Tidak Setuju,Sangat Setuju,Sangat Tidak Setuju,Sangat Setuju,Sangat Tidak Setuju,Sangat Tidak Setuju,Sangat Tidak Setuju,Sangat Tidak Setuju,Sangat Setuju,Sangat Setuju,Sangat Tidak Setuju,Sangat Setuju,Sangat Setuju,Sangat Tidak Setuju,Sangat Setuju,Sangat Setuju,Sangat Setuju,Sangat Setuju,Sangat Setuju,Sangat Setuju,Sangat Setuju,Sangat Tidak Setuju,Sangat Tidak Setuju,Sangat Tidak Setuju,Sangat Setuju,Sangat Setuju,Sangat Tidak Setuju,Sangat Setuju,Sangat Setuju,Sangat Setuju,Sangat Setuju,Sangat Tidak Setuju,Sangat Setuju,Sangat Setuju,Sangat Setuju,Sangat Setuju,Sangat Tidak Setuju,Sangat Setuju,4,4,4,4,4,4,4,4,Nasywaa Syifa,
17/09/2026 12:27:37,"Ya, Saya bersedia",HB,082278070989,Aceh Besar,Laki-laki,45,S1,Menikah,PNS,7.500.000,17,28,4,Rumah Sendiri,,,,,,,,,,,,,,Tidak pernah,Jarang,Jarang,Kadang-kadang,Sering,Sering,Sering,Sering,Sering,Sering,Sering,Sering,Selalu,Selalu,Sering,Sering,Sering,Sering,Sering,Sering,Sering,Sering,Sering,Sering,Sering,Sering,Sering,Sering,Sering,Kadang-kadang,Jarang,Jarang,Jarang,Jarang,Tidak Pernah,Jarang,Tidak Pernah,Tidak Pernah,Tidak Pernah,Tidak Pernah,Tidak Pernah,Jarang,Kadang-kadang,Jarang,Tidak Pernah,Tidak Pernah,Tidak Pernah,Jarang,Kadang-kadang,Kadang-kadang,Kadang-kadang,Sering,Sering,Kadang-kadang,Tidak Setuju,Tidak Setuju,Tidak Setuju,Tidak Setuju,Sangat Setuju,Tidak Setuju,Tidak Setuju,Tidak Setuju,Tidak Setuju,Sangat Setuju,Sangat Setuju,Sangat Tidak Setuju,Sangat Setuju,Sangat Setuju,Sangat Tidak Setuju,Setuju,Sangat Setuju,Sangat Setuju,Sangat Setuju,Sangat Setuju,Sangat Setuju,Sangat Setuju,Sangat Setuju,Sangat Tidak Setuju,Tidak Setuju,Sangat Tidak Setuju,Sangat Setuju,Sangat Setuju,Sangat Tidak Setuju,Sangat Setuju,Setuju,Sangat Setuju,Tidak Setuju,Tidak Setuju,Setuju,Setuju,Setuju,Setuju,Tidak Setuju,Tidak Setuju,6,4,6,5,5,7,7,7,Nasywaa Syifa,
17/09/2026 12:33:30,"Ya, Saya bersedia",VV,082266090774,Aceh Besar,Laki-laki,29,D-III / D-IV,Menikah,Wiraswasta,3.000.000,15,25,3,Rumah Sendiri,,,,,,,,,,,,,,Tidak pernah,Jarang,Jarang,Kadang-kadang,Kadang-kadang,Jarang,Jarang,Kadang-kadang,Jarang,Sering,Sering,Jarang,Kadang-kadang,Sering,Jarang,Jarang,Kadang-kadang,Sering,Jarang,Kadang-kadang,Jarang,Kadang-kadang,Sering,Kadang-kadang,Jarang,Jarang,Kadang-kadang,Kadang-kadang,Jarang,Kadang-kadang,Sering,Jarang,Kadang-kadang,Jarang,Jarang,Tidak Pernah,Kadang-kadang,Tidak Pernah,Jarang,Tidak Pernah,Sering,Kadang-kadang,Jarang,Kadang-kadang,Tidak Pernah,Jarang,Jarang,Kadang-kadang,Jarang,Kadang-kadang,Kadang-kadang,Sering,Sering,Sering,Tidak Setuju,Tidak Setuju,Tidak Setuju,Tidak Setuju,Setuju,Sangat Tidak Setuju,Sangat Setuju,Tidak Setuju,Tidak Setuju,Sangat Tidak Setuju,Tidak Setuju,Setuju,Sangat Setuju,Sangat Tidak Setuju,Tidak Setuju,Tidak Setuju,Setuju,Setuju,Sangat Setuju,Setuju,Setuju,Sangat Setuju,Sangat Setuju,Sangat Tidak Setuju,Tidak Setuju,Sangat Tidak Setuju,Sangat Tidak Setuju,Tidak Setuju,Sangat Tidak Setuju,Tidak Setuju,Tidak Setuju,Sangat Setuju,Setuju,Tidak Setuju,Sangat Setuju,Sangat Setuju,Sangat Setuju,Sangat Setuju,Sangat Setuju,Setuju,3,3,4,4,4,3,3,3,Nasywaa Syifa,
17/09/2026 12:40:42,"Ya, Saya bersedia",NL,082361514314,Banda Aceh,Perempuan,40,SMA,Cerai Hidup,Wirausaha,4.000.000,,,,,ditinggal ke luar negri,7,20,27,2,Rumah Keluarga,,,,,,,,Sering,Selalu,Selalu,Sering,Sering,Sering,Selalu,Selalu,Sering,Sering,Selalu,Sering,Sering,Sering,Selalu,Selalu,Selalu,Sering,Sering,Sering,Sering,Selalu,Selalu,Sering,Sering,Sering,Selalu,Sering,Sering,Selalu,Jarang,Jarang,Jarang,Tidak Pernah,Tidak Pernah,Tidak Pernah,Jarang,Jarang,Tidak Pernah,Tidak Pernah,Tidak Pernah,Jarang,Jarang,Tidak Pernah,Jarang,Jarang,Jarang,Jarang,Jarang,Jarang,Jarang,Tidak Pernah,Tidak Pernah,Tidak Pernah,Tidak Setuju,Tidak Setuju,Tidak Setuju,Sangat Setuju,Sangat Tidak Setuju,Sangat Setuju,Sangat Tidak Setuju,Sangat Tidak Setuju,Sangat Tidak Setuju,Sangat Tidak Setuju,Sangat Setuju,Sangat Setuju,Sangat Tidak Setuju,Sangat Setuju,Sangat Setuju,Sangat Tidak Setuju,Sangat Setuju,Sangat Setuju,Sangat Setuju,Sangat Setuju,Sangat Setuju,Sangat Setuju,Sangat Setuju,Sangat Tidak Setuju,Sangat Tidak Setuju,Sangat Tidak Setuju,Sangat Setuju,Sangat Setuju,Sangat Tidak Setuju,Sangat Setuju,Sangat Setuju,Sangat Setuju,Sangat Setuju,Sangat Tidak Setuju,Sangat Setuju,Sangat Setuju,Sangat Setuju,Sangat Setuju,Sangat Tidak Setuju,Sangat Setuju,7,7,7,7,7,7,7,7,Nasywaa Syifa,
17/09/2026 12:45:44,"Ya, Saya bersedia",MR,085260658713,Aceh Besar,Laki-laki,50,S1,Menikah,Wirausaha,6.000.000,10,30,1,Rumah Keluarga,,,,,,,,,,,,,,Sering,Selalu,Selalu,Sering,Sering,Sering,Selalu,Selalu,Sering,Sering,Selalu,Selalu,Sering,Sering,Sering,Selalu,Selalu,Selalu,Sering,Sering,Sering,Selalu,Selalu,Sering,Sering,Sering,Selalu,Sering,Sering,Selalu,Jarang,Jarang,Jarang,Tidak Pernah,Tidak Pernah,Tidak Pernah,Jarang,Jarang,Tidak Pernah,Tidak Pernah,Tidak Pernah,Jarang,Jarang,Tidak Pernah,Jarang,Jarang,Jarang,Jarang,Jarang,Jarang,Jarang,Tidak Pernah,Tidak Pernah,Tidak Pernah,Sangat Tidak Setuju,Sangat Tidak Setuju,Sangat Tidak Setuju,Sangat Tidak Setuju,Sangat Tidak Setuju,Sangat Setuju,Sangat Tidak Setuju,Sangat Tidak Setuju,Sangat Tidak Setuju,Sangat Tidak Setuju,Sangat Setuju,Sangat Setuju,Sangat Tidak Setuju,Sangat Setuju,Sangat Setuju,Sangat Tidak Setuju,Sangat Setuju,Sangat Setuju,Sangat Setuju,Sangat Setuju,Sangat Setuju,Sangat Setuju,Sangat Setuju,Sangat Tidak Setuju,Sangat Tidak Setuju,Sangat Tidak Setuju,Sangat Setuju,Sangat Setuju,Sangat Tidak Setuju,Sangat Setuju,Sangat Setuju,Sangat Setuju,Sangat Setuju,Sangat Tidak Setuju,Sangat Setuju,Sangat Setuju,Sangat Setuju,Sangat Setuju,Sangat Tidak Setuju,Sangat Setuju,6,6,6,6,6,6,6,6,Nasywaa Syifa,
17/09/2026 12:52:28,"Ya, Saya bersedia",RY,085211908360,Aceh Besar,Laki-laki,40,SMA,Menikah,Karyawan Swasta,8.000.000,12,28,4,Rumah Sendiri,,,,,,,,,,,,,,Sering,Selalu,Selalu,Sering,Sering,Sering,Selalu,Selalu,Sering,Sering,Selalu,Sering,Sering,Sering,Selalu,Selalu,Selalu,Sering,Sering,Sering,Sering,Sering,Selalu,Sering,Sering,Sering,Selalu,Sering,Sering,Selalu,Jarang,Jarang,Jarang,Jarang,Tidak Pernah,Jarang,Jarang,Jarang,Tidak Pernah,Tidak Pernah,Tidak Pernah,Jarang,Jarang,Tidak Pernah,Jarang,Jarang,Jarang,Jarang,Jarang,Jarang,Jarang,Tidak Pernah,Tidak Pernah,Tidak Pernah,Sangat Tidak Setuju,Sangat Tidak Setuju,Sangat Tidak Setuju,Sangat Setuju,Sangat Tidak Setuju,Sangat Setuju,Sangat Tidak Setuju,Sangat Tidak Setuju,Sangat Tidak Setuju,Sangat Tidak Setuju,Sangat Setuju,Sangat Setuju,Sangat Tidak Setuju,Sangat Setuju,Sangat Setuju,Sangat Tidak Setuju,Sangat Setuju,Sangat Setuju,Sangat Setuju,Sangat Setuju,Sangat Setuju,Sangat Setuju,Sangat Setuju,Sangat Tidak Setuju,Sangat Tidak Setuju,Sangat Tidak Setuju,Sangat Setuju,Sangat Setuju,Sangat Tidak Setuju,Sangat Setuju,Sangat Setuju,Sangat Setuju,Sangat Setuju,Sangat Tidak Setuju,Sangat Setuju,Sangat Setuju,Sangat Setuju,Sangat Setuju,Sangat Tidak Setuju,Sangat Setuju,6,6,6,5,5,6,6,6,Nasywaa Syifa,
17/09/2026 12:57:39,"Ya, Saya bersedia",RI,085277720515,Aceh besar,Perempuan,52,SMA,Menikah,IRT,5.000.000,22,30,4,Rumah Keluarga,,,,,,,,,,,,,,Sering,Selalu,Selalu,Sering,Sering,Sering,Selalu,Selalu,Sering,Sering,Selalu,Sering,Sering,Sering,Selalu,Selalu,Selalu,Sering,Sering,Sering,Sering,Selalu,Selalu,Sering,Sering,Sering,Selalu,Sering,Sering,Selalu,Jarang,Jarang,Jarang,Tidak Pernah,Tidak Pernah,Tidak Pernah,Jarang,Jarang,Tidak Pernah,Tidak Pernah,Tidak Pernah,Jarang,Jarang,Tidak Pernah,Jarang,Jarang,Jarang,Jarang,Jarang,Jarang,Jarang,Tidak Pernah,Tidak Pernah,Tidak Pernah,Sangat Tidak Setuju,Sangat Tidak Setuju,Sangat Tidak Setuju,Sangat Setuju,Sangat Tidak Setuju,Sangat Setuju,Sangat Tidak Setuju,Sangat Tidak Setuju,Sangat Tidak Setuju,Sangat Tidak Setuju,Sangat Setuju,Sangat Setuju,Sangat Tidak Setuju,Sangat Setuju,Sangat Setuju,Sangat Tidak Setuju,Sangat Setuju,Sangat Setuju,Sangat Setuju,Sangat Setuju,Sangat Setuju,Sangat Setuju,Sangat Setuju,Sangat Tidak Setuju,Sangat Tidak Setuju,Sangat Tidak Setuju,Sangat Setuju,Sangat Setuju,Sangat Tidak Setuju,Sangat Setuju,Sangat Setuju,Sangat Setuju,Sangat Setuju,Sangat Tidak Setuju,Sangat Setuju,Sangat Setuju,Sangat Setuju,Sangat Setuju,Sangat Tidak Setuju,Sangat Setuju,7,7,6,6,5,6,5,5,Nasywaa Syifa,
17/09/2026 13:02:48,"Ya, Saya bersedia",D,-,Banda Aceh,Laki-laki,40,S1,Menikah,Karyawan Swasta,8.000.000,8,32,3,Rumah Sendiri,,,,,,,,,,,,,,Sering,Selalu,Selalu,Sering,Kadang-kadang,Kadang-kadang,Sering,Sering,Sering,Kadang-kadang,Sering,Kadang-kadang,Kadang-kadang,Sering,Sering,Kadang-kadang,Kadang-kadang,Kadang-kadang,Sering,Sering,Sering,Selalu,Selalu,Sering,Sering,Sering,Selalu,Sering,Sering,Selalu,Jarang,Jarang,Jarang,Tidak Pernah,Tidak Pernah,Tidak Pernah,Jarang,Jarang,Tidak Pernah,Tidak Pernah,Tidak Pernah,Jarang,Jarang,Tidak Pernah,Jarang,Jarang,Jarang,Jarang,Jarang,Jarang,Jarang,Tidak Pernah,Tidak Pernah,Tidak Pernah,Sangat Tidak Setuju,Sangat Tidak Setuju,Sangat Tidak Setuju,Sangat Setuju,Sangat Tidak Setuju,Sangat Setuju,Sangat Tidak Setuju,Sangat Tidak Setuju,Sangat Tidak Setuju,Sangat Tidak Setuju,Sangat Setuju,Sangat Setuju,Sangat Tidak Setuju,Sangat Setuju,Sangat Setuju,Sangat Tidak Setuju,Sangat Setuju,Sangat Setuju,Sangat Setuju,Sangat Setuju,Sangat Setuju,Sangat Setuju,Sangat Setuju,Sangat Tidak Setuju,Sangat Tidak Setuju,Sangat Tidak Setuju,Sangat Setuju,Sangat Setuju,Sangat Tidak Setuju,Sangat Setuju,Sangat Setuju,Sangat Setuju,Sangat Setuju,Sangat Tidak Setuju,Sangat Setuju,Sangat Setuju,Sangat Setuju,Sangat Setuju,Sangat Tidak Setuju,Sangat Setuju,8,8,8,8,8,8,8,8,Nasywaa Syifa,
17/09/2026 13:07:30,"Ya, Saya bersedia",JW,089531140155,Aceh Besar,Perempuan,40,S1,Menikah,PNS,6.000.000,18,30,3,Rumah Sendiri,,,,,,,,,,,,,,Sering,Sering,Sering,Selalu,Selalu,Sering,Selalu,Sering,Sering,Sering,Selalu,Sering,Sering,Sering,Sering,Sering,Sering,Sering,Sering,Sering,Selalu,Sering,Selalu,Sering,Sering,Selalu,Selalu,Selalu,Selalu,Sering,Sering,Selalu,Selalu,Tidak Pernah,Tidak Pernah,Tidak Pernah,Tidak Pernah,Jarang,Tidak Pernah,Jarang,Sering,Sering,Sering,Sering,Sering,Kadang-kadang,Jarang,Tidak Pernah,Jarang,Tidak Pernah,Jarang,Jarang,Jarang,Jarang,Sangat Tidak Setuju,Sangat Tidak Setuju,Tidak Setuju,Sangat Setuju,Sangat Tidak Setuju,Sangat Setuju,Sangat Tidak Setuju,Sangat Tidak Setuju,Tidak Setuju,Tidak Setuju,Setuju,Sangat Setuju,Tidak Setuju,Sangat Setuju,Sangat Setuju,Tidak Setuju,Sangat Setuju,Sangat Setuju,Sangat Setuju,Sangat Setuju,Setuju,Sangat Setuju,Setuju,Tidak Setuju,Sangat Tidak Setuju,Sangat Tidak Setuju,Sangat Setuju,Sangat Setuju,Sangat Tidak Setuju,Sangat Setuju,Sangat Setuju,Sangat Setuju,Setuju,Tidak Setuju,Sangat Setuju,Setuju,Sangat Setuju,Setuju,Tidak Setuju,Sangat Tidak Setuju,8,8,8,8,7,7,6,7,Nasywaa Syifa,
17/09/2026 13:12:30,"Ya, Saya bersedia",KN,082377971314,Aceh Besar,Perempuan,30,SMA,Menikah,IRT,5.000.000,8,23,2,Rumah Sendiri,,,,,,,,,,,,,,Sering,Sering,Sering,Sering,Sering,Sering,Selalu,Selalu,Selalu,Sering,Sering,Sering,Sering,Sering,Sering,Sering,Sering,Sering,Sering,Sering,Sering,Sering,Selalu,Sering,Selalu,Selalu,Sering,Sering,Sering,Sering,Selalu,Sering,Selalu,Jarang,Tidak Pernah,Jarang,Tidak Pernah,Selalu,Tidak Pernah,Tidak Pernah,Kadang-kadang,Kadang-kadang,Sering,Sering,Kadang-kadang,Sering,Kadang-kadang,Jarang,Jarang,Jarang,Jarang,Tidak Pernah,Tidak Pernah,Tidak Pernah,Tidak Setuju,Sangat Tidak Setuju,Tidak Setuju,Setuju,Sangat Tidak Setuju,Sangat Setuju,Sangat Tidak Setuju,Tidak Setuju,Tidak Setuju,Tidak Setuju,Sangat Setuju,Sangat Setuju,Sangat Tidak Setuju,Sangat Setuju,Sangat Setuju,Sangat Tidak Setuju,Sangat Setuju,Sangat Setuju,Setuju,Setuju,Sangat Setuju,Setuju,Sangat Setuju,Setuju,Sangat Tidak Setuju,Sangat Tidak Setuju,Sangat Setuju,Sangat Setuju,Sangat Tidak Setuju,Sangat Setuju,Setuju,Setuju,Sangat Setuju,Sangat Tidak Setuju,Setuju,Setuju,Sangat Setuju,Sangat Setuju,Sangat Tidak Setuju,Sangat Tidak Setuju,8,8,8,8,8,8,8,8,Nasywaa Syifa,
17/09/2026 13:18:10,"Ya, Saya bersedia",SR,085283830854,Bireun,Perempuan,33,S1,Menikah,guru,6.000.000,6,27,2,Rumah Sendiri,,,,,,,,,,,,,,Sering,Kadang-kadang,Sering,Selalu,Sering,Sering,Kadang-kadang,Sering,Sering,Kadang-kadang,Kadang-kadang,Selalu,Kadang-kadang,Sering,Sering,Kadang-kadang,Sering,Selalu,Sering,Sering,Kadang-kadang,Sering,Sering,Kadang-kadang,Kadang-kadang,Kadang-kadang,Sering,Sering,Sering,Kadang-kadang,Jarang,Jarang,Jarang,Jarang,Jarang,Tidak Pernah,Jarang,Jarang,Tidak Pernah,Kadang-kadang,Kadang-kadang,Tidak Pernah,Tidak Pernah,Jarang,Jarang,Kadang-kadang,Kadang-kadang,Kadang-kadang,Jarang,Jarang,Jarang,Jarang,Kadang-kadang,Kadang-kadang,Sangat Tidak Setuju,Sangat Tidak Setuju,Sangat Tidak Setuju,Sangat Setuju,Sangat Tidak Setuju,Sangat Setuju,Sangat Tidak Setuju,Sangat Tidak Setuju,Tidak Setuju,Sangat Tidak Setuju,Sangat Setuju,Sangat Setuju,Sangat Tidak Setuju,Sangat Setuju,Sangat Setuju,Sangat Tidak Setuju,Sangat Setuju,Sangat Setuju,Sangat Tidak Setuju,Sangat Setuju,Sangat Setuju,Sangat Setuju,Sangat Setuju,Sangat Tidak Setuju,Sangat Tidak Setuju,Sangat Tidak Setuju,Sangat Setuju,Sangat Setuju,Sangat Tidak Setuju,Sangat Setuju,Sangat Setuju,Sangat Setuju,Sangat Setuju,Sangat Tidak Setuju,Sangat Setuju,Sangat Tidak Setuju,Sangat Setuju,Sangat Setuju,Sangat Tidak Setuju,Sangat Setuju,5,5,5,5,5,5,5,5,Nasywaa Syifa,
17/09/2026 19:29:26,"Ya, Saya bersedia",UL,085381983844,Aceh Selatan,Laki-laki,67,SMA,Menikah,Petani,4.000.000,26,41,5,Rumah Sendiri,,,,,,,,,,,,,,Sering,Sering,Sering,Selalu,Kadang-kadang,Kadang-kadang,Kadang-kadang,Sering,Sering,Sering,Kadang-kadang,Sering,Kadang-kadang,Kadang-kadang,Sering,Kadang-kadang,Kadang-kadang,Kadang-kadang,Sering,Sering,Sering,Sering,Sering,Sering,Sering,Sering,Sering,Selalu,Selalu,Selalu,Jarang,Tidak Pernah,Tidak Pernah,Jarang,Jarang,Jarang,Jarang,Jarang,Tidak Pernah,Tidak Pernah,Jarang,Jarang,Tidak Pernah,Jarang,Jarang,Jarang,Tidak Pernah,Tidak Pernah,Jarang,Jarang,Jarang,Jarang,Tidak Pernah,Tidak Pernah,Sangat Tidak Setuju,Sangat Tidak Setuju,Sangat Tidak Setuju,Sangat Setuju,Sangat Tidak Setuju,Sangat Setuju,Sangat Tidak Setuju,Sangat Tidak Setuju,Sangat Tidak Setuju,Sangat Tidak Setuju,Sangat Setuju,Sangat Setuju,Sangat Tidak Setuju,Sangat Setuju,Sangat Setuju,Sangat Tidak Setuju,Sangat Setuju,Sangat Setuju,Sangat Setuju,Sangat Setuju,Sangat Tidak Setuju,Sangat Tidak Setuju,Sangat Tidak Setuju,Sangat Tidak Setuju,Sangat Tidak Setuju,Sangat Tidak Setuju,Sangat Setuju,Sangat Setuju,Sangat Tidak Setuju,Sangat Setuju,Sangat Setuju,Sangat Setuju,Sangat Setuju,Sangat Tidak Setuju,Sangat Setuju,Sangat Setuju,Sangat Setuju,Sangat Setuju,Sangat Tidak Setuju,Sangat Setuju,4,4,4,4,4,4,4,4,Nasywaa Syifa,
17/09/2026 19:33:42,"Ya, Saya bersedia",NR,-,Banda Aceh,Laki-laki,36,S2,Menikah,Dosen,7.000.000,9,26,2,Rumah Sendiri,,,,,,,,,,,,,,Sering,Sering,Sering,Sering,Sering,Kadang-kadang,Kadang-kadang,Sering,Sering,Sering,Kadang-kadang,Kadang-kadang,Sering,Sering,Sering,Kadang-kadang,Kadang-kadang,Kadang-kadang,Sering,Sering,Sering,Sering,Sering,Sering,Sering,Sering,Sering,Selalu,Selalu,Sering,Kadang-kadang,Jarang,Tidak Pernah,Jarang,Tidak Pernah,Tidak Pernah,Tidak Pernah,Jarang,Tidak Pernah,Tidak Pernah,Jarang,Tidak Pernah,Jarang,Jarang,Tidak Pernah,Tidak Pernah,Jarang,Jarang,Jarang,Jarang,Jarang,Jarang,Jarang,Jarang,Sangat Tidak Setuju,Sangat Tidak Setuju,Sangat Tidak Setuju,Sangat Setuju,Sangat Tidak Setuju,Sangat Setuju,Sangat Tidak Setuju,Sangat Tidak Setuju,Sangat Tidak Setuju,Sangat Tidak Setuju,Sangat Setuju,Sangat Setuju,Sangat Tidak Setuju,Sangat Setuju,Sangat Setuju,Sangat Tidak Setuju,Sangat Setuju,Sangat Setuju,Sangat Setuju,Sangat Setuju,Sangat Setuju,Sangat Setuju,Sangat Setuju,Sangat Tidak Setuju,Sangat Tidak Setuju,Sangat Tidak Setuju,Sangat Setuju,Sangat Setuju,Sangat Tidak Setuju,Sangat Setuju,Sangat Setuju,Sangat Setuju,Sangat Setuju,Sangat Tidak Setuju,Sangat Setuju,Sangat Setuju,Sangat Setuju,Sangat Setuju,Sangat Tidak Setuju,Sangat Setuju,4,4,4,4,4,4,4,4,Nasywaa Syifa,
17/09/2026 19:37:49,"Ya, Saya bersedia",T,-,aceh besar,Laki-laki,30,D-III / D-IV,Menikah,Pegawai Negri,5.000.000,3,27,2,Rumah Sewa,,,,,,,,,,,,,,Sering,Kadang-kadang,Sering,Sering,Kadang-kadang,Sering,Kadang-kadang,Sering,Sering,Kadang-kadang,Sering,Sering,Sering,Selalu,Selalu,Sering,Selalu,Selalu,Selalu,Selalu,Sering,Sering,Sering,Sering,Kadang-kadang,Sering,Sering,Sering,Sering,Kadang-kadang,Jarang,Jarang,Jarang,Jarang,Jarang,Jarang,Tidak Pernah,Tidak Pernah,Tidak Pernah,Tidak Pernah,Kadang-kadang,Selalu,Tidak Pernah,Tidak Pernah,Tidak Pernah,Jarang,Jarang,Jarang,Jarang,Jarang,Jarang,Sering,Sering,Sering,Sangat Tidak Setuju,Sangat Tidak Setuju,Sangat Tidak Setuju,Sangat Setuju,Sangat Tidak Setuju,Sangat Setuju,Sangat Tidak Setuju,Sangat Tidak Setuju,Tidak Setuju,Sangat Tidak Setuju,Sangat Setuju,Sangat Setuju,Sangat Tidak Setuju,Sangat Setuju,Sangat Setuju,Sangat Tidak Setuju,Sangat Setuju,Sangat Setuju,Sangat Tidak Setuju,Sangat Setuju,Sangat Setuju,Sangat Setuju,Sangat Setuju,Sangat Tidak Setuju,Sangat Tidak Setuju,Sangat Tidak Setuju,Sangat Setuju,Sangat Setuju,Sangat Tidak Setuju,Sangat Setuju,Sangat Setuju,Sangat Setuju,Sangat Setuju,Sangat Tidak Setuju,Sangat Setuju,Sangat Tidak Setuju,Sangat Setuju,Sangat Setuju,Sangat Tidak Setuju,Sangat Setuju,5,5,5,5,5,5,5,5,Nasywaa Syifa,
17/09/2026 19:47:22,"Ya, Saya bersedia",EL,085270217801,Aceh tengah,Laki-laki,50,S1,Menikah,PNS,8.000.000,20,30,4,Rumah Sendiri,,,,,,,,,,,,,,Sering,Sering,Sering,Sering,Sering,Sering,Kadang-kadang,Kadang-kadang,Sering,Sering,Sering,Kadang-kadang,Sering,Sering,Sering,Kadang-kadang,Sering,Sering,Sering,Kadang-kadang,Sering,Sering,Sering,Kadang-kadang,Sering,Sering,Sering,Sering,Sering,Sering,Kadang-kadang,Jarang,Jarang,Tidak Pernah,Tidak Pernah,Tidak Pernah,Tidak Pernah,Jarang,Tidak Pernah,Tidak Pernah,Tidak Pernah,Jarang,Jarang,Tidak Pernah,Jarang,Jarang,Jarang,Jarang,Jarang,Jarang,Jarang,Kadang-kadang,Tidak Pernah,Jarang,Sangat Tidak Setuju,Sangat Tidak Setuju,Sangat Tidak Setuju,Sangat Setuju,Sangat Tidak Setuju,Sangat Setuju,Sangat Tidak Setuju,Sangat Tidak Setuju,Sangat Tidak Setuju,Sangat Tidak Setuju,Sangat Setuju,Sangat Setuju,Sangat Tidak Setuju,Sangat Setuju,Sangat Setuju,Sangat Tidak Setuju,Sangat Setuju,Sangat Setuju,Sangat Setuju,Sangat Setuju,Sangat Setuju,Sangat Setuju,Sangat Setuju,Sangat Tidak Setuju,Sangat Tidak Setuju,Sangat Tidak Setuju,Sangat Setuju,Sangat Setuju,Sangat Tidak Setuju,Sangat Setuju,Sangat Setuju,Sangat Setuju,Sangat Setuju,Sangat Tidak Setuju,Sangat Setuju,Sangat Setuju,Sangat Setuju,Sangat Setuju,Sangat Tidak Setuju,Sangat Setuju,4,4,4,4,4,4,4,4,Nasywaa Syifa,
17/09/2026 19:51:29,"Ya, Saya bersedia",DN,-,Pidie Jaya,Laki-laki,43,SMA,Menikah,Wiraswasta,4.000.000,10,25,2,Rumah Sewa,,,,,,,,,,,,,,Jarang,Kadang-kadang,Jarang,Jarang,Jarang,Jarang,Jarang,Selalu,Selalu,Jarang,Kadang-kadang,Kadang-kadang,Jarang,Kadang-kadang,Kadang-kadang,Jarang,Jarang,Kadang-kadang,Jarang,Jarang,Kadang-kadang,Kadang-kadang,Kadang-kadang,Kadang-kadang,Kadang-kadang,Kadang-kadang,Kadang-kadang,Kadang-kadang,Kadang-kadang,Jarang,Jarang,Jarang,Jarang,Jarang,Jarang,Jarang,Jarang,Kadang-kadang,Jarang,Jarang,Kadang-kadang,Kadang-kadang,Kadang-kadang,Jarang,Kadang-kadang,Kadang-kadang,Kadang-kadang,Kadang-kadang,Kadang-kadang,Kadang-kadang,Kadang-kadang,Kadang-kadang,Jarang,Jarang,Sangat Tidak Setuju,Sangat Tidak Setuju,Sangat Tidak Setuju,Sangat Setuju,Sangat Tidak Setuju,Sangat Setuju,Sangat Tidak Setuju,Sangat Tidak Setuju,Sangat Tidak Setuju,Sangat Tidak Setuju,Sangat Setuju,Sangat Setuju,Sangat Tidak Setuju,Sangat Setuju,Sangat Setuju,Sangat Tidak Setuju,Sangat Setuju,Sangat Setuju,Sangat Setuju,Sangat Setuju,Sangat Setuju,Sangat Setuju,Sangat Setuju,Sangat Tidak Setuju,Sangat Tidak Setuju,Sangat Tidak Setuju,Sangat Setuju,Sangat Setuju,Sangat Tidak Setuju,Sangat Setuju,Sangat Setuju,Sangat Setuju,Sangat Setuju,Sangat Tidak Setuju,Sangat Setuju,Sangat Setuju,Sangat Setuju,Sangat Setuju,Sangat Tidak Setuju,Sangat Setuju,4,5,5,4,3,5,5,5,Nasywaa Syifa,
17/09/2026 19:55:43,"Ya, Saya bersedia",Ay,085372393860,Aceh besar,Laki-laki,37,S1,Menikah,guru,6.000.000,14,23,3,Rumah Sendiri,,,,,,,,,,,,,,Jarang,Kadang-kadang,Jarang,Jarang,Jarang,Jarang,Jarang,Kadang-kadang,Kadang-kadang,Jarang,Kadang-kadang,Kadang-kadang,Jarang,Kadang-kadang,Kadang-kadang,Jarang,Jarang,Kadang-kadang,Kadang-kadang,Kadang-kadang,Kadang-kadang,Kadang-kadang,Kadang-kadang,Kadang-kadang,Jarang,Jarang,Jarang,Kadang-kadang,Kadang-kadang,Jarang,Jarang,Jarang,Jarang,Jarang,Jarang,Jarang,Kadang-kadang,Jarang,Jarang,Jarang,Kadang-kadang,Kadang-kadang,Kadang-kadang,Kadang-kadang,Kadang-kadang,Jarang,Jarang,Jarang,Jarang,Jarang,Jarang,Jarang,Jarang,Jarang,Sangat Tidak Setuju,Sangat Tidak Setuju,Sangat Setuju,Sangat Tidak Setuju,Sangat Setuju,Sangat Tidak Setuju,Sangat Tidak Setuju,Tidak Setuju,Sangat Tidak Setuju,Sangat Setuju,Sangat Setuju,Sangat Setuju,Sangat Tidak Setuju,Sangat Setuju,Sangat Setuju,Sangat Tidak Setuju,Sangat Setuju,Sangat Setuju,Sangat Setuju,Sangat Setuju,Sangat Setuju,Sangat Setuju,Sangat Setuju,Sangat Tidak Setuju,Sangat Tidak Setuju,Sangat Tidak Setuju,Sangat Setuju,Sangat Setuju,Sangat Tidak Setuju,Sangat Setuju,Sangat Setuju,Sangat Setuju,Sangat Tidak Setuju,Sangat Setuju,Sangat Setuju,Sangat Setuju,Sangat Setuju,Sangat Setuju,Sangat Tidak Setuju,Sangat Setuju,4,4,3,5,4,4,4,4,Nasywaa Syifa,
17/09/2026 20:00:42,"Ya, Saya bersedia",BZ,085277720411,Aceh besar,Laki-laki,48,SMA,Menikah,Nelayan,4.000.000,19,29,4,Rumah Sendiri,,,,,,,,,,,,,,Kadang-kadang,Jarang,Kadang-kadang,Kadang-kadang,Kadang-kadang,Kadang-kadang,Kadang-kadang,Kadang-kadang,Kadang-kadang,Jarang,Jarang,Jarang,Kadang-kadang,Sering,Jarang,Jarang,Jarang,Kadang-kadang,Kadang-kadang,Kadang-kadang,Sering,Sering,Sering,Kadang-kadang,Kadang-kadang,Jarang,Jarang,Jarang,Jarang,Tidak Pernah,Sering,Sering,Sering,Selalu,Sering,Sering,Sering,Sering,Kadang-kadang,Kadang-kadang,Sering,Selalu,Selalu,Selalu,Selalu,Selalu,Sering,Sering,Kadang-kadang,Sering,Kadang-kadang,Kadang-kadang,Kadang-kadang,Sering,Sangat Tidak Setuju,Sangat Tidak Setuju,Tidak Setuju,Setuju,Tidak Setuju,Tidak Setuju,Tidak Setuju,Tidak Setuju,Tidak Setuju,Sangat Tidak Setuju,Sangat Tidak Setuju,Setuju,Setuju,Tidak Setuju,Setuju,Tidak Setuju,Setuju,Setuju,Setuju,Setuju,Setuju,Setuju,Setuju,Sangat Tidak Setuju,Tidak Setuju,Sangat Tidak Setuju,Setuju,Sangat Setuju,Tidak Setuju,Setuju,Setuju,Sangat Setuju,Tidak Setuju,Sangat Setuju,Sangat Setuju,Setuju,Setuju,Tidak Setuju,Setuju,Setuju,5,5,5,5,5,5,5,5,Nasywaa Syifa,
17/09/2026 20:05:23,"Ya, Saya bersedia",BY,-,Banda Aceh,Laki-laki,33,S1,Menikah,Karyawan Swasta,5.500.000,7,26,1,Rumah Sewa,,,,,,,,,,,,,,Jarang,Kadang-kadang,Jarang,Kadang-kadang,Kadang-kadang,Kadang-kadang,Kadang-kadang,Jarang,Jarang,Kadang-kadang,Jarang,Jarang,Kadang-kadang,Jarang,Jarang,Kadang-kadang,Kadang-kadang,Jarang,Kadang-kadang,Kadang-kadang,Jarang,Jarang,Kadang-kadang,Kadang-kadang,Kadang-kadang,Jarang,Kadang-kadang,Jarang,Jarang,Kadang-kadang,Sering,Sering,Sering,Kadang-kadang,Sering,Selalu,Selalu,Selalu,Sering,Sering,Sering,Selalu,Selalu,Selalu,Selalu,Selalu,Selalu,Kadang-kadang,Kadang-kadang,Kadang-kadang,Kadang-kadang,Kadang-kadang,Kadang-kadang,Kadang-kadang,Sangat Tidak Setuju,Tidak Setuju,Tidak Setuju,Sangat Tidak Setuju,Setuju,Tidak Setuju,Setuju,Sangat Tidak Setuju,Tidak Setuju,Tidak Setuju,Setuju,Sangat Setuju,Tidak Setuju,Setuju,Setuju,Tidak Setuju,Sangat Setuju,Sangat Setuju,Sangat Setuju,Setuju,Sangat Setuju,Setuju,Setuju,Tidak Setuju,Tidak Setuju,Sangat Tidak Setuju,Setuju,Setuju,Tidak Setuju,Sangat Setuju,Setuju,Setuju,Sangat Setuju,Tidak Setuju,Sangat Setuju,Setuju,Setuju,Sangat Setuju,Tidak Setuju,Setuju,7,7,7,7,6,7,7,7,Nasywaa Syifa,
17/09/2026 20:10:39,"Ya, Saya bersedia",SC,082361404510,Aceh utara,Perempuan,40,SMA,Menikah,petani,3.500.000,8,26,2,Rumah Sendiri,,,,,,,,,,,,,,Sering,Sering,Selalu,Selalu,Sering,Sering,Selalu,Selalu,Sering,Sering,Selalu,Sering,Sering,Sering,Selalu,Selalu,Selalu,Sering,Sering,Sering,Sering,Selalu,Selalu,Selalu,Sering,Selalu,Selalu,Sering,Sering,Sering,Jarang,Jarang,Jarang,Tidak Pernah,Tidak Pernah,Tidak Pernah,Jarang,Jarang,Jarang,Tidak Pernah,Tidak Pernah,Jarang,Jarang,Jarang,Jarang,Jarang,Jarang,Jarang,Jarang,Jarang,Tidak Pernah,Tidak Pernah,Tidak Pernah,Tidak Pernah,Sangat Tidak Setuju,Tidak Setuju,Tidak Setuju,Sangat Setuju,Tidak Setuju,Setuju,Tidak Setuju,Sangat Tidak Setuju,Tidak Setuju,Tidak Setuju,Sangat Setuju,Setuju,Tidak Setuju,Sangat Setuju,Setuju,Tidak Setuju,Setuju,Sangat Setuju,Setuju,Sangat Setuju,Setuju,Sangat Setuju,Sangat Setuju,Tidak Setuju,Tidak Setuju,Sangat Tidak Setuju,Sangat Setuju,Sangat Setuju,Sangat Tidak Setuju,Setuju,Sangat Setuju,Setuju,Sangat Setuju,Sangat Tidak Setuju,Sangat Setuju,Sangat Setuju,Sangat Setuju,Sangat Setuju,Sangat Tidak Setuju,Sangat Setuju,8,8,8,8,8,8,8,8,Nasywaa Syifa,
17/09/2026 20:17:14,"Ya, Saya bersedia",WR,-,Banda Aceh,Laki-laki,39,D-III / D-IV,Menikah,Wirausaha,6.000.000,14,25,2,Rumah Sendiri,,,,,,,,,,,,,,Sering,Kadang-kadang,Sering,Sering,Selalu,Selalu,Sering,Selalu,Selalu,Sering,Kadang-kadang,Sering,Kadang-kadang,Sering,Sering,Kadang-kadang,Sering,Selalu,Sering,Sering,Kadang-kadang,Sering,Sering,Kadang-kadang,Kadang-kadang,Kadang-kadang,Sering,Sering,Sering,Kadang-kadang,Jarang,Jarang,Jarang,Jarang,Jarang,Jarang,Tidak Pernah,Jarang,Tidak Pernah,Jarang,Jarang,Kadang-kadang,Tidak Pernah,Kadang-kadang,Kadang-kadang,Tidak Pernah,Kadang-kadang,Kadang-kadang,Jarang,Jarang,Jarang,Kadang-kadang,Kadang-kadang,Kadang-kadang,Sangat Tidak Setuju,Sangat Tidak Setuju,Tidak Setuju,Sangat Setuju,Tidak Setuju,Tidak Setuju,Setuju,Tidak Setuju,Tidak Setuju,Setuju,Tidak Setuju,Tidak Setuju,Tidak Setuju,Setuju,Setuju,Sangat Tidak Setuju,Tidak Setuju,Tidak Setuju,Setuju,Tidak Setuju,Sangat Tidak Setuju,Tidak Setuju,Tidak Setuju,Setuju,Tidak Setuju,Sangat Tidak Setuju,Sangat Setuju,Sangat Setuju,Sangat Tidak Setuju,Sangat Setuju,Setuju,Setuju,Setuju,Tidak Setuju,Sangat Setuju,Tidak Setuju,Setuju,Setuju,Sangat Tidak Setuju,Sangat Tidak Setuju,5,6,5,5,6,5,5,6,Nasywaa Syifa,
17/09/2026 20:30:51,"Ya, Saya bersedia",MY,-,Banda aceh,Perempuan,46,SMA,Menikah,IRT,4.500.000,12,28,3,Rumah Sendiri,,,,,,,,,,,,,,Sering,Kadang-kadang,Sering,Selalu,Kadang-kadang,Kadang-kadang,Kadang-kadang,Sering,Sering,Kadang-kadang,Kadang-kadang,Sering,Kadang-kadang,Sering,Sering,Kadang-kadang,Sering,Sering,Selalu,Selalu,Sering,Sering,Kadang-kadang,Sering,Sering,Sering,Sering,Sering,Sering,Kadang-kadang,Jarang,Tidak Pernah,Jarang,Jarang,Jarang,Jarang,Jarang,Tidak Pernah,Tidak Pernah,Tidak Pernah,Kadang-kadang,Kadang-kadang,Jarang,Tidak Pernah,Tidak Pernah,Tidak Pernah,Jarang,Jarang,Jarang,Jarang,Jarang,Kadang-kadang,Kadang-kadang,Kadang-kadang,Sangat Tidak Setuju,Sangat Tidak Setuju,Tidak Setuju,Setuju,Tidak Setuju,Sangat Setuju,Sangat Tidak Setuju,Tidak Setuju,Sangat Tidak Setuju,Setuju,Setuju,Sangat Setuju,Tidak Setuju,Sangat Setuju,Sangat Setuju,Sangat Tidak Setuju,Setuju,Sangat Setuju,Sangat Tidak Setuju,Sangat Setuju,Setuju,Setuju,Setuju,Sangat Tidak Setuju,Tidak Setuju,Tidak Setuju,Setuju,Sangat Setuju,Tidak Setuju,Setuju,Sangat Setuju,Sangat Setuju,Sangat Setuju,Tidak Setuju,Setuju,Sangat Tidak Setuju,Setuju,Sangat Setuju,Tidak Setuju,Sangat Setuju,6,7,6,7,6,6,6,6,Nasywaa Syifa,
17/09/2026 20:35:35,"Ya, Saya bersedia",F,-,Banda Aceh,Laki-laki,34,S1,Cerai Hidup,Karyawan Swasta,5.000.000,,,,,tidak cocok,9,25,34,1,Rumah Sewa,,,,,,,,Tidak pernah,Tidak Pernah,Tidak Pernah,Tidak Pernah,Jarang,Jarang,Jarang,Jarang,Kadang-kadang,Tidak Pernah,Jarang,Jarang,Jarang,Tidak Pernah,Tidak Pernah,Jarang,Kadang-kadang,Jarang,Tidak Pernah,Tidak Pernah,Tidak Pernah,Jarang,Tidak Pernah,Tidak Pernah,Tidak Pernah,Tidak Pernah,Jarang,Kadang-kadang,Tidak Pernah,Tidak Pernah,Sering,Selalu,Sering,Sering,Sering,Sering,Selalu,Sering,Selalu,Sering,Kadang-kadang,Sering,Selalu,Sering,Selalu,Kadang-kadang,Kadang-kadang,Kadang-kadang,Sering,Sering,Selalu,Selalu,Sering,Sering,Sangat Tidak Setuju,Sangat Tidak Setuju,Sangat Tidak Setuju,Sangat Setuju,Tidak Setuju,Setuju,Sangat Tidak Setuju,Tidak Setuju,Tidak Setuju,Sangat Tidak Setuju,Setuju,Sangat Setuju,Sangat Tidak Setuju,Setuju,Sangat Setuju,Tidak Setuju,Sangat Setuju,Sangat Setuju,Sangat Tidak Setuju,Setuju,Setuju,Tidak Setuju,Sangat Tidak Setuju,Tidak Setuju,Tidak Setuju,Setuju,Sangat Setuju,Setuju,Tidak Setuju,Tidak Setuju,Setuju,Setuju,Sangat Setuju,Sangat Setuju,Sangat Setuju,Setuju,Tidak Setuju,Sangat Setuju,Sangat Tidak Setuju,Tidak Setuju,5,5,5,5,5,6,6,6,Nasywaa Syifa,
17/09/2026 20:40:44,"Ya, Saya bersedia",If,085359127317,Banda Aceh,Laki-laki,44,SMA,Menikah,wirausaha,5.000.000,18,26,3,Rumah Sendiri,,,,,,,,,,,,,,Selalu,Sering,Kadang-kadang,Sering,Kadang-kadang,Sering,Sering,Sering,Sering,Kadang-kadang,Kadang-kadang,Sering,Kadang-kadang,Sering,Sering,Kadang-kadang,Selalu,Selalu,Selalu,Sering,Sering,Sering,Sering,Kadang-kadang,Sering,Sering,Sering,Sering,Sering,Kadang-kadang,Jarang,Jarang,Tidak Pernah,Jarang,Jarang,Jarang,Tidak Pernah,Tidak Pernah,Tidak Pernah,Jarang,Kadang-kadang,Kadang-kadang,Tidak Pernah,Tidak Pernah,Tidak Pernah,Tidak Pernah,Jarang,Jarang,Jarang,Jarang,Jarang,Jarang,Jarang,Jarang,Sangat Tidak Setuju,Tidak Setuju,Tidak Setuju,Setuju,Tidak Setuju,Sangat Setuju,Sangat Tidak Setuju,Setuju,Tidak Setuju,Setuju,Sangat Setuju,Setuju,Tidak Setuju,Setuju,Sangat Setuju,Setuju,Setuju,Tidak Setuju,Setuju,Setuju,Sangat Setuju,Sangat Setuju,Sangat Setuju,Tidak Setuju,Tidak Setuju,Tidak Setuju,Setuju,Setuju,Sangat Tidak Setuju,Sangat Setuju,Sangat Setuju,Sangat Setuju,Sangat Setuju,Tidak Setuju,Sangat Setuju,Setuju,Setuju,Tidak Setuju,Tidak Setuju,Sangat Tidak Setuju,7,7,7,7,7,7,7,7,Nasywaa Syifa,
17/09/2026 20:44:40,"Ya, Saya bersedia",OY,-,BANDA ACEH,Perempuan,39,S1,Menikah,IRT,6.000.000,15,24,3,Rumah Sewa,,,,,,,,,,,,,,Sering,Kadang-kadang,Kadang-kadang,Kadang-kadang,Jarang,Sering,Jarang,Jarang,Kadang-kadang,Kadang-kadang,Sering,Jarang,Tidak Pernah,Jarang,Tidak Pernah,Tidak Pernah,Tidak Pernah,Jarang,Tidak Pernah,Kadang-kadang,Tidak Pernah,Kadang-kadang,Tidak Pernah,Jarang,Jarang,Tidak Pernah,Tidak Pernah,Tidak Pernah,Tidak Pernah,Tidak Pernah,Kadang-kadang,Sering,Sering,Sering,Sering,Sering,Sering,Sering,Sering,Selalu,Selalu,Sering,Sering,Sering,Sering,Sering,Kadang-kadang,Kadang-kadang,Selalu,Selalu,Selalu,Selalu,Selalu,Selalu,Sangat Tidak Setuju,Sangat Tidak Setuju,Tidak Setuju,Setuju,Setuju,Tidak Setuju,Setuju,Sangat Tidak Setuju,Tidak Setuju,Tidak Setuju,Setuju,Setuju,Tidak Setuju,Tidak Setuju,Setuju,Tidak Setuju,Sangat Setuju,Sangat Setuju,Setuju,Setuju,Tidak Setuju,Sangat Setuju,Sangat Tidak Setuju,Tidak Setuju,Tidak Setuju,Setuju,Tidak Setuju,Setuju,Tidak Setuju,Setuju,Sangat Tidak Setuju,Setuju,Tidak Setuju,Setuju,Setuju,Setuju,Setuju,Setuju,Tidak Setuju,Setuju,4,3,3,3,3,2,4,2,Nasywaa Syifa,
17/09/2026 20:52:24,"Ya, Saya bersedia",S,085322671982,Banda Aceh,Laki-laki,47,SMA,Menikah,petani,4.000.000,18,29,4,Rumah Sendiri,,,,,,,,,,,,,,Sering,Sering,Sering,Sering,Sering,Sering,Sering,Sering,Sering,Sering,Sering,Sering,Sering,Kadang-kadang,Sering,Sering,Sering,Kadang-kadang,Sering,Sering,Sering,Sering,Sering,Sering,Sering,Sering,Selalu,Sering,Sering,Sering,Jarang,Jarang,Jarang,Jarang,Tidak Pernah,Jarang,Jarang,Jarang,Jarang,Jarang,Jarang,Selalu,Selalu,Selalu,Selalu,Selalu,Selalu,Selalu,Kadang-kadang,Jarang,Jarang,Jarang,Jarang,Jarang,Tidak Setuju,Tidak Setuju,Tidak Setuju,Sangat Setuju,Sangat Tidak Setuju,Sangat Setuju,Sangat Tidak Setuju,Sangat Tidak Setuju,Sangat Tidak Setuju,Sangat Tidak Setuju,Sangat Setuju,Sangat Tidak Setuju,Sangat Tidak Setuju,Sangat Setuju,Sangat Setuju,Sangat Tidak Setuju,Sangat Setuju,Sangat Setuju,Sangat Setuju,Sangat Setuju,Sangat Setuju,Sangat Setuju,Sangat Setuju,Sangat Tidak Setuju,Sangat Setuju,Sangat Setuju,Sangat Setuju,Sangat Setuju,Sangat Tidak Setuju,Sangat Setuju,Sangat Setuju,Sangat Setuju,Sangat Setuju,Sangat Setuju,Sangat Setuju,Sangat Setuju,Sangat Setuju,Sangat Setuju,Sangat Setuju,Sangat Setuju,6,5,5,4,4,5,5,5,Nasywaa Syifa,
17/09/2026 20:57:02,"Ya, Saya bersedia",SA,081362557520,Aceh Besar,Laki-laki,36,D-III / D-IV,Menikah,Karyawan Swasta,5.000.000,11,25,2,Rumah Sewa,,,,,,,,,,,,,,Sering,Sering,Selalu,Selalu,Sering,Selalu,Sering,Sering,Selalu,Selalu,Sering,Selalu,Sering,Selalu,Selalu,Sering,Sering,Sering,Sering,Sering,Selalu,Sering,Sering,Selalu,Sering,Sering,Sering,Selalu,Selalu,Sering,Jarang,Tidak Pernah,Tidak Pernah,Tidak Pernah,Jarang,Jarang,Jarang,Jarang,Tidak Pernah,Tidak Pernah,Tidak Pernah,Jarang,Jarang,Sering,Sering,Sering,Sering,Sering,Kadang-kadang,Jarang,Jarang,Jarang,Jarang,Tidak Pernah,Tidak Setuju,Tidak Setuju,Tidak Setuju,Sangat Setuju,Setuju,Setuju,Tidak Setuju,Tidak Setuju,Tidak Setuju,Sangat Tidak Setuju,Setuju,Setuju,Sangat Tidak Setuju,Setuju,Sangat Setuju,Sangat Tidak Setuju,Setuju,Sangat Setuju,Sangat Setuju,Setuju,Setuju,Tidak Setuju,Setuju,Tidak Setuju,Tidak Setuju,Tidak Setuju,Setuju,Tidak Setuju,Setuju,Setuju,Setuju,Setuju,Setuju,Sangat Setuju,Setuju,Sangat Setuju,Sangat Setuju,Setuju,Tidak Setuju,Sangat Setuju,7,7,6,7,5,7,7,6,Nasywaa Syifa,
17/09/2026 21:02:10,"Ya, Saya bersedia",EM,-,Banda Aceh,Laki-laki,51,S1,Menikah,PNS,8.000.000,21,30,4,Rumah Sendiri,,,,,,,,,,,,,,Sering,Selalu,Sering,Sering,Selalu,Selalu,Sering,Sering,Selalu,Sering,Sering,Sering,Sering,Selalu,Sering,Sering,Sering,Selalu,Selalu,Selalu,Selalu,Sering,Sering,Sering,Sering,Selalu,Sering,Sering,Sering,Sering,Jarang,Tidak Pernah,Jarang,Jarang,Tidak Pernah,Jarang,Jarang,Jarang,Jarang,Kadang-kadang,Sering,Sering,Sering,Sering,Sering,Sering,Sering,Jarang,Tidak Pernah,Jarang,Tidak Pernah,Tidak Pernah,Tidak Pernah,Tidak Pernah,Tidak Setuju,Tidak Setuju,Sangat Tidak Setuju,Sangat Setuju,Tidak Setuju,Setuju,Tidak Setuju,Sangat Tidak Setuju,Tidak Setuju,Setuju,Sangat Setuju,Sangat Tidak Setuju,Sangat Setuju,Sangat Setuju,Tidak Setuju,Sangat Setuju,Setuju,Setuju,Setuju,Sangat Setuju,Sangat Setuju,Setuju,Setuju,Setuju,Tidak Setuju,Sangat Tidak Setuju,Sangat Setuju,Sangat Setuju,Sangat Tidak Setuju,Setuju,Setuju,Sangat Setuju,Setuju,Tidak Setuju,Sangat Setuju,Sangat Setuju,Setuju,Setuju,Tidak Setuju,Tidak Setuju,6,6,5,6,5,6,5,5,Nasywaa Syifa,
17/09/2026 21:08:00,"Ya, Saya bersedia",Rd,-,pidie,Laki-laki,25,SMA,Menikah,Wiraswasta,4.500.000,9,25,2,Rumah Sendiri,,,,,,,,,,,,,,Sering,Sering,Selalu,Sering,Selalu,Sering,Selalu,Selalu,Selalu,Selalu,Sering,Selalu,Sering,Sering,Sering,Sering,Selalu,Sering,Sering,Selalu,Sering,Selalu,Sering,Selalu,Sering,Sering,Selalu,Selalu,Sering,Jarang,Jarang,Jarang,Jarang,Jarang,Jarang,Jarang,Jarang,Jarang,Jarang,Jarang,Jarang,Jarang,Kadang-kadang,Kadang-kadang,Sering,Sering,Sering,Sering,Jarang,Jarang,Tidak Pernah,Jarang,Jarang,Jarang,Sangat Tidak Setuju,Tidak Setuju,Tidak Setuju,Tidak Setuju,Setuju,Tidak Setuju,Setuju,Tidak Setuju,Tidak Setuju,Tidak Setuju,Setuju,Sangat Setuju,Sangat Tidak Setuju,Sangat Setuju,Sangat Setuju,Tidak Setuju,Sangat Setuju,Setuju,Setuju,Sangat Setuju,Setuju,Setuju,Setuju,Setuju,Tidak Setuju,Tidak Setuju,Sangat Setuju,Sangat Setuju,Sangat Tidak Setuju,Setuju,Setuju,Setuju,Setuju,Sangat Tidak Setuju,Sangat Setuju,Sangat Setuju,Setuju,Setuju,Tidak Setuju,Sangat Tidak Setuju,6,6,6,6,5,6,6,6,Nasywaa Syifa,
17/09/2026 21:14:15,"Ya, Saya bersedia",RT,-,Aceh Besar,Laki-laki,32,S1,Menikah,Pegawai Negri,5.000.000,8,24,1,Rumah Sewa,,,,,,,,,,,,,,Sering,Kadang-kadang,Sering,Sering,Selalu,Selalu,Sering,Selalu,Selalu,Sering,Sering,Sering,Sering,Selalu,Selalu,Sering,Selalu,Selalu,Selalu,Selalu,Sering,Sering,Sering,Kadang-kadang,Sering,Sering,Sering,Sering,Sering,Kadang-kadang,Jarang,Jarang,Jarang,Jarang,Jarang,Jarang,Tidak Pernah,Tidak Pernah,Tidak Pernah,Tidak Pernah,Jarang,Kadang-kadang,Kadang-kadang,Tidak Pernah,Tidak Pernah,Tidak Pernah,Jarang,Tidak Pernah,Jarang,Jarang,Tidak Pernah,Tidak Pernah,Tidak Pernah,Tidak Pernah,Sangat Tidak Setuju,Sangat Tidak Setuju,Sangat Tidak Setuju,Sangat Setuju,Sangat Tidak Setuju,Sangat Setuju,Sangat Tidak Setuju,Sangat Tidak Setuju,Tidak Setuju,Sangat Tidak Setuju,Sangat Setuju,Sangat Setuju,Sangat Tidak Setuju,Sangat Setuju,Sangat Setuju,Sangat Tidak Setuju,Sangat Setuju,Sangat Setuju,Sangat Tidak Setuju,Sangat Setuju,Sangat Setuju,Sangat Setuju,Sangat Tidak Setuju,Sangat Tidak Setuju,Sangat Tidak Setuju,Sangat Setuju,Sangat Setuju,Sangat Tidak Setuju,Sangat Setuju,Sangat Setuju,Sangat Setuju,Sangat Tidak Setuju,Sangat Setuju,Sangat Tidak Setuju,Sangat Setuju,Sangat Tidak Setuju,Sangat Setuju,Sangat Setuju,Sangat Tidak Setuju,Sangat Setuju,7,7,7,7,7,7,7,7,Nasywaa Syifa,
17/09/2026 21:30:30,"Ya, Saya bersedia",DI,-,Banda Aceh,Perempuan,43,SMA,Menikah,Wirausaha,5.500.000,16,27,3,Rumah Sendiri,,,,,,,,,,,,,,Sering,Selalu,Sering,Selalu,Selalu,Selalu,Selalu,Selalu,Selalu,Selalu,Selalu,Selalu,Kadang-kadang,Sering,Sering,Selalu,Sering,Selalu,Sering,Selalu,Sering,Selalu,Selalu,Sering,Kadang-kadang,Kadang-kadang,Kadang-kadang,Sering,Sering,Selalu,Jarang,Kadang-kadang,Kadang-kadang,Tidak Pernah,Tidak Pernah,Tidak Pernah,Tidak Pernah,Kadang-kadang,Kadang-kadang,Jarang,Kadang-kadang,Kadang-kadang,Kadang-kadang,Tidak Pernah,Jarang,Kadang-kadang,Sering,Sering,Kadang-kadang,Jarang,Tidak Pernah,Jarang,Sering,Jarang,Sangat Tidak Setuju,Tidak Setuju,Sangat Tidak Setuju,Sangat Setuju,Sangat Tidak Setuju,Sangat Setuju,Sangat Tidak Setuju,Sangat Tidak Setuju,Sangat Tidak Setuju,Sangat Tidak Setuju,Sangat Setuju,Setuju,Sangat Tidak Setuju,Sangat Setuju,Tidak Setuju,Sangat Tidak Setuju,Sangat Setuju,Sangat Setuju,Sangat Setuju,Setuju,Sangat Setuju,Sangat Setuju,Setuju,Sangat Tidak Setuju,Setuju,Sangat Tidak Setuju,Setuju,Setuju,Sangat Tidak Setuju,Tidak Setuju,Sangat Setuju,Sangat Setuju,Setuju,Tidak Setuju,Sangat Setuju,Sangat Setuju,Setuju,Setuju,Tidak Setuju,Setuju,8,9,5,6,4,5,3,5,Nasywaa Syifa,
17/09/2026 21:37:01,"Ya, Saya bersedia",SD,-,Banda Aceh,Perempuan,46,S1,Menikah,Wirausaha,7.000.000,18,28,4,Rumah Sendiri,,,,,,,,,,,,,,Selalu,Sering,Sering,Selalu,Selalu,Selalu,Selalu,Selalu,Selalu,Selalu,Selalu,Selalu,Sering,Selalu,Selalu,Selalu,Selalu,Selalu,Selalu,Selalu,Selalu,Selalu,Selalu,Sering,Sering,Selalu,Selalu,Sering,Sering,Sering,Kadang-kadang,Kadang-kadang,Kadang-kadang,Kadang-kadang,Jarang,Tidak Pernah,Tidak Pernah,Kadang-kadang,Jarang,Jarang,Kadang-kadang,Sering,Sering,Kadang-kadang,Sering,Kadang-kadang,Sering,Kadang-kadang,Tidak Pernah,Tidak Pernah,Kadang-kadang,Kadang-kadang,Jarang,Jarang,Sangat Tidak Setuju,Sangat Tidak Setuju,Sangat Tidak Setuju,Sangat Tidak Setuju,Sangat Tidak Setuju,Sangat Setuju,Sangat Tidak Setuju,Sangat Tidak Setuju,Sangat Tidak Setuju,Sangat Setuju,Sangat Setuju,Sangat Setuju,Sangat Tidak Setuju,Sangat Setuju,Sangat Setuju,Sangat Tidak Setuju,Sangat Setuju,Sangat Setuju,Sangat Setuju,Sangat Setuju,Sangat Setuju,Sangat Setuju,Sangat Setuju,Sangat Tidak Setuju,Sangat Tidak Setuju,Sangat Tidak Setuju,Sangat Setuju,Sangat Setuju,Sangat Tidak Setuju,Sangat Setuju,Sangat Setuju,Sangat Setuju,Sangat Setuju,Sangat Tidak Setuju,Sangat Setuju,Sangat Setuju,Sangat Setuju,Sangat Setuju,Sangat Tidak Setuju,Sangat Setuju,9,8,7,7,7,5,5,7,Nasywaa Syifa,
17/09/2026 21:42:26,"Ya, Saya bersedia",W,-,Banda Aceh,Perempuan,38,D-III / D-IV,Menikah,Wiraswasta,5.000 000,12,26,2,Rumah Sendiri,,,,,,,,,,,,,,Jarang,Tidak Pernah,Kadang-kadang,Jarang,Sering,Sering,Sering,Jarang,Sering,Selalu,Sering,Selalu,Sering,Selalu,Selalu,Selalu,Selalu,Selalu,Selalu,Sering,Selalu,Sering,Selalu,Kadang-kadang,Selalu,Selalu,Tidak Pernah,Tidak Pernah,Selalu,Selalu,Tidak Pernah,Tidak Pernah,Tidak Pernah,Tidak Pernah,Tidak Pernah,Tidak Pernah,Tidak Pernah,Tidak Pernah,Tidak Pernah,Tidak Pernah,Tidak Pernah,Sering,Selalu,Jarang,Sering,Jarang,Sering,Tidak Pernah,Tidak Pernah,Tidak Pernah,Tidak Pernah,Tidak Pernah,Tidak Pernah,Tidak Pernah,Setuju,Tidak Setuju,Sangat Setuju,Setuju,Setuju,Setuju,Tidak Setuju,Tidak Setuju,Tidak Setuju,Tidak Setuju,Setuju,Setuju,Tidak Setuju,Tidak Setuju,Setuju,Tidak Setuju,Setuju,Setuju,Setuju,Setuju,Setuju,Setuju,Setuju,Sangat Tidak Setuju,Sangat Tidak Setuju,Sangat Tidak Setuju,Setuju,Setuju,Sangat Tidak Setuju,Setuju,Setuju,Setuju,Tidak Setuju,Tidak Setuju,Sangat Setuju,Sangat Setuju,Setuju,Setuju,Tidak Setuju,Setuju,7,5,7,7,4,10,2,7,Nasywaa Syifa,
18/09/2026 11:59:53,"Ya, Saya bersedia",Y,-,Banda Aceh,Perempuan,42,S1,Menikah,Wiraswata,6.000.000,15,27,3,Rumah Sendiri,,,,,,,,,,,,,,Sering,Sering,Sering,Selalu,Selalu,Sering,Sering,Selalu,Selalu,Sering,Sering,Selalu,Sering,Selalu,Selalu,Sering,Selalu,Sering,Kadang-kadang,Sering,Sering,Kadang-kadang,Sering,Kadang-kadang,Sering,Kadang-kadang,Kadang-kadang,Sering,Sering,Selalu,Jarang,Kadang-kadang,Tidak Pernah,Tidak Pernah,Tidak Pernah,Tidak Pernah,Jarang,Jarang,Jarang,Jarang,Jarang,Jarang,Jarang,Tidak Pernah,Jarang,Jarang,Kadang-kadang,Kadang-kadang,Jarang,Tidak Pernah,Kadang-kadang,Selalu,Tidak Pernah,Tidak Pernah,Sangat Tidak Setuju,Tidak Setuju,Tidak Setuju,Setuju,Sangat Tidak Setuju,Sangat Setuju,Sangat Tidak Setuju,Tidak Setuju,Tidak Setuju,Sangat Tidak Setuju,Sangat Setuju,Sangat Setuju,Sangat Tidak Setuju,Sangat Setuju,Setuju,Tidak Setuju,Sangat Setuju,Setuju,Sangat Setuju,Setuju,Setuju,Sangat Setuju,Sangat Setuju,Tidak Setuju,Tidak Setuju,Tidak Setuju,Tidak Setuju,Setuju,Sangat Tidak Setuju,Setuju,Setuju,Setuju,Setuju,Tidak Setuju,Setuju,Setuju,Setuju,Setuju,Sangat Tidak Setuju,Setuju,10,8,10,7,7,7,8,7,Nasywaa Syifa,
18/09/2026 12:05:53,"Ya, Saya bersedia",N,085358791888,Darussalam/Banda Aceh,Perempuan,56,SMA,Cerai Hidup,pedagang ,"1,5jt",,,,,selingkuh ,14 tahun ,30 tahun,45 tahun,4,Rumah Keluarga,,,,,,,,Kadang-kadang,Kadang-kadang,Sering,Selalu,Sering,Sering,Kadang-kadang,Sering,Sering,Jarang,Sering,Jarang,Jarang,Kadang-kadang,Sering,Sering,Jarang,Kadang-kadang,Selalu,Selalu,Sering,Sering,Kadang-kadang,Selalu,Sering,Kadang-kadang,Sering,Selalu,Sering,Sering,Kadang-kadang,Sering,Sering,Jarang,Sering,Tidak Pernah,Kadang-kadang,Jarang,Tidak Pernah,Jarang,Jarang,Kadang-kadang,Tidak Pernah,Sering,Jarang,Kadang-kadang,Kadang-kadang,Sering,Sering,Tidak Pernah,Kadang-kadang,Jarang,Jarang,Jarang,Sangat Tidak Setuju,Sangat Tidak Setuju,Tidak Setuju,Tidak Setuju,Tidak Setuju,Sangat Tidak Setuju,Tidak Setuju,Tidak Setuju,Tidak Setuju,Sangat Tidak Setuju,Tidak Setuju,Setuju,Sangat Setuju,Sangat Setuju,Sangat Setuju,Sangat Setuju,Sangat Setuju,Sangat Setuju,Sangat Setuju,Sangat Setuju,Sangat Setuju,Sangat Setuju,Setuju,Setuju,Setuju,Sangat Setuju,Sangat Setuju,Sangat Setuju,Sangat Setuju,Sangat Setuju,Setuju,Sangat Setuju,Sangat Setuju,Sangat Setuju,Setuju,Sangat Setuju,Sangat Setuju,Setuju,Setuju,Setuju,4,3,10,10,6,9,5,10,Balqis,
18/09/2026 12:08:25,"Ya, Saya bersedia",D,-,Aceh Besar,Laki-laki,65,SMA,Menikah,wirausaha,4.500.000,28,38,2,Rumah Sewa,,,,,,,,,,,,,,Kadang-kadang,Kadang-kadang,Kadang-kadang,Kadang-kadang,Sering,Kadang-kadang,Sering,Kadang-kadang,Kadang-kadang,Sering,Kadang-kadang,Sering,Kadang-kadang,Sering,Kadang-kadang,Kadang-kadang,Kadang-kadang,Sering,Sering,Kadang-kadang,Sering,Sering,Kadang-kadang,Kadang-kadang,Kadang-kadang,Sering,Sering,Kadang-kadang,Sering,Sering,Jarang,Kadang-kadang,Kadang-kadang,Kadang-kadang,Kadang-kadang,Kadang-kadang,Jarang,Jarang,Kadang-kadang,Kadang-kadang,Jarang,Tidak Pernah,Tidak Pernah,Tidak Pernah,Tidak Pernah,Sering,Kadang-kadang,Kadang-kadang,Kadang-kadang,Kadang-kadang,Sering,Kadang-kadang,Sering,Sering,Tidak Setuju,Tidak Setuju,Tidak Setuju,Setuju,Tidak Setuju,Setuju,Tidak Setuju,Tidak Setuju,Tidak Setuju,Tidak Setuju,Setuju,Setuju,Tidak Setuju,Sangat Setuju,Sangat Setuju,Sangat Tidak Setuju,Setuju,Setuju,Sangat Setuju,Sangat Setuju,Setuju,Setuju,Setuju,Sangat Tidak Setuju,Sangat Tidak Setuju,Sangat Tidak Setuju,Setuju,Setuju,Setuju,Setuju,Setuju,Setuju,Setuju,Sangat Tidak Setuju,Sangat Setuju,Sangat Setuju,Sangat Setuju,Sangat Setuju,Sangat Setuju,Sangat Setuju,7,6,4,4,6,4,4,7,Nasywaa Syifa,
18/09/2026 12:15:41,"Ya, Saya bersedia",D,-,Pidie Jaya,Laki-laki,45,S1,Menikah,PNS,7.500.000,17,28,4,Rumah Sendiri,,,,,,,,,,,,,,Jarang,Jarang,Jarang,Kadang-kadang,Selalu,Selalu,Selalu,Selalu,Selalu,Selalu,Selalu,Sering,Jarang,Jarang,Sering,Selalu,Sering,Sering,Kadang-kadang,Kadang-kadang,Jarang,Jarang,Tidak Pernah,Tidak Pernah,Jarang,Jarang,Kadang-kadang,Tidak Pernah,Jarang,Jarang,Kadang-kadang,Kadang-kadang,Kadang-kadang,Kadang-kadang,Sering,Sering,Sering,Sering,Sering,Sering,Sering,Selalu,Selalu,Selalu,Selalu,Selalu,Selalu,Kadang-kadang,Sering,Sering,Sering,Sering,Sering,Sering,Setuju,Tidak Setuju,Setuju,Setuju,Tidak Setuju,Sangat Setuju,Tidak Setuju,Sangat Setuju,Tidak Setuju,Tidak Setuju,Setuju,Sangat Setuju,Sangat Tidak Setuju,Tidak Setuju,Setuju,Sangat Setuju,Sangat Setuju,Tidak Setuju,Sangat Tidak Setuju,Tidak Setuju,Sangat Setuju,Sangat Setuju,Setuju,Sangat Tidak Setuju,Sangat Tidak Setuju,Sangat Tidak Setuju,Sangat Tidak Setuju,Tidak Setuju,Tidak Setuju,Sangat Tidak Setuju,Setuju,Tidak Setuju,Tidak Setuju,Setuju,Sangat Setuju,Setuju,Setuju,Tidak Setuju,Sangat Tidak Setuju,Sangat Tidak Setuju,1,5,5,5,4,7,5,6,Nasywaa Syifa,
18/09/2026 12:17:54,"Ya, Saya bersedia",D.P,-,Blangkrueng/Aceh Besar ,Perempuan,29 tahun,D-III / D-IV,Pernah Bercerai,perawat,4jt,,,,,,,,,,,judi,28 tahun,6 tahun,29 tahun ,1 tahun,1,Rumah Keluarga,Selalu,Kadang-kadang,Sering,Sering,Selalu,Sering,Selalu,Sering,Sering,Kadang-kadang,Sering,Sering,Selalu,Kadang-kadang,Kadang-kadang,Kadang-kadang,Sering,Sering,Selalu,Sering,Kadang-kadang,Sering,Kadang-kadang,Sering,Sering,Kadang-kadang,Sering,Kadang-kadang,Selalu,Sering,Sering,Jarang,Kadang-kadang,Tidak Pernah,Sering,Jarang,Sering,Tidak Pernah,Jarang,Kadang-kadang,Tidak Pernah,Sering,Jarang,Sering,Kadang-kadang,Sering,Jarang,Kadang-kadang,Sering,Sering,Tidak Pernah,Jarang,Sering,Kadang-kadang,Sangat Tidak Setuju,Sangat Tidak Setuju,Tidak Setuju,Sangat Tidak Setuju,Tidak Setuju,Sangat Tidak Setuju,Sangat Tidak Setuju,Sangat Tidak Setuju,Sangat Tidak Setuju,Tidak Setuju,Sangat Setuju,Sangat Setuju,Sangat Setuju,Setuju,Setuju,Setuju,Setuju,Sangat Setuju,Sangat Setuju,Sangat Setuju,Sangat Setuju,Setuju,Setuju,Setuju,Setuju,Sangat Setuju,Sangat Setuju,Sangat Setuju,Setuju,Setuju,Sangat Setuju,Sangat Setuju,Sangat Setuju,Setuju,Sangat Setuju,Sangat Setuju,Sangat Setuju,Sangat Setuju,Sangat Setuju,Setuju,5,1,1,7,2,2,10,6,Balqis,
18/09/2026 12:27:32,"Ya, Saya bersedia",E,-,Banda Aceh,Laki-laki,35,S1,Menikah,pegawai negri,5.000.000,11,24,2,Rumah Sewa,,,,,,,,,,,,,,Tidak pernah,Tidak Pernah,Jarang,Tidak Pernah,Jarang,Jarang,Jarang,Jarang,Jarang,Jarang,Jarang,Kadang-kadang,Jarang,Jarang,Jarang,Kadang-kadang,Tidak Pernah,Tidak Pernah,Jarang,Tidak Pernah,Jarang,Jarang,Jarang,Tidak Pernah,Tidak Pernah,Tidak Pernah,Tidak Pernah,Tidak Pernah,Tidak Pernah,Tidak Pernah,Sering,Sering,Kadang-kadang,Kadang-kadang,Kadang-kadang,Kadang-kadang,Selalu,Selalu,Sering,Sering,Sering,Selalu,Selalu,Selalu,Selalu,Selalu,Selalu,Kadang-kadang,Kadang-kadang,Kadang-kadang,Kadang-kadang,Sering,Sering,Sering,Tidak Setuju,Setuju,Setuju,Tidak Setuju,Tidak Setuju,Sangat Tidak Setuju,Sangat Tidak Setuju,Setuju,Sangat Setuju,Sangat Tidak Setuju,Setuju,Sangat Tidak Setuju,Sangat Tidak Setuju,Tidak Setuju,Sangat Setuju,Tidak Setuju,Sangat Setuju,Setuju,Sangat Tidak Setuju,Sangat Tidak Setuju,Tidak Setuju,Setuju,Sangat Setuju,Tidak Setuju,Setuju,Tidak Setuju,Tidak Setuju,Setuju,Tidak Setuju,Setuju,Sangat Setuju,Sangat Setuju,Setuju,Tidak Setuju,Sangat Setuju,Tidak Setuju,Setuju,Setuju,Tidak Setuju,Sangat Setuju,3,3,2,3,1,4,4,3,Nasywaa Syifa,
18/09/2026 12:30:36,"Ya, Saya bersedia",R.W,-,Darussalam/Banda Aceh,Perempuan,37 tahun,S1,Cerai Hidup,pedagang ,2jt,,,,,tidak cocok,8 tahun,25 tahun,33 tahun,1,Rumah Keluarga,,,,,,,,Selalu,Kadang-kadang,Sering,Selalu,Sering,Kadang-kadang,Kadang-kadang,Kadang-kadang,Sering,Selalu,Sering,Selalu,Sering,Selalu,Kadang-kadang,Sering,Selalu,Selalu,Sering,Kadang-kadang,Kadang-kadang,Selalu,Selalu,Sering,Kadang-kadang,Sering,Sering,Selalu,Kadang-kadang,Kadang-kadang,Jarang,Sering,Tidak Pernah,Jarang,Sering,Kadang-kadang,Kadang-kadang,Tidak Pernah,Tidak Pernah,Tidak Pernah,Sering,Sering,Sering,Kadang-kadang,Jarang,Tidak Pernah,Kadang-kadang,Kadang-kadang,Kadang-kadang,Sering,Tidak Pernah,Kadang-kadang,Kadang-kadang,Tidak Pernah,Sangat Tidak Setuju,Tidak Setuju,Tidak Setuju,Sangat Tidak Setuju,Tidak Setuju,Sangat Tidak Setuju,Sangat Tidak Setuju,Sangat Tidak Setuju,Sangat Tidak Setuju,Tidak Setuju,Setuju,Setuju,Sangat Setuju,Setuju,Setuju,Setuju,Setuju,Sangat Setuju,Setuju,Setuju,Setuju,Setuju,Setuju,Sangat Setuju,Setuju,Sangat Setuju,Sangat Setuju,Sangat Setuju,Sangat Setuju,Sangat Setuju,Setuju,Setuju,Sangat Setuju,Setuju,Sangat Setuju,Sangat Setuju,Sangat Setuju,Setuju,Sangat Setuju,Setuju,9,2,6,3,8,9,5,8,Balqis,
18/09/2026 12:50:51,"Ya, Saya bersedia",HY,08111108975,Banda Aceh,Perempuan,50,S1,Menikah,Karyawan swasta,5.000 000 - 7.000.000,24 tahun,28 Tahun,2,Rumah Sendiri,,,,,,,,,,,,,,Selalu,Sering,Sering,Selalu,Selalu,Selalu,Selalu,Sering,Selalu,Selalu,Sering,Kadang-kadang,Kadang-kadang,Sering,Selalu,Kadang-kadang,Kadang-kadang,Kadang-kadang,Sering,Selalu,Sering,Selalu,Selalu,Sering,Sering,Kadang-kadang,Sering,Sering,Sering,Sering,Jarang,Tidak Pernah,Tidak Pernah,Tidak Pernah,Tidak Pernah,Tidak Pernah,Tidak Pernah,Jarang,Jarang,Tidak Pernah,Jarang,Kadang-kadang,Sering,Tidak Pernah,Selalu,Sering,Sering,Kadang-kadang,Tidak Pernah,Tidak Pernah,Kadang-kadang,Kadang-kadang,Tidak Pernah,Kadang-kadang,Sangat Tidak Setuju,Sangat Tidak Setuju,Sangat Tidak Setuju,Setuju,Sangat Tidak Setuju,Sangat Tidak Setuju,Sangat Tidak Setuju,Tidak Setuju,Tidak Setuju,Sangat Tidak Setuju,Setuju,Sangat Setuju,Sangat Tidak Setuju,Sangat Setuju,Setuju,Sangat Tidak Setuju,Sangat Setuju,Sangat Setuju,Sangat Setuju,Sangat Setuju,Sangat Setuju,Sangat Setuju,Sangat Setuju,Sangat Tidak Setuju,Setuju,Sangat Tidak Setuju,Setuju,Setuju,Tidak Setuju,Setuju,Sangat Setuju,Setuju,Tidak Setuju,Tidak Setuju,Setuju,Setuju,Setuju,Setuju,Sangat Tidak Setuju,Setuju,7,7,5,6,4,4,4,4,Nasywaa Syifa,
18/09/2026 13:03:10,"Ya, Saya bersedia",H.S,-,Kuta Alam/Banda Aceh ,Perempuan,51 tahun,S1,Cerai Hidup,wiraswasta ,2.5jt,,,,,tidak cocok ,16 tahun,28 tahun,44 tahun,3,Rumah Keluarga,,,,,,,,Sering,Selalu,Selalu,Kadang-kadang,Kadang-kadang,Selalu,Selalu,Selalu,Sering,Kadang-kadang,Kadang-kadang,Sering,Kadang-kadang,Selalu,Selalu,Sering,Kadang-kadang,Sering,Kadang-kadang,Selalu,Kadang-kadang,Sering,Selalu,Sering,Kadang-kadang,Selalu,Sering,Selalu,Kadang-kadang,Selalu,Sering,Sering,Jarang,Tidak Pernah,Sering,Kadang-kadang,Sering,Kadang-kadang,Jarang,Sering,Kadang-kadang,Jarang,Sering,Jarang,Jarang,Jarang,Kadang-kadang,Tidak Pernah,Tidak Pernah,Tidak Pernah,Jarang,Kadang-kadang,Kadang-kadang,Jarang,Sangat Tidak Setuju,Tidak Setuju,Tidak Setuju,Tidak Setuju,Tidak Setuju,Sangat Tidak Setuju,Tidak Setuju,Tidak Setuju,Tidak Setuju,Tidak Setuju,Sangat Setuju,Sangat Setuju,Sangat Setuju,Sangat Setuju,Setuju,Setuju,Setuju,Sangat Setuju,Setuju,Setuju,Setuju,Sangat Setuju,Setuju,Setuju,Sangat Setuju,Setuju,Sangat Setuju,Sangat Setuju,Sangat Setuju,Setuju,Sangat Setuju,Setuju,Setuju,Sangat Setuju,Sangat Setuju,Setuju,Setuju,Sangat Setuju,Setuju,Setuju,2,2,5,2,2,6,8,8,Balqis,
18/09/2026 13:12:55,"Ya, Saya bersedia",Y,-,Batoh/Banda Aceh,Perempuan,44 tahun,S1,Cerai Hidup,pegawai ,4jt,,,,,sibuk kerja,12 tahun,29 tahun,41 tahun,2,Rumah Keluarga,,,,,,,,Selalu,Sering,Sering,Selalu,Selalu,Sering,Kadang-kadang,Selalu,Selalu,Selalu,Kadang-kadang,Kadang-kadang,Sering,Selalu,Selalu,Kadang-kadang,Sering,Kadang-kadang,Sering,Kadang-kadang,Kadang-kadang,Kadang-kadang,Sering,Selalu,Selalu,Kadang-kadang,Selalu,Sering,Sering,Kadang-kadang,Sering,Kadang-kadang,Kadang-kadang,Kadang-kadang,Tidak Pernah,Kadang-kadang,Kadang-kadang,Jarang,Jarang,Kadang-kadang,Kadang-kadang,Sering,Tidak Pernah,Kadang-kadang,Tidak Pernah,Kadang-kadang,Kadang-kadang,Sering,Tidak Pernah,Sering,Sering,Sering,Tidak Pernah,Tidak Pernah,Tidak Setuju,Sangat Tidak Setuju,Tidak Setuju,Tidak Setuju,Tidak Setuju,Tidak Setuju,Tidak Setuju,Tidak Setuju,Sangat Tidak Setuju,Sangat Tidak Setuju,Setuju,Sangat Setuju,Setuju,Setuju,Setuju,Sangat Setuju,Sangat Setuju,Sangat Setuju,Sangat Setuju,Sangat Setuju,Sangat Setuju,Setuju,Sangat Setuju,Sangat Setuju,Setuju,Setuju,Setuju,Setuju,Sangat Setuju,Sangat Setuju,Sangat Setuju,Setuju,Sangat Setuju,Setuju,Sangat Setuju,Setuju,Setuju,Sangat Setuju,Setuju,Sangat Setuju,10,9,5,5,5,7,9,7,Balqis,
18/09/2026 13:26:19,"Ya, Saya bersedia",A.F,082214322534,Ateuk Jawo/Banda Aceh ,Perempuan,57 tahun,SMA,Cerai Hidup,wiraswasta ,3jt,,,,,ekonomi ,10 tahun,27 tahun,37 tahun,1,Rumah Sendiri,,,,,,,,Kadang-kadang,Sering,Sering,Sering,Kadang-kadang,Kadang-kadang,Kadang-kadang,Sering,Kadang-kadang,Kadang-kadang,Kadang-kadang,Sering,Selalu,Selalu,Kadang-kadang,Sering,Sering,Sering,Sering,Sering,Sering,Selalu,Sering,Kadang-kadang,Kadang-kadang,Sering,Sering,Sering,Selalu,Selalu,Jarang,Sering,Tidak Pernah,Sering,Kadang-kadang,Kadang-kadang,Sering,Jarang,Tidak Pernah,Tidak Pernah,Sering,Jarang,Jarang,Tidak Pernah,Sering,Jarang,Sering,Tidak Pernah,Sering,Tidak Pernah,Jarang,Jarang,Sering,Jarang,Tidak Setuju,Sangat Tidak Setuju,Sangat Tidak Setuju,Tidak Setuju,Sangat Tidak Setuju,Tidak Setuju,Sangat Tidak Setuju,Sangat Tidak Setuju,Sangat Tidak Setuju,Tidak Setuju,Setuju,Setuju,Setuju,Setuju,Sangat Setuju,Sangat Setuju,Setuju,Sangat Setuju,Setuju,Setuju,Setuju,Setuju,Setuju,Sangat Setuju,Sangat Setuju,Sangat Setuju,Sangat Setuju,Sangat Setuju,Setuju,Sangat Setuju,Sangat Setuju,Setuju,Setuju,Sangat Setuju,Setuju,Sangat Setuju,Setuju,Sangat Setuju,Sangat Setuju,Sangat Setuju,4,10,2,2,2,5,7,6,Balqis,
18/09/2026 13:40:37,"Ya, Saya bersedia",M.I,-,Ulee Lheue/Banda Aceh ,Laki-laki,46 tahun,S1,Cerai Hidup,pegawai ,"3,8jt",,,,,selingkuh ,14 tahun,27 tahun,41 tahun,4,Rumah Sendiri,,,,,,,,Sering,Jarang,Kadang-kadang,Sering,Kadang-kadang,Sering,Sering,Jarang,Jarang,Jarang,Kadang-kadang,Sering,Kadang-kadang,Kadang-kadang,Kadang-kadang,Kadang-kadang,Kadang-kadang,Kadang-kadang,Sering,Kadang-kadang,Sering,Jarang,Kadang-kadang,Jarang,Sering,Jarang,Jarang,Jarang,Kadang-kadang,Jarang,Kadang-kadang,Jarang,Kadang-kadang,Tidak Pernah,Sering,Kadang-kadang,Kadang-kadang,Kadang-kadang,Kadang-kadang,Jarang,Jarang,Jarang,Sering,Jarang,Jarang,Kadang-kadang,Kadang-kadang,Kadang-kadang,Jarang,Sering,Kadang-kadang,Kadang-kadang,Tidak Pernah,Tidak Pernah,Tidak Setuju,Tidak Setuju,Tidak Setuju,Sangat Tidak Setuju,Tidak Setuju,Sangat Tidak Setuju,Sangat Tidak Setuju,Tidak Setuju,Tidak Setuju,Tidak Setuju,Sangat Setuju,Sangat Setuju,Sangat Setuju,Sangat Setuju,Setuju,Sangat Setuju,Setuju,Sangat Setuju,Setuju,Sangat Setuju,Sangat Setuju,Setuju,Setuju,Sangat Setuju,Setuju,Sangat Setuju,Sangat Setuju,Setuju,Setuju,Setuju,Sangat Setuju,Sangat Setuju,Setuju,Sangat Setuju,Setuju,Sangat Setuju,Sangat Setuju,Setuju,Setuju,Sangat Setuju,9,6,2,4,9,3,6,8,Balqis,
18/09/2026 13:49:30,"Ya, Saya bersedia",W,089679083533,Prada/Banda Aceh,Perempuan,27 tahun,SMA,Cerai Hidup,pedagang ,2jt,,,,,menikah muda,3 tahun,22 tahun,25 tahun,-,Rumah Keluarga,,,,,,,,Selalu,Sering,Sering,Sering,Kadang-kadang,Kadang-kadang,Kadang-kadang,Sering,Kadang-kadang,Selalu,Sering,Kadang-kadang,Sering,Kadang-kadang,Kadang-kadang,Selalu,Sering,Selalu,Kadang-kadang,Kadang-kadang,Sering,Kadang-kadang,Sering,Selalu,Selalu,Selalu,Kadang-kadang,Sering,Sering,Selalu,Kadang-kadang,Sering,Sering,Kadang-kadang,Jarang,Kadang-kadang,Kadang-kadang,Kadang-kadang,Jarang,Kadang-kadang,Jarang,Kadang-kadang,Tidak Pernah,Jarang,Jarang,Tidak Pernah,Sering,Kadang-kadang,Kadang-kadang,Kadang-kadang,Sering,Tidak Pernah,Tidak Pernah,Sering,Tidak Setuju,Sangat Tidak Setuju,Sangat Tidak Setuju,Sangat Tidak Setuju,Sangat Tidak Setuju,Tidak Setuju,Sangat Tidak Setuju,Tidak Setuju,Sangat Tidak Setuju,Tidak Setuju,Setuju,Sangat Setuju,Sangat Setuju,Sangat Setuju,Sangat Setuju,Setuju,Setuju,Sangat Setuju,Sangat Setuju,Setuju,Setuju,Sangat Setuju,Setuju,Setuju,Setuju,Setuju,Setuju,Setuju,Sangat Setuju,Sangat Setuju,Sangat Setuju,Sangat Setuju,Sangat Setuju,Sangat Setuju,Sangat Setuju,Setuju,Setuju,Sangat Setuju,Setuju,Setuju,9,2,8,5,2,6,8,3,Balqis,
18/09/2026 18:38:12,"Ya, Saya bersedia",K,0895418378734,"Jeulingke, Banda aceh",Perempuan,52,SD,Menikah,Cleaning service ,1 juta,3 tahun,49,4,Rumah Sewa,,,,,,,,,,,,,,Kadang-kadang,Sering,Kadang-kadang,Jarang,Jarang,Jarang,Jarang,Tidak Pernah,Jarang,Tidak Pernah,Tidak Pernah,Jarang,Tidak Pernah,Tidak Pernah,Tidak Pernah,Jarang,Tidak Pernah,Tidak Pernah,Tidak Pernah,Tidak Pernah,Tidak Pernah,Tidak Pernah,Tidak Pernah,Jarang,Kadang-kadang,Kadang-kadang,Kadang-kadang,Jarang,Selalu,Selalu,Tidak Pernah,Selalu,Sering,Tidak Pernah,Tidak Pernah,Tidak Pernah,Tidak Pernah,Selalu,Sering,Sering,Sering,Selalu,Selalu,Tidak Pernah,Selalu,Selalu,Selalu,Tidak Pernah,Selalu,Selalu,Selalu,Tidak Pernah,Tidak Pernah,Tidak Pernah,Setuju,Tidak Setuju,Tidak Setuju,Setuju,Tidak Setuju,Setuju,Setuju,Sangat Tidak Setuju,Tidak Setuju,Tidak Setuju,Setuju,Setuju,Tidak Setuju,Sangat Setuju,Tidak Setuju,Tidak Setuju,Setuju,Sangat Setuju,Sangat Setuju,Sangat Setuju,Setuju,Setuju,Setuju,Setuju,Setuju,Setuju,Setuju,Setuju,Tidak Setuju,Setuju,Setuju,Setuju,Setuju,Sangat Tidak Setuju,Setuju,Setuju,Setuju,Sangat Setuju,Tidak Setuju,Sangat Setuju,1,1,1,4,4,7,4,7,Nahwa,
18/09/2026 18:46:33,"Ya, Saya bersedia",S,085276279007,Banda aceh,Perempuan,37,S1,Menikah,Irt,1.500.000,15,24,3,Rumah Sendiri,,,,,,,,,,,,,,Sering,Sering,Sering,Selalu,Selalu,Selalu,Selalu,Selalu,Selalu,Kadang-kadang,Selalu,Kadang-kadang,Kadang-kadang,Selalu,Selalu,Selalu,Selalu,Selalu,Selalu,Selalu,Selalu,Selalu,Selalu,Selalu,Selalu,Sering,Sering,Selalu,Selalu,Sering,Kadang-kadang,Kadang-kadang,Kadang-kadang,Tidak Pernah,Tidak Pernah,Tidak Pernah,Tidak Pernah,Jarang,Kadang-kadang,Tidak Pernah,Tidak Pernah,Tidak Pernah,Sering,Selalu,Sering,Tidak Pernah,Tidak Pernah,Tidak Pernah,Tidak Pernah,Jarang,Tidak Pernah,Tidak Pernah,Tidak Pernah,Tidak Pernah,Sangat Tidak Setuju,Sangat Tidak Setuju,Setuju,Setuju,Sangat Tidak Setuju,Sangat Tidak Setuju,Sangat Tidak Setuju,Tidak Setuju,Setuju,Tidak Setuju,Tidak Setuju,Tidak Setuju,Tidak Setuju,Tidak Setuju,Tidak Setuju,Tidak Setuju,Tidak Setuju,Tidak Setuju,Tidak Setuju,Tidak Setuju,Sangat Setuju,Tidak Setuju,Tidak Setuju,Tidak Setuju,Sangat Tidak Setuju,Tidak Setuju,Sangat Tidak Setuju,Tidak Setuju,Sangat Tidak Setuju,Sangat Setuju,Sangat Setuju,Sangat Setuju,Sangat Tidak Setuju,Sangat Tidak Setuju,Sangat Tidak Setuju,Sangat Tidak Setuju,Sangat Tidak Setuju,Sangat Tidak Setuju,Tidak Setuju,Sangat Tidak Setuju,4,2,4,4,1,4,4,4,Nahwa,
18/09/2026 18:56:28,"Ya, Saya bersedia",S,085284443069,Banda Aceh,Laki-laki,35,SMA,Cerai Hidup,Petani,2.000.000,,,,,masalah ekonomi,15,20,30,3,Rumah Sewa,,,,,,,,Tidak pernah,Tidak Pernah,Jarang,Jarang,Jarang,Jarang,Jarang,Tidak Pernah,Tidak Pernah,Tidak Pernah,Jarang,Tidak Pernah,Tidak Pernah,Tidak Pernah,Tidak Pernah,Tidak Pernah,Tidak Pernah,Tidak Pernah,Tidak Pernah,Jarang,Tidak Pernah,Tidak Pernah,Tidak Pernah,Tidak Pernah,Tidak Pernah,Tidak Pernah,Tidak Pernah,Tidak Pernah,Tidak Pernah,Tidak Pernah,Selalu,Selalu,Selalu,Selalu,Selalu,Selalu,Selalu,Selalu,Selalu,Selalu,Selalu,Selalu,Selalu,Selalu,Selalu,Selalu,Selalu,Sering,Sering,Sering,Sering,Sering,Sering,Sering,Tidak Setuju,Tidak Setuju,Sangat Tidak Setuju,Setuju,Setuju,Setuju,Tidak Setuju,Setuju,Sangat Tidak Setuju,Tidak Setuju,Setuju,Sangat Setuju,Setuju,Setuju,Sangat Setuju,Tidak Setuju,Setuju,Setuju,Sangat Setuju,Sangat Setuju,Sangat Setuju,Setuju,Setuju,Tidak Setuju,Tidak Setuju,Sangat Tidak Setuju,Setuju,Sangat Setuju,Tidak Setuju,Setuju,Sangat Setuju,Sangat Setuju,Setuju,Tidak Setuju,Sangat Setuju,Sangat Tidak Setuju,Setuju,Sangat Setuju,Tidak Setuju,Sangat Setuju,7,8,7,5,4,5,1,4,Nasywaa Syifa,
18/09/2026 19:07:53,"Ya, Saya bersedia",DA,-,Banda Aceh,Laki-laki,41,SMA,Menikah,petani,3.000.000,26,15,3,Rumah Sendiri,,,,,,,,,,,,,,Tidak pernah,Tidak Pernah,Selalu,Selalu,Kadang-kadang,Kadang-kadang,Selalu,Selalu,Selalu,Selalu,Selalu,Kadang-kadang,Jarang,Kadang-kadang,Selalu,Kadang-kadang,Sering,Selalu,Selalu,Sering,Kadang-kadang,Kadang-kadang,Selalu,Sering,Selalu,Selalu,Selalu,Selalu,Selalu,Selalu,Tidak Pernah,Selalu,Tidak Pernah,Tidak Pernah,Tidak Pernah,Tidak Pernah,Tidak Pernah,Tidak Pernah,Tidak Pernah,Tidak Pernah,Tidak Pernah,Selalu,Selalu,Selalu,Selalu,Selalu,Selalu,Selalu,Jarang,Tidak Pernah,Jarang,Selalu,Tidak Pernah,Tidak Pernah,Sangat Tidak Setuju,Tidak Setuju,Sangat Tidak Setuju,Sangat Tidak Setuju,Tidak Setuju,Setuju,Tidak Setuju,Tidak Setuju,Setuju,Sangat Setuju,Tidak Setuju,Setuju,Tidak Setuju,Setuju,Sangat Tidak Setuju,Sangat Tidak Setuju,Setuju,Setuju,Sangat Setuju,Setuju,Sangat Setuju,Setuju,Sangat Setuju,Sangat Tidak Setuju,Sangat Tidak Setuju,Sangat Tidak Setuju,Sangat Setuju,Sangat Setuju,Sangat Tidak Setuju,Sangat Setuju,Sangat Setuju,Setuju,Sangat Setuju,Tidak Setuju,Sangat Setuju,Sangat Setuju,Setuju,Sangat Setuju,Tidak Setuju,Sangat Setuju,4,5,4,4,5,5,5,5,Nasywaa Syifa,
18/09/2026 19:14:50,"Ya, Saya bersedia",AB,-,Banda Aceh,Perempuan,36,S2,Menikah,dosen,7.000.000,9,27,2,Rumah Sendiri,,,,,,,,,,,,,,Sering,Kadang-kadang,Sering,Sering,Sering,Kadang-kadang,Kadang-kadang,Jarang,Jarang,Jarang,Sering,Sering,Sering,Kadang-kadang,Sering,Kadang-kadang,Kadang-kadang,Sering,Kadang-kadang,Sering,Sering,Sering,Sering,Kadang-kadang,Sering,Jarang,Selalu,Sering,Selalu,Sering,Tidak Pernah,Jarang,Jarang,Tidak Pernah,Tidak Pernah,Jarang,Jarang,Kadang-kadang,Kadang-kadang,Jarang,Sering,Kadang-kadang,Kadang-kadang,Sering,Kadang-kadang,Jarang,Sering,Sering,Sering,Sering,Sering,Sering,Sering,Sering,Sangat Tidak Setuju,Tidak Setuju,Sangat Tidak Setuju,Tidak Setuju,Tidak Setuju,Setuju,Sangat Tidak Setuju,Tidak Setuju,Tidak Setuju,Tidak Setuju,Sangat Setuju,Sangat Setuju,Sangat Tidak Setuju,Sangat Setuju,Sangat Setuju,Tidak Setuju,Sangat Setuju,Setuju,Sangat Setuju,Sangat Setuju,Sangat Setuju,Setuju,Sangat Setuju,Sangat Tidak Setuju,Tidak Setuju,Tidak Setuju,Sangat Setuju,Setuju,Tidak Setuju,Setuju,Setuju,Sangat Setuju,Setuju,Tidak Setuju,Sangat Setuju,Sangat Setuju,Setuju,Sangat Setuju,Sangat Tidak Setuju,Tidak Setuju,5,5,6,6,3,4,5,6,Nasywaa Syifa,
18/09/2026 19:49:32,"Ya, Saya bersedia",B,081319800040,"Limpok, aceh besar",Laki-laki,55,SMA,Menikah,Wiraswasta ,3.500.000,12 tahun,44,0,Rumah Sewa,,,,,,,,,,,,,,Sering,Kadang-kadang,Selalu,Sering,Sering,Sering,Selalu,Selalu,Kadang-kadang,Selalu,Selalu,Selalu,Kadang-kadang,Selalu,Selalu,Selalu,Sering,Sering,Sering,Selalu,Kadang-kadang,Selalu,Kadang-kadang,Kadang-kadang,Sering,Kadang-kadang,Kadang-kadang,Jarang,Selalu,Sering,Kadang-kadang,Tidak Pernah,Tidak Pernah,Tidak Pernah,Tidak Pernah,Tidak Pernah,Tidak Pernah,Jarang,Jarang,Tidak Pernah,Jarang,Kadang-kadang,Kadang-kadang,Tidak Pernah,Jarang,Jarang,Tidak Pernah,Jarang,Tidak Pernah,Tidak Pernah,Tidak Pernah,Tidak Pernah,Tidak Pernah,Jarang,Sangat Tidak Setuju,Tidak Setuju,Tidak Setuju,Setuju,Sangat Tidak Setuju,Setuju,Sangat Tidak Setuju,Tidak Setuju,Sangat Setuju,Sangat Tidak Setuju,Tidak Setuju,Sangat Tidak Setuju,Sangat Tidak Setuju,Sangat Setuju,Tidak Setuju,Tidak Setuju,Setuju,Setuju,Sangat Setuju,Sangat Tidak Setuju,Setuju,Setuju,Setuju,Tidak Setuju,Tidak Setuju,Sangat Tidak Setuju,Sangat Setuju,Tidak Setuju,Sangat Tidak Setuju,Setuju,Tidak Setuju,Sangat Setuju,Setuju,Tidak Setuju,Setuju,Sangat Setuju,Setuju,Setuju,Tidak Setuju,Sangat Setuju,7,2,4,2,2,2,4,7,Nahwa,
18/09/2026 19:58:04,"Ya, Saya bersedia",I,-,Banda aceh,Perempuan,56,SMA,Menikah,Irt,1 juta,21,35,1,Rumah Sendiri,,,,,,,,,,,,,,Tidak pernah,Kadang-kadang,Selalu,Selalu,Selalu,Selalu,Selalu,Selalu,Selalu,Selalu,Selalu,Selalu,Selalu,Selalu,Selalu,Selalu,Selalu,Selalu,Kadang-kadang,Selalu,Selalu,Selalu,Selalu,Selalu,Selalu,Selalu,Tidak Pernah,Kadang-kadang,Selalu,Selalu,Tidak Pernah,Tidak Pernah,Tidak Pernah,Tidak Pernah,Tidak Pernah,Tidak Pernah,Tidak Pernah,Tidak Pernah,Tidak Pernah,Tidak Pernah,Tidak Pernah,Tidak Pernah,Jarang,Tidak Pernah,Selalu,Selalu,Selalu,Tidak Pernah,Tidak Pernah,Tidak Pernah,Sering,Sering,Tidak Pernah,Tidak Pernah,Sangat Tidak Setuju,Setuju,Setuju,Setuju,Tidak Setuju,Setuju,Tidak Setuju,Tidak Setuju,Tidak Setuju,Sangat Tidak Setuju,Sangat Setuju,Setuju,Tidak Setuju,Sangat Setuju,Setuju,Tidak Setuju,Setuju,Setuju,Setuju,Setuju,Setuju,Sangat Setuju,Tidak Setuju,Tidak Setuju,Tidak Setuju,Tidak Setuju,Sangat Setuju,Setuju,Tidak Setuju,Sangat Setuju,Setuju,Sangat Setuju,Tidak Setuju,Tidak Setuju,Setuju,Setuju,Setuju,Setuju,Sangat Tidak Setuju,Setuju,7,5,5,3,1,4,4,8,Nahwa,
18/09/2026 20:11:22,"Ya, Saya bersedia",ALI,-,Banda aceh,Perempuan,50,S1,Menikah,PNS,8.000.000,30,20,4,Rumah Sendiri,,,,,,,,,,,,,,Kadang-kadang,Kadang-kadang,Kadang-kadang,Sering,Sering,Kadang-kadang,Sering,Selalu,Sering,Kadang-kadang,Sering,Kadang-kadang,Kadang-kadang,Sering,Sering,Kadang-kadang,Kadang-kadang,Kadang-kadang,Kadang-kadang,Sering,Kadang-kadang,Sering,Kadang-kadang,Kadang-kadang,Sering,Sering,Sering,Kadang-kadang,Kadang-kadang,Sering,Jarang,Kadang-kadang,Jarang,Jarang,Jarang,Jarang,Jarang,Jarang,Kadang-kadang,Jarang,Tidak Pernah,Tidak Pernah,Jarang,Tidak Pernah,Jarang,Kadang-kadang,Kadang-kadang,Jarang,Kadang-kadang,Kadang-kadang,Jarang,Jarang,Tidak Pernah,Tidak Pernah,Sangat Tidak Setuju,Sangat Tidak Setuju,Sangat Tidak Setuju,Setuju,Sangat Tidak Setuju,Sangat Setuju,Sangat Tidak Setuju,Tidak Setuju,Tidak Setuju,Sangat Tidak Setuju,Sangat Setuju,Setuju,Sangat Tidak Setuju,Sangat Setuju,Setuju,Tidak Setuju,Sangat Setuju,Setuju,Sangat Setuju,Sangat Setuju,Setuju,Sangat Setuju,Sangat Setuju,Sangat Tidak Setuju,Tidak Setuju,Sangat Tidak Setuju,Setuju,Setuju,Sangat Tidak Setuju,Sangat Setuju,Sangat Setuju,Setuju,Sangat Setuju,Tidak Setuju,Setuju,Sangat Setuju,Sangat Setuju,Setuju,Tidak Setuju,Sangat Setuju,7,7,6,7,5,6,7,7,Nasywaa Syifa,
18/09/2026 20:39:16,"Ya, Saya bersedia",MA,-,Banda Aceh,Perempuan,43,SMA,Menikah,karyawan swasta,4.000.000,18,25,2,Rumah Sewa,,,,,,,,,,,,,,Sering,Kadang-kadang,Sering,Sering,Sering,Sering,Sering,Sering,Sering,Sering,Sering,Sering,Sering,Sering,Sering,Sering,Sering,Sering,Sering,Sering,Sering,Sering,Sering,Sering,Sering,Sering,Sering,Sering,Jarang,Jarang,Jarang,Jarang,Jarang,Tidak Pernah,Tidak Pernah,Tidak Pernah,Tidak Pernah,Jarang,Tidak Pernah,Jarang,Kadang-kadang,Jarang,Tidak Pernah,Jarang,Jarang,Jarang,Tidak Pernah,Tidak Pernah,Jarang,Jarang,Kadang-kadang,Jarang,Kadang-kadang,Kadang-kadang,Sangat Tidak Setuju,Sangat Tidak Setuju,Sangat Tidak Setuju,Sangat Tidak Setuju,Sangat Tidak Setuju,Sangat Setuju,Sangat Tidak Setuju,Sangat Tidak Setuju,Sangat Tidak Setuju,Sangat Tidak Setuju,Sangat Setuju,Sangat Setuju,Sangat Tidak Setuju,Sangat Setuju,Sangat Setuju,Tidak Setuju,Setuju,Sangat Setuju,Setuju,Setuju,Setuju,Sangat Setuju,Sangat Tidak Setuju,Tidak Setuju,Tidak Setuju,Sangat Setuju,Setuju,Setuju,Sangat Setuju,Tidak Setuju,Sangat Setuju,Setuju,Sangat Tidak Setuju,Tidak Setuju,Setuju,Sangat Tidak Setuju,Setuju,Sangat Setuju,Sangat Setuju,Setuju,3,2,3,3,3,2,3,4,Nasywaa Syifa,
18/09/2026 20:45:30,"Ya, Saya bersedia",R,-,aceh besar,Laki-laki,37,S1,Menikah,guru,6.000.000,14,23,3,Rumah Sendiri,,,,,,,,,,,,,,Sering,Kadang-kadang,Sering,Sering,Sering,Sering,Kadang-kadang,Sering,Sering,Kadang-kadang,Kadang-kadang,Sering,Kadang-kadang,Sering,Sering,Kadang-kadang,Sering,Selalu,Sering,Sering,Kadang-kadang,Sering,Sering,Kadang-kadang,Kadang-kadang,Kadang-kadang,Sering,Sering,Sering,Kadang-kadang,Jarang,Jarang,Jarang,Jarang,Jarang,Jarang,Tidak Pernah,Jarang,Jarang,Tidak Pernah,Kadang-kadang,Kadang-kadang,Tidak Pernah,Tidak Pernah,Jarang,Jarang,Kadang-kadang,Kadang-kadang,Jarang,Jarang,Jarang,Jarang,Jarang,Jarang,Sangat Tidak Setuju,Tidak Setuju,Tidak Setuju,Setuju,Tidak Setuju,Sangat Setuju,Setuju,Setuju,Setuju,Sangat Tidak Setuju,Sangat Tidak Setuju,Setuju,Tidak Setuju,Sangat Tidak Setuju,Setuju,Setuju,Setuju,Setuju,Sangat Setuju,Tidak Setuju,Sangat Setuju,Tidak Setuju,Tidak Setuju,Sangat Tidak Setuju,Sangat Tidak Setuju,Tidak Setuju,Tidak Setuju,Setuju,Tidak Setuju,Tidak Setuju,Setuju,Tidak Setuju,Tidak Setuju,Setuju,Sangat Tidak Setuju,Setuju,Sangat Tidak Setuju,Tidak Setuju,Tidak Setuju,Setuju,5,4,6,4,3,2,4,5,Nasywaa Syifa,
18/09/2026 23:25:49,"Ya, Saya bersedia",Nurmiati,082363205651,Aceh Besar,Perempuan,50,SMP,Menikah,IRT,1.000.000,25,25,4,Rumah Sendiri,,,,,,,,,,,,,,Kadang-kadang,Kadang-kadang,Kadang-kadang,Sering,Sering,Kadang-kadang,Kadang-kadang,Kadang-kadang,Sering,Kadang-kadang,Kadang-kadang,Kadang-kadang,Sering,Sering,Sering,Kadang-kadang,Kadang-kadang,Kadang-kadang,Kadang-kadang,Sering,Sering,Sering,Sering,Kadang-kadang,Kadang-kadang,Sering,Sering,Sering,Kadang-kadang,Sering,Kadang-kadang,Kadang-kadang,Sering,Jarang,Jarang,Jarang,Jarang,Jarang,Jarang,Tidak Pernah,Kadang-kadang,Jarang,Jarang,Tidak Pernah,Jarang,Tidak Pernah,Jarang,Kadang-kadang,Jarang,Jarang,Sering,Kadang-kadang,Kadang-kadang,Kadang-kadang,Tidak Setuju,Sangat Tidak Setuju,Tidak Setuju,Sangat Setuju,Sangat Tidak Setuju,Setuju,Sangat Tidak Setuju,Tidak Setuju,Tidak Setuju,Tidak Setuju,Setuju,Setuju,Sangat Tidak Setuju,Setuju,Setuju,Tidak Setuju,Setuju,Sangat Setuju,Setuju,Setuju,Setuju,Sangat Setuju,Setuju,Tidak Setuju,Tidak Setuju,Sangat Tidak Setuju,Sangat Setuju,Tidak Setuju,Tidak Setuju,Setuju,Setuju,Sangat Setuju,Setuju,Tidak Setuju,Setuju,Setuju,Setuju,Setuju,Setuju,Setuju,5,5,3,3,1,1,1,2,Risha,
18/09/2026 23:47:33,"Ya, Saya bersedia",NA,081273845427,Aceh Besar,Perempuan,47,SMA,Cerai Hidup,Wiraswasta,2.500.000,,,,,Kurangnya tanggung jawab suami (menafkahi),25 tahun,17 tahun,25 tahun,42 tahun,Rumah Keluarga,,,,,,,,Tidak pernah,Jarang,Kadang-kadang,Kadang-kadang,Tidak Pernah,Tidak Pernah,Tidak Pernah,Tidak Pernah,Tidak Pernah,Tidak Pernah,Tidak Pernah,Tidak Pernah,Tidak Pernah,Kadang-kadang,Tidak Pernah,Tidak Pernah,Tidak Pernah,Jarang,Jarang,Tidak Pernah,Tidak Pernah,Tidak Pernah,Tidak Pernah,Tidak Pernah,Tidak Pernah,Tidak Pernah,Tidak Pernah,Tidak Pernah,Jarang,Kadang-kadang,Jarang,Sering,Kadang-kadang,Sering,Kadang-kadang,Kadang-kadang,Selalu,Kadang-kadang,Sering,Kadang-kadang,Selalu,Tidak Pernah,Jarang,Jarang,Jarang,Tidak Pernah,Jarang,Selalu,Sering,Sering,Selalu,Kadang-kadang,Sering,Sering,Sangat Tidak Setuju,Tidak Setuju,Tidak Setuju,Setuju,Sangat Tidak Setuju,Sangat Setuju,Tidak Setuju,Sangat Tidak Setuju,Tidak Setuju,Sangat Tidak Setuju,Sangat Setuju,Sangat Setuju,Sangat Tidak Setuju,Sangat Setuju,Setuju,Sangat Tidak Setuju,Sangat Setuju,Sangat Setuju,Sangat Setuju,Sangat Setuju,Sangat Setuju,Sangat Setuju,Setuju,Sangat Tidak Setuju,Sangat Tidak Setuju,Sangat Tidak Setuju,Sangat Setuju,Sangat Setuju,Sangat Tidak Setuju,Setuju,Setuju,Sangat Setuju,Sangat Setuju,Sangat Tidak Setuju,Sangat Setuju,Sangat Setuju,Sangat Setuju,Sangat Setuju,Sangat Tidak Setuju,Setuju,7,6,6,5,5,6,7,8,Risha,
21/09/2026 17:48:03,"Ya, Saya bersedia",Aklima,085261662326,"Ie Masen Kaye Adang, Banda Aceh",Perempuan,38,S2,Menikah,Dosen,Rp5.000.000,10 tahun,26 tahun,2,Rumah Sendiri,,,,,,,,,,,,,,Selalu,Selalu,Selalu,Selalu,Selalu,Selalu,Selalu,Selalu,Selalu,Selalu,Selalu,Selalu,Kadang-kadang,Selalu,Selalu,Selalu,Selalu,Selalu,Selalu,Selalu,Selalu,Selalu,Selalu,Sering,Sering,Sering,Sering,Sering,Selalu,Selalu,Sering,Tidak Pernah,Tidak Pernah,Tidak Pernah,Tidak Pernah,Tidak Pernah,Tidak Pernah,Tidak Pernah,Tidak Pernah,Tidak Pernah,Tidak Pernah,Tidak Pernah,Tidak Pernah,Tidak Pernah,Jarang,Jarang,Tidak Pernah,Tidak Pernah,Tidak Pernah,Tidak Pernah,Tidak Pernah,Tidak Pernah,Tidak Pernah,Selalu,Tidak Setuju,Tidak Setuju,Tidak Setuju,Tidak Setuju,Tidak Setuju,Tidak Setuju,Tidak Setuju,Tidak Setuju,Tidak Setuju,Tidak Setuju,Setuju,Setuju,Tidak Setuju,Setuju,Setuju,Tidak Setuju,Setuju,Setuju,Setuju,Setuju,Setuju,Sangat Setuju,Setuju,Tidak Setuju,Tidak Setuju,Tidak Setuju,Sangat Setuju,Setuju,Sangat Tidak Setuju,Setuju,Sangat Tidak Setuju,Setuju,Tidak Setuju,Sangat Tidak Setuju,Sangat Setuju,Sangat Setuju,Sangat Setuju,Setuju,Tidak Setuju,Sangat Setuju,8,8,8,4,8,8,8,8,Risha,
21/09/2026 17:55:33,"Ya, Saya bersedia",AR,082361100430,Banda Aceh,Perempuan,48,S1,Menikah,Wirausaha,Rp5.000.000,24 tahun,24 tahun,4,Rumah Sendiri,,,,,,,,,,,,,,Sering,Selalu,Sering,Sering,Selalu,Selalu,Selalu,Selalu,Selalu,Selalu,Selalu,Sering,Selalu,Sering,Sering,Selalu,Sering,Selalu,Selalu,Selalu,Selalu,Selalu,Selalu,Selalu,Sering,Selalu,Selalu,Selalu,Selalu,Selalu,Kadang-kadang,Jarang,Jarang,Tidak Pernah,Tidak Pernah,Tidak Pernah,Jarang,Jarang,Jarang,Jarang,Tidak Pernah,Tidak Pernah,Tidak Pernah,Jarang,Jarang,Jarang,Jarang,Jarang,Sering,Kadang-kadang,Kadang-kadang,Kadang-kadang,Jarang,Jarang,Sangat Tidak Setuju,Sangat Tidak Setuju,Sangat Tidak Setuju,Setuju,Sangat Tidak Setuju,Sangat Setuju,Sangat Tidak Setuju,Sangat Tidak Setuju,Tidak Setuju,Sangat Tidak Setuju,Sangat Setuju,Sangat Setuju,Sangat Tidak Setuju,Sangat Setuju,Sangat Setuju,Sangat Tidak Setuju,Sangat Setuju,Sangat Setuju,Sangat Setuju,Sangat Setuju,Sangat Setuju,Sangat Setuju,Sangat Setuju,Sangat Tidak Setuju,Sangat Tidak Setuju,Sangat Tidak Setuju,Sangat Setuju,Sangat Setuju,Sangat Setuju,Sangat Setuju,Sangat Setuju,Sangat Setuju,Setuju,Sangat Tidak Setuju,Sangat Setuju,Sangat Setuju,Sangat Setuju,Sangat Setuju,Sangat Setuju,Sangat Setuju,3,6,4,6,8,6,6,5,Risha,
21/09/2026 18:19:51,"Ya, Saya bersedia",RF,082336576754,"Merduati, Banda Aceh",Perempuan,24 tahun,S1,Menikah,Karyawan,Rp18.000.000,6 bulan,24 tahun,-,Rumah Keluarga,,,,,,,,,,,,,,Selalu,Kadang-kadang,Sering,Selalu,Selalu,Jarang,Sering,Selalu,Selalu,Selalu,Selalu,Sering,Sering,Sering,Selalu,Sering,Selalu,Sering,Sering,Sering,Sering,Sering,Sering,Kadang-kadang,Kadang-kadang,Sering,Sering,Sering,Sering,Kadang-kadang,Jarang,Kadang-kadang,Jarang,Tidak Pernah,Tidak Pernah,Tidak Pernah,Tidak Pernah,Jarang,Jarang,Jarang,Jarang,Tidak Pernah,Jarang,Tidak Pernah,Tidak Pernah,Jarang,Jarang,Sering,Jarang,Kadang-kadang,Kadang-kadang,Jarang,Kadang-kadang,Kadang-kadang,Sangat Tidak Setuju,Sangat Tidak Setuju,Sangat Tidak Setuju,Sangat Setuju,Setuju,Sangat Setuju,Sangat Tidak Setuju,Sangat Tidak Setuju,Tidak Setuju,Sangat Tidak Setuju,Sangat Setuju,Sangat Setuju,Sangat Setuju,Sangat Setuju,Setuju,Sangat Tidak Setuju,Sangat Setuju,Setuju,Setuju,Setuju,Sangat Setuju,Sangat Setuju,Tidak Setuju,Tidak Setuju,Sangat Tidak Setuju,Sangat Tidak Setuju,Sangat Setuju,Tidak Setuju,Tidak Setuju,Setuju,Setuju,Sangat Setuju,Setuju,Sangat Tidak Setuju,Sangat Setuju,Sangat Setuju,Sangat Setuju,Sangat Setuju,Sangat Tidak Setuju,Setuju,9,8,8,7,9,9,9,9,Risha,
21/09/2026 18:33:31,"Ya, Saya bersedia",MH,085260753226,"Baet, Aceh Besar",Laki-laki,60,S1,Menikah,Pensiunan PNS,Rp2.800.000,33 tahun,27 tahun,2,Rumah Sendiri,,,,,,,,,,,,,,Selalu,Kadang-kadang,Selalu,Sering,Selalu,Selalu,Selalu,Selalu,Selalu,Sering,Sering,Sering,Sering,Selalu,Selalu,Sering,Sering,Selalu,Sering,Sering,Sering,Selalu,Sering,Sering,Sering,Sering,Selalu,Selalu,Selalu,Kadang-kadang,Tidak Pernah,Tidak Pernah,Tidak Pernah,Tidak Pernah,Tidak Pernah,Tidak Pernah,Tidak Pernah,Jarang,Jarang,Tidak Pernah,Tidak Pernah,Jarang,Kadang-kadang,Tidak Pernah,Kadang-kadang,Kadang-kadang,Sering,Kadang-kadang,Kadang-kadang,Sering,Sering,Sering,Tidak Pernah,Jarang,Sangat Tidak Setuju,Setuju,Tidak Setuju,Setuju,Sangat Tidak Setuju,Sangat Setuju,Sangat Tidak Setuju,Sangat Tidak Setuju,Setuju,Sangat Tidak Setuju,Sangat Setuju,Sangat Setuju,Sangat Tidak Setuju,Sangat Setuju,Setuju,Sangat Tidak Setuju,Sangat Setuju,Sangat Setuju,Sangat Setuju,Sangat Setuju,Sangat Setuju,Sangat Setuju,Sangat Setuju,Sangat Tidak Setuju,Sangat Tidak Setuju,Sangat Tidak Setuju,Sangat Setuju,Tidak Setuju,Sangat Setuju,Sangat Setuju,Sangat Setuju,Sangat Setuju,Sangat Setuju,Sangat Tidak Setuju,Sangat Setuju,Sangat Setuju,Sangat Setuju,Sangat Setuju,Sangat Tidak Setuju,Sangat Setuju,8,7,8,10,8,9,10,10,Risha,
22/09/2026 16:43:36,"Ya, Saya bersedia",Nunun,085372915701,Banda Aceh,Perempuan,53,SMA,Menikah,IRT,1.500.000,28,27,3,Rumah Sendiri,,,,,,,,,,,,,,Selalu,Selalu,Selalu,Selalu,Selalu,Selalu,Selalu,Jarang,Selalu,Selalu,Selalu,Selalu,Kadang-kadang,Selalu,Selalu,Selalu,Selalu,Selalu,Selalu,Selalu,Selalu,Selalu,Selalu,Selalu,Selalu,Selalu,Selalu,Selalu,Selalu,Selalu,Tidak Pernah,Tidak Pernah,Tidak Pernah,Tidak Pernah,Tidak Pernah,Tidak Pernah,Tidak Pernah,Tidak Pernah,Tidak Pernah,Tidak Pernah,Jarang,Tidak Pernah,Sering,Tidak Pernah,Tidak Pernah,Selalu,Selalu,Tidak Pernah,Tidak Pernah,Tidak Pernah,Kadang-kadang,Tidak Pernah,Tidak Pernah,Tidak Pernah,Tidak Setuju,Setuju,Setuju,Sangat Setuju,Sangat Setuju,Sangat Setuju,Sangat Setuju,Tidak Setuju,Tidak Setuju,Tidak Setuju,Sangat Setuju,Sangat Setuju,Tidak Setuju,Sangat Setuju,Tidak Setuju,Sangat Tidak Setuju,Sangat Tidak Setuju,Sangat Tidak Setuju,Sangat Tidak Setuju,Sangat Tidak Setuju,Sangat Setuju,Sangat Setuju,Sangat Setuju,Tidak Setuju,Tidak Setuju,Sangat Tidak Setuju,Sangat Setuju,Setuju,Sangat Setuju,Sangat Setuju,Sangat Setuju,Sangat Setuju,Setuju,Tidak Setuju,Setuju,Setuju,Setuju,Setuju,Sangat Tidak Setuju,Setuju,7,6,4,5,1,7,7,7,Nasywaa Syifa,
22/09/2026 16:50:17,"Ya, Saya bersedia",HD,081360012868,Banda aceh,Laki-laki,56,S1,Menikah,guru,4.000.000,36,30,1,Rumah Sendiri,,,,,,,,,,,,,,Tidak pernah,Tidak Pernah,Selalu,Selalu,Selalu,Selalu,Selalu,Selalu,Selalu,Selalu,Selalu,Selalu,Selalu,Selalu,Selalu,Selalu,Selalu,Selalu,Selalu,Selalu,Selalu,Selalu,Selalu,Selalu,Selalu,Selalu,Selalu,Selalu,Selalu,Selalu,Selalu,Selalu,Selalu,Tidak Pernah,Tidak Pernah,Tidak Pernah,Selalu,Tidak Pernah,Tidak Pernah,Tidak Pernah,Tidak Pernah,Jarang,Sering,Jarang,Selalu,Selalu,Selalu,Tidak Pernah,Jarang,Jarang,Jarang,Tidak Pernah,Tidak Pernah,Tidak Pernah,Sangat Tidak Setuju,Sangat Tidak Setuju,Sangat Tidak Setuju,Sangat Tidak Setuju,Sangat Tidak Setuju,Sangat Tidak Setuju,Sangat Tidak Setuju,Tidak Setuju,Sangat Tidak Setuju,Sangat Tidak Setuju,Setuju,Setuju,Sangat Tidak Setuju,Sangat Tidak Setuju,Sangat Tidak Setuju,Setuju,Setuju,Setuju,Sangat Setuju,Sangat Setuju,Setuju,Tidak Setuju,Sangat Tidak Setuju,Sangat Tidak Setuju,Setuju,Setuju,Sangat Tidak Setuju,Setuju,Sangat Setuju,Sangat Setuju,Setuju,Sangat Tidak Setuju,Setuju,Sangat Tidak Setuju,Setuju,Sangat Tidak Setuju,Setuju,Sangat Setuju,Sangat Tidak Setuju,Setuju,8,8,6,7,4,7,7,7,Nasywaa Syifa,
22/09/2026 16:59:00,"Ya, Saya bersedia",JAL,-,Banda Aceh,Laki-laki,50,S1,Menikah,guru,3.500.000,23,27,5,Rumah Sendiri,,,,,,,,,,,,,,Tidak pernah,Sering,Sering,Selalu,Sering,Sering,Selalu,Kadang-kadang,Kadang-kadang,Selalu,Selalu,Sering,Sering,Sering,Selalu,Selalu,Selalu,Selalu,Sering,Sering,Sering,Sering,Sering,Kadang-kadang,Selalu,Sering,Kadang-kadang,Selalu,Selalu,Sering,Jarang,Jarang,Tidak Pernah,Tidak Pernah,Tidak Pernah,Tidak Pernah,Tidak Pernah,Tidak Pernah,Jarang,Tidak Pernah,Jarang,Sering,Selalu,Selalu,Selalu,Selalu,Selalu,Tidak Pernah,Jarang,Jarang,Jarang,Tidak Pernah,Tidak Pernah,Tidak Pernah,Sangat Tidak Setuju,Tidak Setuju,Tidak Setuju,Sangat Setuju,Sangat Tidak Setuju,Sangat Setuju,Sangat Tidak Setuju,Tidak Setuju,Sangat Tidak Setuju,Sangat Tidak Setuju,Setuju,Setuju,Sangat Tidak Setuju,Sangat Tidak Setuju,Sangat Tidak Setuju,Sangat Tidak Setuju,Sangat Tidak Setuju,Setuju,Setuju,Setuju,Setuju,Sangat Setuju,Setuju,Tidak Setuju,Sangat Tidak Setuju,Sangat Tidak Setuju,Sangat Setuju,Sangat Setuju,Sangat Tidak Setuju,Setuju,Sangat Setuju,Sangat Setuju,Setuju,Sangat Tidak Setuju,Setuju,Sangat Tidak Setuju,Setuju,Sangat Setuju,Sangat Tidak Setuju,Setuju,8,8,6,7,4,7,7,7,Nasywaa Syifa,
22/09/2026 17:05:35,"Ya, Saya bersedia",DEDEK,082371372443,Banda Aceh,Laki-laki,42,SMA,Menikah,buruh,3.000.000,16,24,7,Rumah Sendiri,,,,,,,,,,,,,,Tidak pernah,Tidak Pernah,Tidak Pernah,Selalu,Selalu,Selalu,Selalu,Selalu,Selalu,Selalu,Selalu,Selalu,Selalu,Selalu,Selalu,Selalu,Selalu,Selalu,Selalu,Selalu,Selalu,Selalu,Selalu,Selalu,Selalu,Selalu,Sering,Selalu,Selalu,Selalu,Kadang-kadang,Kadang-kadang,Kadang-kadang,Tidak Pernah,Tidak Pernah,Tidak Pernah,Tidak Pernah,Tidak Pernah,Tidak Pernah,Tidak Pernah,Tidak Pernah,Tidak Pernah,Tidak Pernah,Tidak Pernah,Kadang-kadang,Tidak Pernah,Selalu,Tidak Pernah,Tidak Pernah,Tidak Pernah,Tidak Pernah,Tidak Pernah,Tidak Pernah,Tidak Pernah,Sangat Tidak Setuju,Sangat Tidak Setuju,Sangat Tidak Setuju,Sangat Tidak Setuju,Sangat Tidak Setuju,Sangat Tidak Setuju,Sangat Tidak Setuju,Sangat Tidak Setuju,Sangat Tidak Setuju,Sangat Tidak Setuju,Sangat Tidak Setuju,Tidak Setuju,Sangat Tidak Setuju,Sangat Tidak Setuju,Sangat Tidak Setuju,Sangat Tidak Setuju,Sangat Tidak Setuju,Sangat Tidak Setuju,Sangat Tidak Setuju,Sangat Tidak Setuju,Sangat Tidak Setuju,Sangat Setuju,Sangat Setuju,Setuju,Sangat Setuju,Sangat Tidak Setuju,Setuju,Setuju,Sangat Tidak Setuju,Sangat Tidak Setuju,Sangat Tidak Setuju,Sangat Setuju,Tidak Setuju,Sangat Tidak Setuju,Setuju,Sangat Setuju,Setuju,Setuju,Tidak Setuju,Sangat Setuju,9,10,7,7,4,7,7,7,Nasywaa Syifa,
22/09/2026 17:11:42,"Ya, Saya bersedia",DEDI,085260047326,Banda Aceh,Laki-laki,42,SMA,Menikah,pegawai negri,5.000.000,18,24,2,Rumah Sendiri,,,,,,,,,,,,,,Tidak pernah,Tidak Pernah,Tidak Pernah,Tidak Pernah,Selalu,Selalu,Selalu,Selalu,Selalu,Selalu,Selalu,Selalu,Selalu,Selalu,Selalu,Selalu,Selalu,Selalu,Selalu,Selalu,Selalu,Tidak Pernah,Selalu,Tidak Pernah,Selalu,Selalu,Tidak Pernah,Selalu,Selalu,Selalu,Tidak Pernah,Tidak Pernah,Tidak Pernah,Tidak Pernah,Tidak Pernah,Tidak Pernah,Tidak Pernah,Tidak Pernah,Tidak Pernah,Tidak Pernah,Tidak Pernah,Tidak Pernah,Tidak Pernah,Tidak Pernah,Tidak Pernah,Tidak Pernah,Tidak Pernah,Tidak Pernah,Tidak Pernah,Tidak Pernah,Tidak Pernah,Tidak Pernah,Tidak Pernah,Tidak Pernah,Sangat Tidak Setuju,Sangat Tidak Setuju,Sangat Tidak Setuju,Sangat Tidak Setuju,Sangat Tidak Setuju,Sangat Tidak Setuju,Sangat Tidak Setuju,Sangat Tidak Setuju,Sangat Tidak Setuju,Sangat Tidak Setuju,Sangat Tidak Setuju,Sangat Tidak Setuju,Sangat Tidak Setuju,Sangat Tidak Setuju,Sangat Tidak Setuju,Sangat Tidak Setuju,Sangat Tidak Setuju,Sangat Tidak Setuju,Sangat Tidak Setuju,Sangat Tidak Setuju,Sangat Tidak Setuju,Sangat Setuju,Sangat Tidak Setuju,Sangat Tidak Setuju,Sangat Tidak Setuju,Sangat Tidak Setuju,Sangat Tidak Setuju,Sangat Tidak Setuju,Sangat Tidak Setuju,Sangat Setuju,Sangat Tidak Setuju,Sangat Tidak Setuju,Sangat Tidak Setuju,Sangat Tidak Setuju,Sangat Setuju,Sangat Tidak Setuju,Sangat Tidak Setuju,Sangat Tidak Setuju,Sangat Tidak Setuju,Sangat Tidak Setuju,10,10,10,10,10,10,10,10,Nasywaa Syifa,
22/09/2026 17:19:39,"Ya, Saya bersedia",MST,-,banda aceh,Perempuan,54,S1,Menikah,wirausaha,4.000.000,28,26,4,Rumah Sendiri,,,,,,,,,,,,,,Sering,Selalu,Selalu,Sering,Jarang,Jarang,Kadang-kadang,Kadang-kadang,Sering,Sering,Sering,Kadang-kadang,Kadang-kadang,Sering,Kadang-kadang,Sering,Sering,Sering,Sering,Sering,Kadang-kadang,Sering,Sering,Sering,Kadang-kadang,Kadang-kadang,Sering,Sering,Sering,Sering,Jarang,Kadang-kadang,Jarang,Jarang,Tidak Pernah,Tidak Pernah,Tidak Pernah,Tidak Pernah,Jarang,Jarang,Jarang,Tidak Pernah,Tidak Pernah,Tidak Pernah,Tidak Pernah,Jarang,Tidak Pernah,Tidak Pernah,Sering,Sering,Sering,Sering,Sering,Sering,Sangat Tidak Setuju,Tidak Setuju,Tidak Setuju,Tidak Setuju,Sangat Tidak Setuju,Sangat Setuju,Tidak Setuju,Tidak Setuju,Sangat Tidak Setuju,Tidak Setuju,Sangat Setuju,Sangat Setuju,Sangat Tidak Setuju,Sangat Setuju,Setuju,Sangat Tidak Setuju,Sangat Setuju,Setuju,Sangat Setuju,Sangat Setuju,Sangat Setuju,Sangat Setuju,Sangat Setuju,Sangat Tidak Setuju,Sangat Tidak Setuju,Sangat Tidak Setuju,Sangat Setuju,Sangat Setuju,Sangat Tidak Setuju,Sangat Setuju,Setuju,Sangat Setuju,Setuju,Setuju,Sangat Setuju,Sangat Setuju,Sangat Setuju,Sangat Setuju,Sangat Tidak Setuju,Sangat Tidak Setuju,7,6,6,6,5,7,6,7,Nasywaa Syifa,
22/09/2026 17:27:11,"Ya, Saya bersedia",Z,-,Banda Aceh,Perempuan,35,D-III / D-IV,Menikah,Karyawan Swasta,5.000.000,11,24,2,Rumah Sewa,,,,,,,,,,,,,,Sering,Kadang-kadang,Sering,Selalu,Sering,Sering,Selalu,Selalu,Selalu,Kadang-kadang,Sering,Sering,Kadang-kadang,Selalu,Kadang-kadang,Sering,Sering,Kadang-kadang,Sering,Sering,Sering,Sering,Selalu,Sering,Sering,Sering,Kadang-kadang,Selalu,Sering,Sering,Sering,Jarang,Jarang,Tidak Pernah,Tidak Pernah,Jarang,Tidak Pernah,Tidak Pernah,Jarang,Kadang-kadang,Jarang,Jarang,Jarang,Kadang-kadang,Tidak Pernah,Jarang,Tidak Pernah,Jarang,Tidak Pernah,Jarang,Jarang,Sering,Jarang,Sering,Sangat Tidak Setuju,Sangat Tidak Setuju,Sangat Tidak Setuju,Setuju,Sangat Tidak Setuju,Sangat Tidak Setuju,Sangat Tidak Setuju,Sangat Tidak Setuju,Sangat Tidak Setuju,Sangat Tidak Setuju,Sangat Tidak Setuju,Sangat Tidak Setuju,Sangat Setuju,Sangat Setuju,Sangat Setuju,Sangat Tidak Setuju,Sangat Setuju,Sangat Setuju,Sangat Setuju,Sangat Setuju,Sangat Setuju,Sangat Setuju,Setuju,Sangat Tidak Setuju,Sangat Tidak Setuju,Sangat Tidak Setuju,Sangat Setuju,Setuju,Tidak Setuju,Setuju,Sangat Setuju,Sangat Setuju,Sangat Setuju,Sangat Tidak Setuju,Sangat Setuju,Sangat Setuju,Sangat Setuju,Setuju,Sangat Tidak Setuju,Setuju,7,7,7,5,7,7,4,4,Nasywaa Syifa,
22/09/2026 17:35:31,"Ya, Saya bersedia",EF,082271222265,Aceh utara,Perempuan,40,SMA,Menikah,IRT,3.500.000,7,26,2,Rumah Sendiri,,,,,,,,,,,,,,Sering,Kadang-kadang,Sering,Selalu,Selalu,Selalu,Selalu,Sering,Kadang-kadang,Sering,Kadang-kadang,Kadang-kadang,Kadang-kadang,Selalu,Selalu,Kadang-kadang,Kadang-kadang,Kadang-kadang,Kadang-kadang,Sering,Kadang-kadang,Kadang-kadang,Sering,Kadang-kadang,Sering,Kadang-kadang,Kadang-kadang,Kadang-kadang,Sering,Sering,Sering,Sering,Sering,Jarang,Tidak Pernah,Tidak Pernah,Jarang,Kadang-kadang,Kadang-kadang,Kadang-kadang,Kadang-kadang,Kadang-kadang,Kadang-kadang,Kadang-kadang,Kadang-kadang,Kadang-kadang,Kadang-kadang,Jarang,Kadang-kadang,Kadang-kadang,Tidak Pernah,Tidak Pernah,Tidak Pernah,Tidak Pernah,Tidak Setuju,Sangat Tidak Setuju,Sangat Tidak Setuju,Setuju,Sangat Tidak Setuju,Sangat Tidak Setuju,Sangat Tidak Setuju,Sangat Tidak Setuju,Sangat Setuju,Sangat Tidak Setuju,Sangat Tidak Setuju,Sangat Tidak Setuju,Sangat Tidak Setuju,Sangat Tidak Setuju,Sangat Tidak Setuju,Sangat Tidak Setuju,Sangat Tidak Setuju,Tidak Setuju,Sangat Tidak Setuju,Tidak Setuju,Setuju,Sangat Setuju,Tidak Setuju,Sangat Tidak Setuju,Tidak Setuju,Tidak Setuju,Sangat Setuju,Tidak Setuju,Sangat Tidak Setuju,Sangat Tidak Setuju,Setuju,Sangat Setuju,Setuju,Tidak Setuju,Sangat Setuju,Sangat Setuju,Sangat Setuju,Sangat Setuju,Setuju,Setuju,7,6,6,4,2,5,5,6,Nasywaa Syifa,
22/09/2026 17:45:02,"Ya, Saya bersedia",C,085260205848,Aceh Jaya,Laki-laki,48,SMA,Menikah,Nelayan,4 000.000,19,29,4,Rumah Sendiri,,,,,,,,,,,,,,Sering,Kadang-kadang,Sering,Selalu,Kadang-kadang,Kadang-kadang,Kadang-kadang,Sering,Sering,Kadang-kadang,Kadang-kadang,Sering,Kadang-kadang,Sering,Sering,Kadang-kadang,Sering,Selalu,Selalu,Selalu,Sering,Sering,Sering,Kadang-kadang,Sering,Sering,Selalu,Selalu,Selalu,Sering,Tidak Pernah,Tidak Pernah,Tidak Pernah,Jarang,Jarang,Jarang,Jarang,Jarang,Tidak Pernah,Tidak Pernah,Kadang-kadang,Kadang-kadang,Tidak Pernah,Tidak Pernah,Tidak Pernah,Jarang,Tidak Pernah,Tidak Pernah,Jarang,Jarang,Jarang,Kadang-kadang,Kadang-kadang,Kadang-kadang,Sangat Tidak Setuju,Sangat Tidak Setuju,Tidak Setuju,Sangat Setuju,Sangat Tidak Setuju,Sangat Setuju,Sangat Tidak Setuju,Sangat Tidak Setuju,Tidak Setuju,Sangat Tidak Setuju,Sangat Setuju,Sangat Setuju,Sangat Tidak Setuju,Sangat Setuju,Sangat Setuju,Sangat Tidak Setuju,Sangat Setuju,Sangat Setuju,Sangat Tidak Setuju,Sangat Setuju,Sangat Setuju,Sangat Setuju,Sangat Setuju,Sangat Tidak Setuju,Sangat Tidak Setuju,Sangat Tidak Setuju,Sangat Setuju,Sangat Setuju,Sangat Tidak Setuju,Sangat Setuju,Sangat Setuju,Sangat Tidak Setuju,Sangat Setuju,Sangat Tidak Setuju,Sangat Setuju,Sangat Tidak Setuju,Sangat Setuju,Sangat Setuju,Sangat Tidak Setuju,Sangat Setuju,6,5,4,5,3,5,5,3,Nasywaa Syifa,
23/09/2026 10:23:21,"Ya, Saya bersedia",Rukiyah Hanum,085218234004,B. Aceh,Perempuan,54,S1,Menikah,Irt,-,19,35,3,Rumah Sendiri,,,,,,,,,,,,,,Kadang-kadang,Kadang-kadang,Jarang,Jarang,Jarang,Jarang,Jarang,Tidak Pernah,Jarang,Kadang-kadang,Kadang-kadang,Kadang-kadang,Jarang,Kadang-kadang,Jarang,Jarang,Jarang,Jarang,Tidak Pernah,Jarang,Sering,Sering,Kadang-kadang,Jarang,Jarang,Kadang-kadang,Jarang,Jarang,Jarang,Jarang,Kadang-kadang,Kadang-kadang,Jarang,Tidak Pernah,Tidak Pernah,Tidak Pernah,Jarang,Kadang-kadang,Jarang,Tidak Pernah,Kadang-kadang,Jarang,Jarang,Kadang-kadang,Jarang,Jarang,Jarang,Kadang-kadang,Kadang-kadang,Kadang-kadang,Kadang-kadang,Kadang-kadang,Tidak Pernah,Kadang-kadang,Sangat Tidak Setuju,Sangat Tidak Setuju,Sangat Tidak Setuju,Setuju,Sangat Tidak Setuju,Sangat Tidak Setuju,Sangat Tidak Setuju,Tidak Setuju,Sangat Tidak Setuju,Sangat Tidak Setuju,Setuju,Setuju,Sangat Tidak Setuju,Sangat Setuju,Setuju,Setuju,Sangat Setuju,Setuju,Sangat Setuju,Setuju,Setuju,Sangat Setuju,Setuju,Sangat Setuju,Tidak Setuju,Tidak Setuju,Sangat Setuju,Setuju,Sangat Tidak Setuju,Setuju,Sangat Setuju,Setuju,Setuju,Tidak Setuju,Sangat Setuju,Setuju,Setuju,Setuju,Tidak Setuju,Setuju,5,6,6,7,3,6,7,5,Haiyun Nisa,