,Pendidikan Terakhir,"1. Jika pertengkaran saya dan pasangan mulai memanas, dan salah satu dari kita meminta maaf maka masalah tidak akan berlarut.","2. Ketika keadaan menjadi sulit, saya tahu bahwa saya dan pasangan dapat  mengabaikan perbedaan diantara kami.","3. Dalam situasi tertentu, saya dan pasangan dapat mendiskusikan kembali masalah yang diperdebatkan dan memperbaikinya.","4. Saat terjadi pertengkaran, saya percaya bahwa komunikasi dengan pasangan pada akhirnya dapat menyelesaikan masalah.",5. Waktu yang saya habiskan bersama pasangan merupakan momen yang istimewa bagi kami.,6. Saya dan pasangan menghabiskan waktu bersama dirumah.,"7. Dirumah, saya dan pasangan tidak hanya sekadar berbagi tempat yang sama, melainkan sebuah keluarga yang erat.",8. Saya menikmati saat-saat liburan bersama pasangan.,9. Saya menikmati bepergian bersama pasangan.,10. Saya dan pasangan memiliki tujuan yang sama.,11. Saya merasa bahwa perjalanan hidup saya dan pasangan akan tetap berjalan searah dan saling mendukung hingga masa depan.,12. Saya dan pasangan memiliki pandangan yang serupa tentang privasi.,13. Saya dan pasangan memiliki selera hiburan yang serupa.,"14. Saya dan pasangan memiliki tujuan dan prioritas yang sama terhadap orang-orang yang penting bagi kami (anak, teman dan lainnya).",15. Saya dan pasangan memiliki impian  hidup yang sama dan selaras.,16.  Saya dan pasangan memiliki pandangan yang sama tentang cinta.,17. Saya dan pasangan memiliki pandangan yang sama tentang bagaimana cara untuk bahagia.,18.  Saya dan pasangan memiliki pandangan yang serupa tentang bagaimana seharusnya menjalani sebuah pernikahan.,19.  Saya dan pasangan memiliki pandangan yang sama mengenai pembagian peran dalam pernikahan.,20. Saya dan pasangan memiliki nilai-nilai yang sama mengenai arti sebuah kepercayaan dalam hubungan.,21. Saya tahu apa yang disukai pasangan saya,22. Saya tahu bagaimana pasangan saya ingin dirawat ketika sedang sakit.,23. Saya mengetahui makanan favorit pasangan saya.,24. Saya mengetahui berbagai tekanan atau masalah yang sedang dihadapi pasangan saya.,25. Saya memahami perasaan dan pikiran pasangan saya,26. Saya tahu hal-hal yang membuat pasangan saya khawatir.,27. Saya mengetahui sumber stres yang sedang dialami pasangan saya sehari-hari,28. Saya mengetahui harapan dan keinginan pasangan saya.,29. Saya mengenal pasangan saya dengan sangat baik.,30. Saya mengetahui siapa saja teman-teman dan lingkungan pergaulan pasangan saya.,"31. Saat bertengkar dengan pasangan, saya merasa cenderung bersikap agresif.","32. Dalam pertengkaran, saya menggunakan kalimat “kamu selalu” atau “kamu tidak pernah”.","33. Ketika bertengkar, saya menyinggung tentang kepribadian negatif / hal negatif / kekurangan dalam diri pasangan saya.","34. Ketika bertengkar, saya menggunakan kata kata menyakitkan / umpatan.","35.  Ketika bertengkar, saya menghina pasangan saya.","36. Dalam pertengkaran, saya merendahkan pasangan.","37. Dalam pertengkaran, saya dan pasangan tidak berakhir damai.",38. Saya tidak menyukai cara pasangan memulai sebuah topik pembicaraan.,39. Pertengkaran terjadi secara tiba-tiba.,"40. Bahkan sebelum memahami apa yang terjadi, saya dan pasangan sudah mulai bertengkar","41. Saat berbicara dengan pasangan tentang suatu masalah, ketenangan saya bisa tiba-tiba hilang.","42.  Ketika bertengkar dengan pasangan, saya hanya menutup diri dan tidak mengatakan sepatah kata pun.",43. Saya memilih membisu/menutup diri hanya demi meredam suasana.,44. Saya berpikir bahwa meninggalkan rumah untuk sementara waktu akan menjadi hal yang baik.,"45. Daripada bertengkar dengan pasangan, saya lebih memilih untuk mendiamkannya/ tidak merespon lagi.","46. Sekalipun saya berada di pihak yang benar,  saya memilih untuk tidak merespon pasangan saat terjadi pertengkaran.","47. Saat bertengkar dengan pasangan, saya memilih untuk menarik diri karena khawatir akan lepas kendali.","48. Dalam pertengkaran dengan pasangan, saya merasa bahwa saya yang benar.","49. Hal-hal yang dituduhkan pasangan kepada saya, tidak ada hubungan dengan saya.",50. Sebenarnya bukan saya yang bersalah atas hal-hal yang dituduhkan kepada saya,51. Saya bukan pihak yang bersalah atas masalah-masalah di rumah.,52.Saya secara blakblakan memberi tahu kekurangan pasangan.,"53. Dalam pertengkaran, saya mengungkit kekurangan pasangan saya.",54. Saya mengatakan kepada pasangan mengenai ketidakmampuan atau kelemahannya.,1. Seberapa tingkat stress keuangan Anda hari ini?,2. Seberapa puas anda dengan kondisi keuangan Anda saat ini?,3. Bagaimana perasaan Anda mengenai kondisi keuangan Anda saat ini?,4. Seberapa sering Anda merasa khawatir tidak dapat memenuhi biaya hidup bulanan seperti biasanya?,5. Seberapa yakin Anda bisa mendapatkan uang untuk mengatasi keadaan darurat keuangan yang membutuhkan sekitar Rp15.000.000?,"6. Seberapa sering Anda mengurungkan niat untuk pergi makan di luar, menonton film, atau melakukan sesuatu yang lain karena merasa tidak mampu?","7. Seberapa sering Anda merasa hanya memiliki uang yang cukup untuk hidup, dan hidup dari gaji ke gaji?",8. Seberapa stress Anda terhadap keuangan pribadi Anda secara umum?,1. Menurut saya seorang suami wajar menampar istrinya jika melakukan kesalahan.,2. Menurut saya seorang suami perlu mengintai seluruh aktivitas istrinya dari jauh,3. Menurut saya suami boleh menyadap alat komunikasi istrinya,4. Menurut saya seorang suami tidak boleh menyalahkan istri atas segala permasalahan yang ada di dalam keluarga,5. Menurut saya seorang suami pantas menghina istri karena menganggap tidak becus mengurus anak dan rumah tangga,6. Menurut saya seorang suami tidak boleh mencekik istrinya saat terjadi pertengkaran,"7. Menurut saya jika seorang istri yang menyebabkan terjadinya pertengkaran, maka suami boleh mengancam dengan kepalan tangan untuk menghentikan perilaku istrinya",8. Saya merasa seorang suami boleh berbicara dengan nada keras pada istri yang melakukan kesalahan,9.Menurut saya seorang suami menghubungi istrinya setiap saat kerena rasa cemburu,10. Menurut saya seorang suami boleh memarahi isstri dengan kata-kata kasar,11. Saya merasa kesal jika melihat seorang suami membentak istri saat melakukan kesalahan,12. Saya merasa kesal jika mendengar suami memaksa istrinya melakukan kekerasan seksual secara tidak wajar,13. Saya merasa biasa saja saat melihat seorang suami mendorong istri sampai terjatuh,14. Saya marah jika mengetahui suami memaksa istrinya untuk melakukan hubungan seksual walaupun dalam keadaan sakit ataupun lelah,15. Saya merasa kesal jika mengetahui ada seorang suami yang melacak keberadaan istrinya menggunakan handphone setiap saat karena curiga,16. Saya biasa saja saat melihat seorang suami yang merendahkan istrinya,17. Saya marah seorang suami melakukan hal yang dapat melukai istrinya,18. Saya akan marah jika mengetahui suami mencaci istrinya,19. Saya merasa kesal jika suami memaksa istrinya melakukan hubungan seksual saat datang bulan,20. Saya tersulut emosi ketika suami mengancam istri dengan kepalan,21. Saya tidak suka saat melihat seorang suami yang memberikan komentar yang dapat melukai persaan istri,22. Saya senang bila seorang suami memperdulikan istri yang dalam keadaan sakit,23. Saya akan menasehati jika melihat seorang suami merusak barang-barang milik istrinya karena curiga,24. Saya merasa biasa saja jika mengetahui suami memaksa melakukan kekerasan pada saat berhubungan intim hingga merasa kesakitan,25. Tidak masalah bagi saya jika ada suami yang memaksa istri melakukan hubungan seksual sementara istri tidak menginginkannya,26. Saya akan membiarkan jika melihat suami memarahi istri dengan kata-kata kasar,27. Saya akan mencari bantuan jika seorang suami mengancamkan membunuh istrinya saat terjadi pertengkaran,28. Saya akan menesehati jika seorang suami yang terus menerus menelpon istrinya karena curiga,29. Saya akan membiarkan jika seorang suami menendang istrinya dengan keras terhadap istri,30. Saya akan melapor ke polisi jika saya mengetahui adanya perlakuan seorang suami yang secara sengaja melukai istrinya,31. Saya akan bertindak jika mengetahui suami memaksa istri untuk melakukan hubungan seksual dengan orang lain sebagai alasan untuk memenuhi kebutuhan ekonomi,32. Saya akan menolong jika saya melihatseorang suami menganiaya istrinya,33. Saya tidak akan membiarkan jika seorang suami menghubungi istrinya setiap saat karena rasa cemburu,"34. Saya tidak peduli jika seorang suami menghina istrinya dengan sebutan yang tidak menyenangkan seperti tolol, bodoh, jelek dan lain-lain",35. Saya akan melapor jika seorang suami mengurung atau menyekap istrinya dalam ruangan,36. Saya tidak akan membiarkan seorang suami jika suami mendorong kepala istrinya dengan keras,37. Saya akan menasehati jika suami memaksa istri melakukan hubungan seksual,38. Saya akan mencari bantuan jika suami melakukan suatu hal untuk menakuti istrinya,39. Saya tidak akan menghalangi jika ada suami meraba-raba atau menyentuh bagian sensitif istri secara paksa hingga terluka,40. Saya akan menasehati istri untuk menyampaikan pendapatnya apabila merasa tidak nyaman dalam berhubungan seksual,Status Pernikahan,pendapatan_rp
0,2,3,3,3,3,3,3,3,4,4,4,4,3,3,4,4,4,4,4,4,3,4,4,4,3,4,4,4,4,4,2,1,1,0,0,0,0,1,1,0,0,0,2,2,0,2,1,2,1,0,0,2,2,1,1,9,9,8,9,8,7,7,9,1,2,2,3,1,4,1,2,2,1,3,3,1,3,3,2,3,3,4,4,3,4,3,1,2,1,3,3,1,4,4,4,3,2,4,4,3,3,2,3,0,20000000.0
1,2,3,2,3,4,4,3,3,4,4,3,3,2,2,3,3,3,3,2,2,3,3,4,4,3,3,3,2,3,3,2,2,1,1,0,0,0,0,0,0,0,0,0,1,1,0,0,1,2,0,0,2,2,1,1,8,7,8,10,10,9,10,8,1,2,1,2,1,4,1,2,2,1,3,4,1,4,3,1,4,4,4,3,3,4,3,1,1,1,4,3,1,3,4,4,3,1,4,4,4,4,1,4,0,10000000.0
2,3,0,4,4,4,4,4,4,4,4,4,4,4,4,4,4,4,4,4,4,4,4,4,4,4,4,4,4,4,4,4,2,0,0,0,0,0,0,0,0,0,1,3,3,1,3,3,3,1,2,2,2,2,0,1,10,10,10,10,10,10,10,10,1,1,1,2,1,4,1,1,2,1,4,4,1,4,4,1,4,4,4,4,4,1,4,1,1,1,4,4,1,3,4,4,4,2,3,4,3,3,1,3,0,30000000.0
3,3,2,3,3,4,4,3,4,4,4,4,4,3,3,4,4,4,4,3,3,3,4,4,4,4,3,3,3,3,4,4,0,1,0,0,0,0,1,1,0,0,0,0,2,0,1,0,0,0,0,1,1,2,0,0,9,9,8,8,9,8,8,8,1,1,1,4,1,4,1,1,1,1,4,4,1,4,4,1,4,4,4,4,4,4,3,1,1,1,4,3,1,4,4,4,3,1,4,4,3,3,1,4,0,10000000.0
4,2,3,3,3,3,3,3,3,3,3,3,3,3,2,3,3,3,3,3,3,3,3,3,3,3,3,3,3,3,3,3,1,1,1,1,1,1,0,1,1,0,1,1,1,0,1,2,2,2,2,2,2,2,1,1,8,8,8,8,10,8,8,8,1,2,1,3,1,4,1,2,2,2,3,4,1,4,4,2,4,3,4,4,3,4,3,1,1,2,4,3,1,4,4,4,3,2,4,4,4,3,1,3,1,7000000.0
5,3,4,3,3,4,4,3,4,4,3,3,3,3,3,3,3,3,3,3,3,3,3,3,4,3,3,3,3,3,3,3,1,2,1,0,0,0,0,0,0,0,0,1,1,0,2,3,3,2,0,0,0,2,0,0,5,5,5,5,5,5,8,5,1,1,1,4,1,4,1,1,1,1,4,4,1,4,4,1,4,4,4,4,4,4,4,1,1,1,4,3,1,4,4,4,4,1,4,4,4,4,1,4,0,5000000.0
6,1,3,2,3,4,3,3,4,3,4,4,4,3,2,4,4,4,4,3,3,3,4,3,4,2,3,3,2,2,4,3,0,1,1,0,0,0,1,2,2,1,1,2,2,0,2,2,2,1,2,2,1,1,1,1,5,4,3,2,1,2,2,5,2,2,3,4,2,4,2,2,2,2,3,3,2,4,3,2,3,4,4,3,4,3,3,2,2,2,4,3,1,3,4,3,3,1,3,3,3,3,2,3,0,4700000.0
7,2,0,1,2,2,4,1,4,2,1,3,4,3,1,4,4,2,2,2,1,3,3,4,4,1,0,1,1,2,0,4,0,1,0,0,0,0,2,3,4,2,3,3,4,3,4,4,3,2,3,3,3,0,0,0,8,8,8,10,9,7,2,9,2,3,3,3,2,3,2,2,3,2,2,3,2,2,2,2,3,3,3,3,3,4,1,2,3,3,2,2,3,2,2,2,2,2,2,2,2,2,3,2,0,25000000.0
8,3,4,3,4,4,4,3,4,4,4,4,4,4,2,4,4,4,4,4,4,4,3,3,4,3,4,3,2,3,4,4,2,0,1,0,0,0,0,1,2,0,1,2,2,0,2,2,0,2,1,0,2,0,0,1,10,10,10,9,9,10,9,9,1,2,1,3,1,4,1,1,3,1,4,4,1,4,2,1,4,4,4,4,4,4,4,1,2,1,4,2,1,4,4,4,2,1,4,4,2,4,2,4,0,8000000.0
9,2,4,4,3,4,4,2,3,2,3,4,4,3,3,4,3,3,3,3,4,4,3,3,3,3,3,3,3,3,3,4,1,0,1,0,0,0,0,0,0,0,0,1,1,0,0,1,1,0,0,0,0,1,0,0,9,10,10,9,9,8,9,9,1,1,1,3,1,4,1,1,1,1,4,4,1,4,4,1,4,4,4,4,4,4,4,1,1,1,4,4,1,4,4,4,4,1,4,4,4,4,1,4,0,5000000.0
10,2,1,1,1,1,4,3,0,3,3,3,4,4,2,4,3,3,3,3,3,3,4,4,4,4,4,4,4,4,4,4,1,1,1,0,0,0,0,1,0,0,0,0,0,0,0,0,0,0,0,0,0,2,0,1,8,8,8,8,8,8,8,8,1,1,1,3,1,1,1,1,2,1,4,4,1,3,4,2,4,4,4,4,4,4,3,1,1,2,4,2,1,3,3,3,3,1,3,4,4,4,2,3,0,3000000.0
11,3,2,3,2,2,2,2,3,4,4,4,4,2,2,4,4,2,2,2,2,1,2,3,4,3,2,2,3,4,3,4,3,3,3,1,0,1,0,1,2,2,1,2,2,1,2,2,2,3,1,2,2,1,2,2,4,7,6,5,3,6,5,6,1,2,2,3,2,4,1,1,3,1,4,4,1,4,4,1,4,4,4,4,4,4,2,1,1,1,4,3,1,4,4,4,3,1,4,4,4,4,1,4,0,5000000.0
12,3,2,3,3,4,3,3,4,3,3,2,4,2,1,4,3,3,3,3,3,4,3,3,3,4,4,4,4,4,4,3,2,2,0,0,0,0,0,0,0,0,0,0,1,0,2,2,2,1,0,2,2,1,0,2,9,9,9,9,9,6,7,8,1,1,1,4,1,4,1,1,1,1,4,4,1,4,1,1,4,4,4,4,4,4,3,1,2,1,4,3,1,4,4,4,3,1,4,4,3,4,1,3,0,16000000.0
13,2,4,4,4,4,3,3,3,4,4,3,3,4,2,4,3,2,3,3,3,4,3,4,4,2,3,3,3,3,3,2,1,2,1,0,0,0,0,2,0,0,0,2,2,1,3,3,3,2,4,2,2,1,1,1,10,10,10,10,10,9,9,10,1,1,1,4,1,4,2,3,1,1,4,4,1,4,4,1,4,4,4,4,4,4,4,1,1,1,4,4,1,4,4,4,4,1,4,4,4,4,1,4,0,15000000.0
14,2,2,1,3,3,4,4,4,4,3,2,4,2,3,4,4,3,4,3,3,3,4,4,4,1,2,3,2,3,4,4,3,2,0,0,0,0,0,2,2,0,2,3,3,2,3,3,2,2,2,2,2,0,0,0,10,10,9,9,8,8,8,9,1,1,1,4,1,4,4,2,2,1,3,4,1,4,3,1,4,1,3,4,4,4,3,2,3,2,4,3,1,3,4,3,3,1,3,4,3,3,2,3,0,20000000.0
15,2,2,3,2,2,3,3,3,3,3,3,3,3,2,2,3,3,2,3,2,2,2,3,3,2,2,2,0,2,2,2,0,0,0,0,0,0,0,0,0,0,2,2,1,0,2,0,0,0,0,0,0,0,0,2,8,8,8,5,2,7,7,7,1,2,1,3,1,4,1,2,2,2,3,4,2,4,3,2,3,3,4,4,3,3,3,2,2,2,3,3,2,3,4,4,3,1,3,3,3,3,2,4,0,3000000.0
16,3,4,4,4,4,4,4,4,4,4,4,4,4,4,4,4,4,4,4,4,4,4,4,4,4,4,4,4,4,4,0,0,0,0,0,0,0,0,0,0,0,0,0,0,0,4,0,4,0,0,0,0,0,0,4,10,10,1,10,1,1,10,10,1,1,1,4,1,4,1,1,1,1,1,1,1,1,1,1,1,1,1,1,1,4,4,1,1,1,4,4,1,4,4,4,1,1,4,4,4,4,1,4,0,6000000.0
17,3,4,2,2,4,4,4,4,4,4,4,4,4,2,4,4,2,2,3,3,2,4,4,4,4,4,4,4,4,4,4,2,2,2,1,1,1,1,1,1,1,2,0,0,0,0,0,0,1,2,2,2,2,2,1,8,8,8,6,8,6,6,8,1,1,1,4,1,4,1,1,1,1,4,4,1,4,4,1,4,4,4,4,4,4,4,1,1,1,4,4,1,4,4,4,4,1,4,4,4,4,1,4,0,15000000.0
18,2,4,3,4,4,4,4,4,4,4,4,4,4,3,4,3,4,3,4,4,4,4,4,4,4,4,4,4,4,4,4,0,1,0,0,0,0,0,0,0,0,0,1,1,0,1,1,1,1,0,0,0,0,0,1,8,9,8,8,6,9,9,9,1,3,4,3,1,1,2,2,2,1,3,4,1,3,2,1,3,3,4,3,3,4,3,2,2,2,4,2,1,3,4,3,2,2,4,4,3,3,2,3,0,5000000.0
19,2,1,2,2,3,3,3,3,4,3,2,3,3,2,2,2,3,2,2,2,3,3,3,3,2,2,3,2,2,3,2,2,2,2,0,0,1,1,2,2,2,1,1,1,0,2,1,2,2,1,1,2,1,1,1,3,8,8,7,7,8,7,8,1,2,2,2,2,4,1,1,2,1,3,3,2,3,3,1,4,3,4,3,4,4,4,1,2,1,4,4,1,4,4,4,3,4,4,4,3,4,1,3,0,8000000.0
20,2,1,2,3,3,3,3,2,3,3,3,3,3,2,3,2,3,2,3,2,3,3,3,3,2,2,2,2,2,3,3,2,2,2,0,0,0,2,1,2,2,1,2,2,0,2,2,2,2,2,2,2,1,1,2,7,8,8,8,8,8,8,8,2,2,2,3,2,4,2,2,2,1,4,4,2,4,4,2,4,4,4,4,4,4,4,1,2,1,4,3,1,4,4,4,3,2,4,4,4,4,2,4,0,8000000.0
21,2,1,1,3,4,4,4,4,3,4,4,4,4,4,4,4,4,4,4,4,4,3,4,3,4,4,4,4,3,4,4,1,1,2,2,1,0,0,0,1,1,3,3,3,1,3,1,4,2,1,1,1,0,1,3,7,4,4,2,3,4,2,3,1,1,1,3,1,1,1,1,2,1,1,1,1,2,2,2,2,2,1,2,2,4,3,2,3,2,3,2,1,3,1,3,2,1,3,3,3,3,2,3,0,6000000.0
22,2,2,1,2,3,2,3,1,2,2,1,1,3,4,4,1,1,2,1,1,2,4,4,4,4,3,4,4,4,4,4,1,1,1,0,0,0,2,1,3,3,3,1,1,2,2,3,3,0,3,3,2,2,0,0,6,7,5,5,4,5,5,6,1,3,2,4,2,1,1,1,2,1,3,4,1,4,2,1,4,3,4,4,4,4,4,1,2,2,4,3,1,4,4,4,3,2,4,4,3,3,1,4,1,8000000.0
23,3,3,4,4,4,4,2,3,4,3,2,3,2,2,3,2,3,4,3,3,4,2,2,3,2,2,3,2,2,3,2,3,3,2,0,0,0,0,2,1,0,0,0,0,0,2,1,1,2,0,0,1,2,0,0,8,8,4,5,7,5,7,8,2,2,2,3,2,2,2,3,2,2,3,2,4,4,1,1,4,4,4,4,2,4,4,1,1,1,4,4,1,4,4,4,3,1,1,1,3,3,2,3,0,20000000.0
24,1,4,0,3,4,4,3,4,3,3,4,3,3,4,4,4,3,3,4,2,4,4,4,4,4,4,3,3,4,4,4,0,0,0,0,0,0,0,2,1,0,0,0,1,0,1,4,0,0,0,0,1,0,0,0,9,9,9,9,9,5,8,9,2,2,2,3,1,1,1,2,2,1,3,4,1,3,3,2,3,3,4,4,3,3,3,2,2,2,4,3,1,3,3,3,3,1,3,4,3,3,2,3,0,5000000.0
25,3,4,4,2,3,3,3,2,2,2,4,4,3,2,4,3,3,2,2,3,4,4,4,4,4,4,4,4,4,4,2,1,3,2,1,0,0,1,2,3,2,2,4,4,1,3,3,3,2,3,3,3,1,1,2,5,5,5,3,4,3,3,3,1,2,2,4,1,4,1,1,2,1,4,4,1,1,3,1,4,4,4,4,4,4,4,1,1,1,4,3,1,4,4,4,4,1,4,4,3,4,4,3,0,10000000.0
26,2,2,1,3,3,4,2,4,3,3,2,3,2,3,4,4,4,3,3,3,4,4,4,4,2,2,1,1,4,4,3,2,2,1,0,1,0,0,2,1,0,1,3,3,1,2,3,3,2,1,1,1,2,0,1,5,4,6,4,5,3,4,5,1,1,2,3,1,1,2,2,2,1,4,4,2,4,4,1,4,4,4,3,3,4,3,2,2,2,4,3,4,4,4,3,3,2,4,4,3,3,2,3,0,6000000.0
27,1,1,0,3,4,4,4,4,3,3,4,4,4,2,4,4,4,4,4,4,4,4,4,4,4,4,4,4,4,4,4,0,0,0,0,0,0,0,0,0,0,0,0,0,0,0,0,0,0,0,0,0,0,0,0,10,10,10,10,10,10,10,10,1,1,1,1,1,1,1,1,1,1,4,4,1,4,4,1,4,4,4,4,4,4,4,1,1,1,4,4,1,4,4,4,1,1,4,4,4,4,1,4,0,0.0
28,2,2,3,0,1,2,2,3,1,1,2,1,2,0,3,1,1,1,2,3,1,3,3,3,2,3,3,2,2,3,3,3,3,2,3,1,3,2,1,2,1,2,1,0,2,2,1,2,3,1,2,2,1,2,3,2,4,3,2,4,4,3,3,1,2,1,4,2,4,2,1,2,1,3,3,1,3,4,2,3,3,3,2,4,3,2,2,2,3,3,2,2,2,3,3,2,2,3,3,3,3,2,3,0,8000000.0
29,3,4,0,4,4,4,4,4,4,4,4,4,4,4,4,4,4,4,4,4,4,4,4,4,4,4,4,4,4,4,4,0,0,0,0,0,0,0,0,0,0,0,0,0,0,0,0,0,0,0,0,0,0,0,0,10,10,10,10,10,10,10,10,1,1,1,4,1,4,1,1,1,1,4,4,1,4,4,1,4,4,4,4,4,4,4,1,1,1,4,4,1,4,4,4,4,1,4,4,4,4,1,4,0,8000000.0
30,2,3,3,3,4,4,3,3,4,4,3,3,4,3,4,4,3,4,3,2,3,3,2,3,2,3,2,2,3,3,4,1,2,0,0,0,0,1,1,1,1,1,1,1,0,1,1,2,2,1,0,2,4,0,0,10,10,10,7,7,9,8,10,1,2,2,3,1,4,1,2,2,1,4,4,1,4,3,2,4,3,4,3,3,4,4,2,2,2,2,3,1,3,3,3,3,2,3,3,3,3,1,3,0,4700000.0
31,3,2,2,2,2,3,2,3,2,2,3,2,2,2,3,3,2,3,2,3,3,3,3,2,2,2,3,3,2,3,3,1,2,2,2,2,2,1,1,2,2,1,0,0,0,0,0,0,3,2,2,2,3,2,3,7,6,4,4,6,4,4,7,2,2,2,3,2,3,2,2,2,2,3,3,2,4,4,1,3,3,4,4,3,3,3,1,1,1,3,3,3,3,3,3,3,1,4,4,4,4,4,4,0,4700000.0
32,3,2,2,2,2,4,4,4,4,4,3,4,3,3,4,4,3,4,4,4,4,3,3,3,3,3,3,3,3,4,2,2,0,0,0,0,0,0,0,1,0,0,1,1,0,1,2,2,2,2,2,2,2,0,2,8,8,8,7,9,6,9,8,1,2,2,2,1,1,1,1,2,1,3,3,1,4,3,1,4,4,4,4,4,4,3,1,1,1,4,3,1,4,1,1,2,1,4,4,3,3,1,4,0,9000000.0
33,2,4,4,4,4,4,4,4,4,4,4,4,4,4,4,4,4,4,4,4,4,4,4,4,4,4,4,4,4,4,4,1,0,0,0,0,0,0,1,1,1,1,1,2,0,2,2,1,0,0,1,2,0,0,0,8,9,8,8,9,9,8,8,1,1,1,4,1,4,1,1,2,1,3,4,1,4,4,1,4,4,4,4,4,4,4,1,1,1,4,4,1,3,3,4,3,1,4,4,4,3,1,4,0,5000000.0
34,3,1,2,3,3,3,3,4,3,3,3,3,3,2,2,3,3,3,3,3,3,3,3,3,3,3,3,3,3,3,3,2,1,1,1,1,1,0,1,1,1,1,1,1,1,2,2,2,2,2,2,2,1,1,1,5,5,5,4,3,5,5,5,1,2,2,1,1,1,2,2,2,1,2,1,2,1,2,1,3,3,3,3,3,4,3,2,2,2,4,3,1,3,4,3,3,2,3,3,3,3,2,2,0,10000000.0
35,3,0,4,4,4,4,4,4,4,4,4,4,0,1,4,4,4,4,4,4,4,4,4,4,4,4,4,4,4,4,4,0,0,0,0,0,0,0,0,0,0,0,0,0,0,4,4,4,0,4,4,4,0,0,0,10,10,10,10,10,10,10,10,1,1,1,4,1,1,1,1,1,1,4,4,1,4,3,1,3,3,4,3,4,4,3,2,1,2,4,3,1,4,4,4,3,2,4,3,3,4,1,4,0,6000000.0
36,2,2,3,1,1,1,2,1,1,1,2,0,2,1,2,1,0,1,1,0,2,0,0,1,1,0,1,0,0,1,4,2,1,1,0,0,0,2,2,2,1,1,4,4,3,3,3,4,1,2,3,2,2,1,2,7,8,8,8,7,6,8,8,1,2,2,4,4,4,1,1,2,1,4,4,4,4,4,4,4,4,4,4,4,4,3,1,1,1,4,1,1,3,1,4,4,1,4,4,3,4,1,4,1,4000000.0
37,1,2,2,1,3,4,4,3,4,4,2,3,2,1,1,2,2,3,3,1,3,2,3,2,3,3,2,1,2,3,4,1,2,2,1,0,0,2,1,2,1,1,3,3,0,3,3,3,2,2,2,2,2,1,1,4,3,4,4,3,3,4,5,1,2,1,3,1,4,2,2,3,1,4,4,1,4,4,1,4,4,4,4,4,4,3,1,1,1,3,3,1,3,4,3,3,2,4,4,3,3,2,3,0,5000000.0
38,1,4,1,4,4,4,2,4,3,4,4,4,4,4,3,4,4,4,4,4,4,4,4,4,3,3,4,3,4,4,4,1,0,0,0,0,0,0,0,0,0,0,0,1,0,0,2,2,0,0,0,0,0,0,0,10,10,10,10,10,10,10,10,1,1,1,4,1,4,2,1,2,1,3,3,1,4,3,2,3,4,4,3,3,4,3,1,1,1,4,3,1,4,4,3,3,1,4,4,3,3,2,4,0,2000000.0
39,2,1,1,2,4,4,4,4,4,4,4,4,4,4,4,4,4,4,4,4,4,4,4,4,4,4,4,4,4,4,4,2,1,1,0,0,0,0,0,1,0,1,1,1,0,1,1,1,1,0,0,0,2,1,1,10,10,10,10,10,10,10,10,1,1,1,4,1,4,1,1,1,1,4,4,1,4,4,1,4,1,1,4,4,4,4,1,1,1,4,4,1,4,4,4,1,1,4,4,4,4,1,4,0,7000000.0
40,1,3,2,2,3,2,3,3,3,2,4,4,2,4,3,4,2,2,2,3,2,4,4,3,3,3,3,3,2,4,1,2,3,2,1,1,1,1,3,2,2,2,2,2,3,2,1,2,2,3,3,3,2,1,2,6,5,6,5,5,6,6,5,1,1,1,4,1,4,1,1,1,1,4,4,1,3,4,1,4,4,4,3,3,4,3,2,2,1,4,3,1,3,4,4,4,1,4,4,3,4,1,4,0,1000000.0
41,3,4,4,3,4,4,3,4,4,4,3,4,4,3,4,3,4,4,4,3,4,3,4,4,3,4,4,4,4,3,4,2,0,0,0,0,0,0,0,1,0,0,2,2,0,2,0,1,1,0,0,0,2,0,0,9,8,8,9,8,9,7,8,1,1,1,4,1,1,1,2,1,1,4,4,1,4,1,1,4,4,4,4,4,4,4,1,1,4,4,4,1,4,4,4,4,1,4,4,4,4,1,4,0,4700000.0
42,1,3,4,4,3,2,1,3,1,2,2,3,3,2,3,4,4,4,4,2,2,3,3,2,2,2,3,3,3,4,4,0,2,0,0,0,0,0,1,1,2,3,4,4,4,4,3,4,2,1,4,1,1,0,4,6,7,8,7,6,8,8,7,1,3,3,3,1,1,1,3,2,2,3,4,2,2,3,1,4,4,4,4,4,4,4,1,3,1,4,4,2,3,4,4,2,2,3,3,3,3,3,3,0,2500000.0
43,2,2,2,3,4,4,4,4,4,3,3,3,3,4,4,3,3,4,3,3,3,4,3,4,2,3,3,3,4,4,3,2,2,2,2,1,1,0,1,2,1,2,2,2,0,2,2,2,3,2,2,2,2,2,2,7,7,7,8,5,6,5,5,1,1,1,3,1,4,1,1,1,1,4,4,1,4,4,1,4,4,4,4,4,4,4,1,1,1,4,4,1,4,4,3,4,1,4,4,4,4,1,3,0,4300000.0
44,3,0,0,3,4,4,4,4,4,4,4,4,4,4,4,4,4,4,3,3,3,3,4,3,4,4,3,4,4,4,4,1,1,0,0,0,0,0,1,2,1,1,1,2,0,0,1,2,2,0,1,1,0,0,0,7,8,8,4,9,9,8,8,1,1,2,3,1,4,1,1,2,1,4,4,1,4,3,1,4,4,4,4,4,3,3,1,2,1,4,3,1,4,3,4,3,1,3,4,3,3,1,4,0,10000000.0
45,2,0,2,4,4,4,4,4,4,4,4,4,4,4,4,4,4,4,4,4,4,4,4,4,4,4,4,4,4,4,4,2,2,2,2,0,2,4,2,2,2,2,2,2,0,2,2,2,2,2,2,2,2,0,2,8,8,8,7,8,8,8,8,1,1,1,1,1,1,1,1,1,1,4,4,1,4,4,1,4,4,4,4,4,4,4,4,1,1,4,3,1,4,4,4,4,4,4,4,4,4,4,4,0,15000000.0
46,1,0,1,0,1,2,1,2,2,2,1,1,1,1,1,0,2,1,1,1,1,3,3,3,2,3,3,3,2,3,3,2,3,3,1,2,2,1,2,1,1,3,1,1,0,1,1,1,3,3,2,3,3,3,3,2,2,2,1,4,3,3,2,1,1,1,3,1,1,1,1,2,1,4,4,1,3,4,1,4,4,3,3,4,4,3,1,1,2,3,3,1,3,4,2,3,2,4,3,3,3,2,4,0,5000000.0
47,1,2,3,3,3,0,3,4,0,3,4,0,0,0,4,4,0,4,3,3,0,3,4,4,3,3,0,3,4,4,4,3,3,0,3,0,2,3,2,2,2,3,4,4,4,4,4,2,2,3,4,3,3,4,4,7,1,1,1,1,4,4,7,2,3,3,2,2,3,2,2,2,2,3,3,2,3,3,2,3,3,3,3,3,3,2,3,3,2,4,3,2,3,3,3,3,3,4,4,3,3,3,3,0,8000000.0
48,2,4,3,3,4,4,4,4,4,4,4,4,4,2,4,4,4,4,4,4,4,4,4,4,3,3,4,4,3,3,3,2,2,2,2,1,0,0,2,1,1,2,3,3,2,3,2,3,2,0,0,2,2,1,1,9,8,7,7,7,5,5,7,1,1,1,1,1,4,1,1,1,1,1,4,1,4,4,1,4,4,4,4,4,4,4,1,1,1,4,4,1,4,4,4,4,1,4,4,4,4,1,4,0,5000000.0
49,2,0,0,4,4,2,2,4,4,4,4,4,2,1,2,4,2,3,4,4,3,2,2,4,3,4,4,4,4,4,4,0,4,0,0,0,0,0,0,0,0,0,4,4,4,4,4,4,0,1,0,1,4,0,0,9,8,4,4,7,6,5,7,2,1,2,2,2,4,2,2,3,1,2,3,2,4,2,2,4,4,4,4,4,4,4,2,2,2,4,4,1,4,4,3,3,1,3,3,4,4,2,3,0,4000000.0
50,1,0,0,4,4,4,3,4,4,4,4,4,4,4,4,4,4,4,4,4,3,4,4,4,4,4,4,4,4,4,4,0,2,1,1,0,0,0,0,1,1,0,3,3,0,3,1,2,3,0,0,0,0,0,3,7,8,7,5,4,5,1,4,1,1,2,4,4,4,1,4,2,1,4,4,4,4,4,1,4,4,4,4,4,4,4,1,1,1,4,4,1,4,4,4,4,1,4,1,4,4,1,4,0,3000000.0
51,1,0,0,1,0,4,4,4,4,4,4,4,2,1,1,4,4,4,4,3,4,4,4,4,4,3,4,2,3,4,4,1,1,0,0,0,0,0,0,1,1,1,2,4,2,1,4,4,2,0,0,1,0,0,0,8,8,9,8,6,7,7,7,2,3,3,2,2,1,1,3,4,1,3,1,1,2,4,2,4,3,1,1,2,4,4,1,3,1,4,3,2,3,4,4,3,1,3,2,3,3,2,4,0,3500000.0
52,1,1,1,1,2,4,4,4,4,4,4,4,3,1,1,3,4,1,2,3,4,1,1,0,0,1,1,4,0,4,4,1,1,0,1,0,0,0,0,0,0,1,1,3,4,4,4,4,1,2,2,1,0,0,0,1,5,5,5,4,7,5,6,3,2,3,3,2,4,2,4,2,2,3,4,1,2,3,4,4,4,2,1,4,4,3,1,1,2,4,3,1,1,1,4,2,1,4,4,4,4,1,1,0,3000000.0
53,1,0,2,4,4,4,4,4,4,4,4,4,4,4,4,4,4,4,4,2,4,4,4,4,4,4,4,0,2,4,4,0,0,0,0,0,0,0,0,0,0,0,0,1,0,4,4,4,0,0,0,3,3,0,0,7,5,5,3,1,4,4,8,1,3,3,3,2,3,2,2,2,1,4,3,2,4,3,2,3,3,3,3,3,4,2,2,2,2,4,3,2,4,3,4,2,2,3,3,3,3,1,3,0,1000000.0
54,2,4,3,2,4,3,2,2,2,2,2,2,2,1,3,2,2,2,2,1,2,2,2,2,3,1,3,1,1,4,4,3,3,4,1,1,1,2,2,3,1,3,3,3,2,3,3,3,3,2,3,2,2,2,1,5,5,6,5,5,4,4,5,1,2,2,4,1,4,1,1,2,1,4,4,1,4,4,1,4,4,4,4,4,4,4,1,1,1,4,4,1,4,4,4,4,4,4,4,4,4,1,4,0,8000000.0
55,2,4,4,3,4,4,3,4,4,4,4,4,4,3,3,4,4,4,4,4,2,2,4,4,4,2,3,2,3,4,2,2,3,2,0,0,0,2,1,0,0,3,2,2,1,1,1,4,2,2,2,2,1,0,2,1,1,1,1,10,1,1,1,1,3,2,3,1,4,1,2,4,1,3,4,1,4,4,1,4,3,4,3,3,4,3,1,2,2,4,1,1,4,4,4,1,1,4,4,1,4,1,4,1,7000000.0
56,1,1,0,2,1,3,3,3,1,3,4,3,4,3,4,4,4,4,4,4,3,4,3,4,2,4,4,0,0,4,4,0,0,0,0,0,0,0,0,0,0,0,3,4,1,3,1,3,0,0,0,0,0,0,0,7,5,7,7,4,10,2,7,3,2,4,2,2,3,2,2,2,2,3,3,2,2,3,2,3,3,3,3,3,3,3,1,1,1,3,3,1,3,3,3,2,2,4,4,3,3,2,3,0,2000000.0
57,2,3,4,4,3,4,4,4,3,4,4,4,4,4,4,4,4,3,4,4,4,4,4,4,4,4,4,4,4,4,4,2,2,2,0,0,0,0,0,2,0,1,1,1,0,0,2,1,1,4,3,2,0,0,0,3,3,2,2,4,9,2,3,1,1,1,4,1,4,1,1,1,1,4,4,1,4,3,1,4,4,4,2,4,4,2,2,2,2,4,2,1,4,3,3,2,2,4,3,2,3,2,4,0,7000000.0
58,1,3,3,1,1,4,4,3,3,3,2,1,3,3,4,2,3,3,3,3,3,3,3,3,1,1,1,1,1,2,4,1,1,2,1,2,2,1,0,0,0,0,0,0,0,0,0,0,3,3,3,3,2,1,1,10,10,10,10,8,10,8,10,1,1,1,4,1,4,1,1,1,1,4,4,1,4,4,1,4,4,4,4,4,4,4,1,1,1,4,4,1,4,4,4,4,1,4,4,4,4,1,4,1,2000000.0
59,2,3,4,3,4,4,4,4,4,4,4,4,4,4,4,4,4,4,4,4,4,4,4,4,3,4,4,3,4,4,4,1,2,1,0,0,0,0,0,0,0,0,0,1,0,1,1,1,2,4,4,3,1,0,0,3,4,3,2,7,9,3,3,1,1,1,4,1,4,1,1,1,1,3,3,2,3,2,2,4,3,3,2,4,4,3,1,1,1,4,3,1,4,3,4,3,1,4,4,3,4,2,3,0,7000000.0
60,2,0,1,1,3,4,4,4,4,4,4,4,3,4,4,4,4,4,4,4,4,3,4,4,2,3,3,2,3,4,4,0,2,0,0,0,0,0,0,0,0,0,2,1,0,1,0,0,0,0,0,0,0,0,0,10,10,10,10,9,10,10,10,1,3,3,3,3,4,4,3,1,1,3,4,1,2,2,1,4,4,3,3,3,4,3,2,3,1,4,4,1,4,4,4,3,2,4,4,3,3,2,3,0,5000000.0
61,3,0,0,2,2,4,4,4,4,4,2,4,3,1,4,3,4,4,4,4,4,4,3,4,4,4,4,4,4,4,2,0,0,0,0,0,0,0,0,1,0,0,2,2,0,1,1,1,2,0,2,2,0,0,0,5,5,5,5,8,9,7,5,1,1,1,4,1,4,1,1,1,1,1,4,1,4,3,1,4,4,4,4,4,4,3,1,2,1,4,4,1,4,4,4,3,1,4,4,3,3,2,3,0,10000000.0
62,1,4,1,4,4,4,4,4,4,2,1,4,4,2,4,4,4,4,3,4,4,4,4,4,3,4,4,4,4,4,2,1,4,0,0,0,0,0,1,2,0,1,2,2,0,1,2,0,0,0,0,2,0,0,0,9,9,4,4,1,1,4,7,2,2,1,3,1,4,2,2,3,1,4,3,2,3,3,2,3,3,3,3,3,4,3,2,2,2,4,3,1,3,3,3,3,2,3,3,3,3,2,3,0,1500000.0
63,1,4,4,4,4,4,4,4,3,3,4,4,4,3,4,4,4,4,4,4,4,3,3,3,3,3,3,3,3,3,4,0,0,0,0,0,0,0,2,2,0,0,3,3,3,3,3,4,2,2,3,3,1,0,1,9,9,9,1,5,2,2,9,1,1,1,4,1,4,1,1,2,1,4,4,1,4,4,1,4,4,4,4,4,4,4,1,1,1,4,4,1,4,4,4,4,1,4,4,4,4,1,4,0,3000000.0
64,1,0,2,4,4,4,4,4,4,4,4,4,4,2,4,4,4,4,4,4,4,2,4,4,4,4,4,4,4,4,4,1,2,0,0,0,0,0,0,0,0,0,0,2,0,0,0,0,0,0,0,0,0,0,0,9,5,8,5,9,10,9,9,1,2,2,3,1,1,1,1,3,1,2,4,2,2,3,1,3,3,3,3,3,4,2,3,3,3,3,2,2,3,4,3,2,2,3,2,2,2,2,4,0,5000000.0
65,2,0,0,0,0,3,4,3,3,3,3,3,1,3,3,3,3,3,3,3,3,3,3,3,3,3,3,3,3,3,1,0,0,0,0,0,0,4,0,0,0,0,0,3,0,3,0,4,0,0,0,1,1,0,0,10,10,7,7,4,7,7,10,2,3,3,2,2,2,2,2,3,2,3,3,3,3,2,2,3,3,2,4,3,3,3,2,1,2,4,3,2,4,4,3,2,2,3,3,2,3,2,3,0,2000000.0
66,1,0,0,1,0,0,1,3,1,3,3,3,3,3,3,4,4,3,3,3,3,4,3,3,3,3,3,3,3,3,4,1,0,0,0,0,0,1,0,1,2,2,1,1,0,1,0,0,0,0,0,0,0,1,0,7,10,7,4,4,4,4,10,2,2,2,2,2,2,2,2,2,2,3,3,3,3,2,3,3,3,3,4,3,3,3,2,2,2,4,3,2,4,3,3,2,3,3,3,3,3,2,3,0,2000000.0
67,2,1,2,4,4,4,4,4,4,4,4,4,4,2,4,4,2,3,4,4,4,2,2,2,4,2,2,4,4,4,4,1,2,2,1,0,1,2,0,1,1,2,2,1,0,2,2,1,3,0,0,2,3,2,2,4,4,4,4,4,7,3,3,1,2,2,4,1,4,1,2,3,2,3,4,2,4,4,2,4,4,4,4,4,4,3,1,3,2,4,3,1,4,4,4,4,2,1,4,3,3,3,3,0,2500000.0
68,2,3,3,3,4,4,3,4,4,4,4,4,4,3,3,4,4,4,4,3,3,4,4,4,4,3,4,3,4,4,4,2,3,1,0,0,0,0,0,2,1,2,2,3,2,2,1,2,0,1,0,1,2,0,1,8,8,8,9,8,9,9,9,1,2,3,2,1,4,1,2,2,1,2,3,1,2,2,1,4,4,4,4,2,4,3,3,3,1,4,3,1,3,4,4,2,2,4,4,3,3,2,3,0,3500000.0
69,2,1,0,0,0,3,4,4,4,3,3,4,4,4,4,4,3,3,3,4,3,4,3,4,4,4,3,4,4,4,4,3,0,0,0,0,0,1,0,0,1,0,0,0,3,3,3,3,0,0,0,0,0,0,0,6,5,4,3,3,6,3,6,2,2,2,3,4,2,4,2,3,3,3,3,2,4,3,2,4,1,1,1,2,3,3,2,2,4,3,3,4,3,1,4,2,2,1,2,2,2,1,3,0,4000000.0
70,1,4,2,3,3,4,4,3,3,3,3,3,3,3,3,3,3,3,3,4,4,3,3,4,4,3,2,2,4,4,3,0,0,0,0,0,0,0,0,1,0,3,1,0,0,1,1,2,0,1,1,0,0,0,0,8,8,5,4,2,6,6,8,1,1,1,2,1,1,1,1,1,1,1,1,1,1,2,1,1,1,1,1,1,4,3,1,2,2,3,3,1,3,1,3,3,1,3,4,3,3,1,3,0,1000000.0
71,3,3,4,3,4,4,3,3,4,4,2,3,4,2,4,4,3,4,4,3,4,4,4,3,4,2,3,3,4,3,4,4,3,0,0,0,0,1,0,0,0,0,2,2,0,2,2,3,2,2,0,2,2,0,0,9,8,7,4,7,9,7,9,2,1,2,1,1,4,2,1,1,2,3,4,2,4,4,2,3,4,4,4,3,4,4,2,1,1,4,4,2,4,1,4,4,1,4,4,4,4,1,4,0,10000000.0
72,2,2,0,0,1,2,1,3,0,1,0,2,1,0,2,0,2,1,0,2,2,4,1,4,0,2,1,2,2,2,3,0,0,0,2,1,2,0,0,1,0,1,0,0,0,0,1,0,0,0,0,0,0,0,0,7,2,5,2,8,5,8,10,2,2,2,2,2,2,2,2,2,2,2,2,2,2,2,2,2,2,2,2,2,2,2,2,2,2,2,2,2,2,2,2,2,2,2,2,2,2,2,2,0,1000000.0
73,3,3,3,3,3,3,3,3,4,4,3,3,4,3,4,4,4,3,3,3,4,4,4,4,3,3,3,3,3,3,3,0,0,0,0,0,0,0,0,0,0,0,0,0,1,0,0,0,0,0,0,0,0,0,0,7,5,4,4,1,4,1,2,1,2,2,4,1,4,1,1,1,1,4,4,1,4,3,1,4,4,4,4,4,4,3,1,1,1,4,4,1,4,4,4,3,1,4,4,4,4,1,4,0,3000000.0
74,2,4,3,2,4,4,3,4,3,4,4,4,4,2,4,3,4,3,3,3,3,2,4,4,2,3,2,2,3,4,2,1,3,3,2,0,1,0,2,3,1,0,0,0,0,1,1,1,2,0,0,2,4,2,2,9,7,7,5,3,10,7,7,1,1,1,1,1,1,1,1,1,1,4,4,1,4,4,1,4,4,4,4,4,4,4,1,1,1,4,4,1,4,4,4,1,1,4,4,4,4,1,4,0,3000000.0
75,3,3,3,3,3,3,3,3,4,4,3,3,4,3,4,4,4,3,3,3,4,4,4,4,3,3,3,3,3,3,3,0,0,0,0,0,0,0,0,0,0,0,0,0,1,1,0,0,0,0,0,0,0,0,0,5,5,4,5,2,2,1,4,1,1,1,4,1,4,1,1,1,1,4,4,1,4,4,1,4,4,4,4,4,4,4,1,1,1,4,4,1,4,4,4,4,1,4,4,4,4,1,4,0,3000000.0
76,1,1,1,1,1,1,1,1,0,0,1,2,1,0,1,1,0,1,2,1,2,1,1,1,1,1,0,1,2,2,0,1,2,2,1,2,2,2,2,3,3,3,2,3,2,2,1,2,2,3,3,2,2,1,2,6,5,5,5,4,4,5,6,1,1,1,3,4,4,1,2,2,2,3,4,1,4,4,2,4,4,4,3,4,4,4,1,1,1,3,3,1,3,4,3,3,1,4,4,3,3,1,3,1,5000000.0
77,1,1,1,1,1,2,1,1,1,1,1,1,1,2,0,0,2,2,0,1,1,2,2,2,1,2,2,2,2,1,2,1,1,2,2,0,2,2,2,3,3,3,1,1,2,2,2,1,1,3,3,3,3,2,2,5,4,4,4,2,5,4,5,1,1,1,3,2,3,1,2,2,2,3,3,2,3,3,2,3,3,3,3,3,3,3,2,2,2,3,3,2,3,3,3,3,2,3,3,3,3,2,3,1,2700000.0
78,1,3,2,3,3,3,2,3,2,3,1,3,2,2,2,2,3,2,3,3,2,3,3,3,2,3,3,2,3,3,2,2,0,1,1,0,1,0,1,0,1,0,1,2,0,2,2,3,2,0,0,1,0,0,0,7,7,7,7,7,4,6,7,1,3,3,3,2,4,3,2,3,2,3,2,3,2,4,1,4,4,4,2,3,4,3,1,3,4,4,4,1,3,4,4,2,1,1,1,3,4,1,3,0,4000000.0
79,2,4,3,4,4,4,3,4,4,4,3,4,3,3,3,4,3,4,3,4,4,4,4,4,2,2,3,2,3,4,4,3,3,1,1,0,0,0,0,1,0,1,1,1,0,2,1,1,2,0,1,2,1,0,2,6,6,6,10,10,6,6,5,1,2,2,1,1,4,1,2,1,1,3,4,1,4,3,1,4,4,4,4,4,1,3,1,3,1,4,4,1,3,4,3,3,1,4,4,3,3,2,4,0,1000000.0
80,1,1,2,3,4,3,4,4,3,2,3,4,4,2,4,3,2,2,2,2,4,4,4,4,3,4,4,4,4,4,4,1,1,0,0,0,0,2,1,1,1,1,1,2,0,1,2,2,0,1,1,0,1,1,0,10,9,9,9,8,10,9,9,4,2,1,1,4,1,4,1,1,1,1,4,4,1,4,1,4,4,4,4,4,4,4,1,1,1,4,4,1,4,4,4,4,1,4,4,4,4,1,4,0,1500000.0
81,2,1,2,3,4,3,4,4,3,2,3,4,4,2,4,3,2,2,3,2,4,4,4,4,3,4,4,4,4,4,4,1,1,0,0,0,0,2,1,1,1,1,1,2,0,1,2,2,0,1,1,0,1,1,0,10,9,9,9,8,9,9,9,1,1,1,4,1,4,1,1,1,1,3,3,1,3,3,1,3,3,3,3,3,3,3,1,1,1,3,3,1,3,3,3,3,1,4,4,4,4,1,4,0,1500000.0
82,2,3,4,3,4,2,3,4,2,3,4,4,2,2,4,4,3,3,3,3,4,4,4,4,4,3,4,4,3,4,4,3,2,2,1,1,0,0,0,1,0,2,0,0,0,1,3,4,0,0,1,3,2,1,0,7,5,4,2,7,4,4,7,1,2,2,3,2,3,2,2,2,1,3,3,2,3,3,2,3,3,3,3,3,3,3,2,2,2,3,3,2,3,3,3,2,2,3,3,3,3,2,3,0,4000000.0
83,2,4,2,2,2,4,2,4,4,4,2,4,2,4,4,4,4,4,4,4,4,2,4,2,2,2,2,1,2,4,4,0,1,0,0,0,0,0,2,1,0,2,2,2,2,2,4,4,2,0,0,0,0,0,0,2,2,2,2,2,2,2,2,1,1,1,3,1,4,2,2,2,1,3,2,2,2,3,2,1,2,2,2,2,4,4,2,3,2,3,3,2,3,1,3,2,2,3,3,3,3,2,3,0,5000000.0
84,2,0,0,1,0,3,3,3,4,4,4,4,4,2,3,3,3,3,3,4,4,3,4,3,3,2,3,2,3,3,4,0,1,0,0,0,0,0,0,0,0,0,1,1,1,2,1,2,1,0,0,0,0,0,0,7,10,7,4,4,4,4,7,1,1,1,4,1,1,1,1,1,1,3,4,1,3,3,1,4,4,4,3,3,4,3,2,2,1,4,3,1,1,4,4,2,2,3,3,3,3,2,3,0,3500000.0
85,1,1,1,1,1,4,3,3,3,2,2,3,2,3,4,3,3,3,3,3,3,3,3,4,3,4,4,4,4,4,4,3,0,0,0,0,0,0,1,1,0,0,1,3,0,3,3,3,1,0,1,1,0,0,0,3,5,6,6,6,8,5,9,1,2,2,4,1,4,2,1,2,1,4,4,1,4,4,1,4,4,4,4,4,4,4,2,1,1,4,4,1,1,3,4,4,1,4,4,4,4,2,3,0,0.0
86,2,1,1,1,1,4,3,3,3,2,2,3,2,3,4,3,3,3,3,3,3,3,3,4,3,4,4,4,4,4,4,3,0,0,0,0,0,0,1,1,0,0,1,2,0,3,3,3,1,0,1,1,0,0,0,3,5,5,5,6,8,5,8,1,2,2,4,1,4,2,1,2,1,4,4,1,4,4,1,4,4,4,4,4,4,4,2,1,1,4,4,1,1,3,4,4,1,4,4,4,4,2,3,0,4000000.0
87,2,4,4,4,4,4,4,4,4,4,4,4,3,3,4,4,4,4,4,4,4,3,4,3,3,4,4,3,3,4,3,0,0,0,0,0,0,0,0,1,0,1,1,1,1,1,0,2,0,0,1,2,3,0,2,1,5,5,5,5,5,5,5,1,1,1,4,1,4,1,1,1,1,4,4,3,3,3,2,3,3,3,3,3,3,3,3,3,2,3,3,1,2,2,2,2,2,2,2,2,3,2,2,0,3000000.0
88,2,4,4,4,4,4,2,4,4,4,4,4,4,4,2,4,4,4,4,4,4,2,4,4,2,2,2,2,2,4,4,0,0,0,0,0,0,0,2,0,0,0,0,0,0,0,0,0,0,0,0,0,0,0,0,3,5,5,4,4,3,3,3,2,2,2,3,2,3,2,2,2,2,2,2,2,2,2,2,2,2,2,3,2,4,3,2,2,2,3,3,2,3,2,3,3,2,2,2,2,3,2,3,0,2000000.0
89,2,0,0,3,3,4,3,3,4,4,4,4,3,2,3,4,4,4,4,3,3,3,3,3,4,2,3,3,3,3,3,2,1,0,0,0,0,1,1,2,0,2,2,3,1,2,2,2,2,2,2,1,0,0,2,4,2,3,2,1,6,4,5,1,2,2,3,1,4,1,1,3,1,4,3,1,3,2,2,4,4,4,4,4,1,3,2,2,1,3,3,1,3,4,4,3,1,4,4,3,3,1,4,0,6000000.0
90,2,0,0,4,4,4,4,4,3,4,4,4,3,2,4,4,4,4,4,4,4,3,4,4,4,4,4,4,4,4,4,0,0,0,0,0,0,4,0,1,0,0,2,2,0,3,3,3,2,3,1,2,0,0,0,10,10,10,10,10,8,9,9,1,1,2,3,2,3,2,2,2,2,3,4,1,4,3,2,3,3,4,4,3,3,3,2,2,2,3,3,2,3,4,3,3,2,3,3,3,3,3,3,0,5000000.0
91,2,4,4,4,4,4,3,4,4,4,3,4,4,4,4,4,4,4,4,4,4,4,4,4,4,3,4,4,4,4,4,1,0,0,0,0,0,0,0,0,0,0,1,2,0,2,1,1,2,0,0,0,0,0,0,6,6,7,5,5,5,5,5,1,2,1,4,1,4,1,1,1,1,4,4,1,4,4,1,4,4,4,4,4,4,4,1,1,1,4,4,1,4,4,4,4,1,4,4,4,4,1,4,0,12000000.0
92,2,3,3,3,4,4,4,4,4,4,4,4,3,4,4,4,4,4,4,4,4,4,4,4,3,4,4,4,4,4,4,2,2,2,0,0,0,0,0,0,0,2,2,2,0,2,2,2,2,2,2,2,0,0,3,7,7,7,7,8,6,7,7,2,1,1,3,2,1,2,2,1,2,3,4,1,4,3,2,3,3,4,3,3,4,3,1,1,2,4,3,1,4,4,4,4,4,4,4,4,4,1,3,0,4000000.0
93,1,3,3,3,4,3,3,4,4,4,4,4,4,3,4,4,4,4,4,4,4,3,3,3,3,3,3,3,3,4,4,0,0,0,0,0,0,0,2,2,2,2,3,3,0,3,3,3,0,2,2,2,0,0,0,5,5,5,5,1,5,1,5,1,1,1,4,1,4,1,1,1,1,4,4,1,4,4,1,4,4,4,4,4,4,4,1,1,1,4,4,1,4,4,4,4,1,4,4,4,4,1,4,0,4500000.0
94,2,3,3,3,3,4,3,3,3,3,3,3,3,3,4,3,3,3,3,3,3,3,3,4,3,3,3,3,3,3,3,2,2,2,0,0,0,0,1,0,0,0,1,2,0,3,2,2,2,2,2,3,0,0,0,8,8,8,9,9,8,8,8,1,2,2,4,1,4,2,2,2,1,3,4,2,3,3,2,3,3,4,3,3,4,3,1,2,2,3,3,2,3,3,3,3,2,3,3,3,3,2,3,0,8000000.0
95,3,3,2,3,3,2,2,3,2,2,2,3,3,3,3,3,3,3,3,2,2,3,3,3,3,3,3,3,3,3,2,1,0,1,0,0,0,0,0,2,2,0,1,0,0,0,0,0,2,0,2,2,0,0,0,3,5,3,4,1,3,4,4,1,2,2,1,1,1,1,1,1,1,4,4,2,4,4,1,3,4,4,4,4,4,4,1,1,1,3,3,1,4,4,4,4,1,4,2,3,3,1,3,0,3000000.0
96,2,4,4,4,3,4,3,3,4,4,4,4,3,4,4,4,4,4,4,3,4,4,3,4,4,4,4,4,4,4,3,0,0,0,0,0,0,0,0,1,0,1,1,3,0,3,3,3,1,0,0,1,1,0,0,10,10,10,10,10,10,10,10,1,1,1,4,1,4,1,1,1,1,4,4,1,4,4,1,4,4,4,4,4,4,4,1,1,1,4,4,1,1,4,4,4,1,4,4,4,4,1,4,0,3000000.0
97,3,4,3,3,4,4,3,4,4,4,4,4,4,3,4,4,4,3,4,3,4,4,4,4,4,3,3,3,4,4,3,2,1,0,0,0,0,0,1,1,0,0,0,0,0,0,0,1,2,2,2,2,1,0,1,9,9,9,7,10,9,8,8,1,1,1,3,1,4,1,1,1,1,4,4,1,4,4,1,4,4,4,4,4,4,4,1,1,1,4,3,1,4,4,4,3,1,4,4,3,4,1,4,0,16000000.0
98,2,3,3,3,3,4,3,4,4,4,3,4,3,2,4,3,3,4,3,4,4,4,4,4,3,3,2,3,3,3,4,2,2,1,1,0,0,0,2,1,0,1,2,2,0,1,2,2,2,0,1,2,2,0,0,8,8,8,8,8,8,8,8,1,2,2,3,1,3,2,2,2,2,3,3,1,3,3,2,3,3,3,3,3,4,3,2,2,2,3,3,2,3,3,3,3,2,3,3,3,3,2,3,0,4000000.0
99,2,1,0,4,4,4,3,4,4,4,3,3,3,4,4,4,4,3,3,3,4,4,4,4,3,4,3,3,4,4,3,1,1,0,2,0,0,0,2,2,1,1,1,2,0,2,3,4,1,1,1,2,1,1,0,10,9,9,9,8,9,9,9,1,3,2,3,1,1,2,2,2,2,3,3,1,2,3,1,3,4,4,3,3,4,3,2,2,2,4,3,2,3,3,3,2,1,3,3,3,3,2,4,0,3000000.0
100,2,1,1,2,2,1,3,3,3,3,2,3,3,2,4,3,3,3,3,3,4,3,3,3,2,2,3,2,3,3,3,2,2,0,1,0,0,0,2,1,1,2,2,1,0,2,2,2,1,1,1,2,0,0,0,7,8,8,8,8,7,7,7,2,2,2,3,2,3,2,2,2,2,3,3,2,3,3,2,3,3,3,3,3,3,3,2,2,2,3,3,2,3,3,3,3,2,3,3,3,3,2,3,0,3000000.0
101,3,2,2,0,0,1,1,0,0,0,0,0,0,0,0,0,0,0,0,0,0,3,3,3,3,1,0,3,3,3,3,0,2,2,0,0,0,3,3,3,3,0,3,3,3,4,3,3,2,3,4,4,2,0,2,3,3,3,3,3,3,3,3,1,1,1,4,1,4,2,3,2,1,4,4,1,1,3,1,4,4,4,4,4,4,3,1,4,1,4,3,1,4,4,4,3,1,4,4,4,4,1,3,0,3000000.0
102,2,3,1,3,3,3,2,4,4,4,4,4,4,2,3,3,4,4,4,4,4,2,2,3,2,2,2,2,2,2,2,2,2,2,1,0,0,1,2,2,1,2,2,3,0,2,4,3,1,0,0,2,2,0,1,5,7,7,8,7,6,6,6,1,1,1,1,1,1,1,1,1,1,1,1,1,1,1,1,1,1,1,1,1,3,3,3,4,4,4,4,4,4,4,3,4,4,4,4,3,2,3,3,0,3000000.0
103,2,3,3,3,3,3,3,3,2,2,2,3,3,2,3,3,2,2,2,3,3,3,3,3,2,3,3,3,3,3,3,2,2,1,1,1,1,2,2,2,2,2,2,2,2,3,3,3,2,3,2,2,1,1,1,8,10,9,7,7,6,6,8,1,1,1,4,1,1,1,1,1,1,4,4,1,4,4,1,4,4,4,4,4,4,4,1,1,1,1,1,1,4,1,4,4,4,4,4,4,4,1,4,0,5000000.0
104,2,2,2,1,1,2,4,3,4,2,1,2,2,2,2,2,2,2,2,3,2,4,4,4,2,2,2,2,3,4,4,2,1,2,2,1,0,0,2,3,2,2,2,3,0,3,3,3,2,0,0,2,2,2,2,3,2,2,5,1,2,3,5,1,2,2,1,1,1,1,1,1,1,4,4,4,4,4,1,4,4,4,4,4,4,4,1,1,1,4,3,1,4,4,4,4,1,4,4,3,4,4,4,0,4000000.0
105,2,2,0,2,2,4,4,2,4,4,2,4,2,2,2,4,4,4,4,2,2,4,4,2,2,2,3,3,2,4,2,2,0,0,1,0,0,0,3,2,1,2,2,2,2,2,2,2,2,0,2,2,2,2,2,7,4,4,5,3,3,5,5,2,2,2,2,2,2,2,2,2,2,3,2,2,2,2,3,2,2,2,2,2,3,2,2,2,2,2,2,1,1,2,3,3,2,3,2,3,3,3,2,0,3000000.0
106,2,1,1,1,1,3,1,3,3,3,2,2,4,2,3,4,4,1,1,1,3,2,1,4,3,2,1,2,1,4,2,1,1,0,0,0,0,0,0,2,0,1,2,2,0,2,2,2,2,0,0,2,2,0,2,7,1,1,1,1,6,5,2,2,2,2,3,1,1,2,3,1,2,3,4,1,1,1,2,4,4,4,4,4,4,4,1,1,1,4,4,1,4,4,4,4,1,4,4,4,4,4,3,0,6000000.0
107,2,4,3,4,4,4,4,4,4,4,4,4,4,2,4,4,4,4,4,4,4,4,4,4,4,3,4,4,3,4,3,2,2,2,0,0,0,0,0,0,1,1,1,1,0,0,2,2,2,1,1,2,1,0,0,7,2,5,9,9,8,2,6,1,1,1,3,1,1,1,1,2,1,4,4,1,4,4,1,4,4,4,4,4,4,4,1,1,1,4,4,1,4,4,4,4,1,4,4,4,4,1,4,0,5000000.0
108,2,1,1,2,2,2,4,4,2,2,4,4,2,2,4,4,4,4,4,4,4,2,4,3,2,2,2,2,4,4,4,1,1,1,0,0,0,0,2,1,1,1,2,2,2,3,3,3,0,0,1,1,1,0,0,5,5,6,5,5,5,5,5,1,2,2,2,1,1,2,2,2,2,3,3,2,3,3,2,3,3,4,3,3,4,4,1,2,2,4,3,2,3,4,4,3,2,4,3,3,3,2,3,0,4000000.0
109,2,1,0,3,4,4,4,4,4,4,4,4,4,2,4,4,4,4,4,4,4,4,4,4,4,4,4,2,4,4,3,2,2,0,0,0,0,0,2,1,0,0,1,1,0,0,0,0,0,0,0,0,1,0,0,7,8,8,7,7,9,3,7,1,2,3,3,1,1,1,1,3,1,3,3,1,3,2,1,3,4,3,3,3,3,3,1,2,2,4,3,1,3,3,3,2,1,4,4,3,3,2,3,0,3000000.0
110,2,1,0,1,4,4,4,4,4,3,4,4,1,2,4,4,4,4,4,4,4,4,3,4,0,4,3,2,4,4,4,1,0,0,0,0,0,0,1,1,1,1,1,1,0,2,0,2,1,0,0,0,1,0,4,5,5,5,4,4,5,5,5,2,3,3,2,2,2,2,2,2,2,2,3,3,3,2,3,3,2,3,3,3,3,3,3,2,3,3,3,3,3,3,3,3,3,3,3,2,3,3,3,0,4000000.0
111,2,3,4,3,2,4,2,4,4,4,3,3,3,2,3,3,3,3,4,3,3,4,3,4,3,2,4,2,3,4,3,0,1,0,0,0,0,0,0,1,0,0,3,3,2,2,2,2,1,3,2,2,0,0,2,9,8,8,10,9,10,9,10,1,1,2,4,2,4,2,2,2,1,4,3,1,1,2,1,4,4,4,3,4,4,4,1,2,1,4,4,1,4,4,4,4,1,4,1,4,4,1,4,0,3000000.0
112,2,1,2,4,3,4,4,4,2,2,2,3,2,1,3,4,3,3,4,4,4,2,3,2,2,3,2,2,3,3,1,0,0,0,0,0,0,0,3,1,1,1,4,2,0,3,3,1,0,0,1,2,1,0,0,5,3,6,3,2,1,4,4,2,2,2,3,2,2,2,2,2,2,3,3,2,2,2,2,3,3,3,4,4,4,3,2,2,2,3,3,1,1,1,3,3,2,1,1,3,3,2,3,0,2500000.0
113,2,3,4,4,4,4,4,4,4,4,4,4,3,3,4,4,4,4,4,3,4,4,4,4,4,3,3,4,4,4,4,0,1,0,0,0,0,0,2,0,0,0,2,3,0,3,3,3,1,2,2,2,0,0,2,9,9,9,10,9,8,8,9,1,1,1,4,1,4,1,1,2,1,3,4,1,4,2,2,4,4,4,3,4,4,3,1,3,2,4,3,1,4,4,4,3,1,4,4,3,4,2,4,0,5000000.0
114,3,3,4,3,4,4,3,3,3,2,3,4,3,1,4,2,3,2,3,3,4,3,4,4,2,3,3,2,3,3,2,1,1,2,0,0,1,1,1,2,1,1,3,2,1,2,2,1,2,0,1,2,1,1,1,7,8,7,8,5,7,3,7,1,1,1,4,1,4,2,3,1,1,3,4,1,4,4,1,4,4,4,4,3,4,4,1,1,2,4,4,1,4,4,4,3,4,4,4,3,3,2,3,0,5000000.0
115,2,0,0,3,3,3,3,3,3,3,3,3,3,4,3,3,3,4,3,3,3,3,2,3,3,3,3,3,3,3,4,1,0,0,0,0,0,1,0,1,1,1,2,2,0,1,1,2,2,2,2,2,0,0,0,3,2,3,1,2,7,5,4,1,1,1,3,1,4,1,2,3,1,4,3,1,3,3,2,4,4,4,4,4,1,4,3,2,1,4,3,1,4,4,4,3,1,4,4,3,4,1,4,0,5000000.0
116,2,0,0,3,4,4,4,4,4,4,3,3,3,2,4,3,3,3,3,3,3,3,3,3,3,3,3,3,3,3,3,1,0,1,0,0,0,0,0,0,0,0,1,1,0,1,1,2,2,2,2,2,0,0,0,2,4,3,2,4,7,4,3,1,2,2,3,1,4,1,1,2,1,3,3,2,3,3,1,4,4,3,3,3,4,3,2,2,1,3,3,1,3,4,3,2,2,3,3,3,3,3,3,0,6000000.0
117,2,0,0,3,4,4,4,4,4,4,4,4,4,4,4,4,4,4,4,4,3,3,3,4,4,3,3,3,3,3,4,2,0,0,0,0,0,0,0,1,0,2,2,2,0,1,1,1,2,1,1,2,0,0,0,8,3,7,4,7,10,9,8,1,1,1,1,1,4,1,1,3,1,4,4,1,4,3,1,4,4,4,4,4,4,4,1,1,1,4,3,1,4,3,4,3,1,3,4,3,4,1,4,0,4700000.0
118,1,0,2,4,4,2,2,2,1,2,4,4,4,0,0,1,2,2,3,2,4,4,1,4,4,4,4,4,4,4,4,1,2,1,1,0,0,0,2,0,0,1,0,4,1,0,0,0,2,0,0,0,0,0,0,10,10,10,8,8,1,6,10,1,1,1,1,1,1,1,3,1,1,1,1,1,1,1,1,1,1,1,1,1,4,1,1,1,3,1,4,1,3,3,3,3,2,1,2,2,3,3,3,0,0.0
119,2,2,2,2,3,4,3,3,3,3,3,3,2,3,3,3,2,2,3,3,3,2,2,2,2,2,2,2,2,2,3,2,1,1,1,1,1,1,1,1,2,2,2,2,1,1,2,2,3,2,2,2,3,2,2,9,9,9,5,9,4,7,9,2,2,2,3,2,4,2,2,3,2,3,3,1,3,3,2,3,3,3,3,3,3,3,2,2,2,3,2,2,3,4,3,2,2,3,3,3,3,3,3,0,12000000.0
120,3,2,3,2,3,2,4,4,2,2,3,3,4,4,4,3,3,3,3,3,4,4,4,4,4,4,4,4,4,4,4,1,1,0,0,0,0,0,2,2,1,1,3,3,0,3,4,2,2,4,3,3,0,0,0,10,10,10,10,9,9,10,10,1,1,1,4,1,4,3,2,4,1,4,4,1,4,4,1,4,4,4,4,4,4,1,1,1,1,4,4,1,4,4,4,4,1,4,4,4,4,1,4,0,12000000.0
121,1,2,2,2,2,4,2,2,2,2,2,2,2,2,2,2,2,2,2,0,1,2,2,2,2,2,2,2,2,2,3,0,0,0,1,1,1,2,2,2,2,2,2,3,3,3,2,3,0,1,2,0,2,0,0,7,3,2,4,7,9,4,7,2,2,2,3,4,4,4,2,4,2,3,1,1,1,1,1,1,1,2,2,2,4,4,1,2,1,3,3,2,3,2,3,2,2,2,3,2,3,4,4,0,500000.0
122,2,4,3,3,4,4,4,4,4,4,3,4,3,2,3,4,4,4,4,3,4,4,3,4,3,4,4,3,4,4,4,1,0,0,0,0,0,0,0,0,0,0,2,3,2,2,1,3,0,0,0,0,0,0,0,4,5,5,1,2,4,1,1,1,3,3,4,1,1,1,1,1,1,4,4,1,4,1,1,4,4,4,4,4,4,3,1,2,1,4,3,1,4,4,4,2,1,4,4,4,4,2,3,0,2000000.0
123,1,1,0,0,2,1,2,1,1,2,2,0,2,1,0,2,0,1,2,2,1,4,3,4,1,3,1,3,4,4,2,0,2,2,1,2,1,3,4,3,2,1,2,3,2,3,2,2,3,3,4,3,4,2,0,2,5,4,4,9,4,7,7,3,4,4,3,2,1,1,2,3,2,3,2,2,1,3,3,1,3,1,4,3,4,3,2,2,3,3,3,1,3,2,3,3,4,3,1,3,3,2,3,0,3500000.0
124,2,3,1,1,2,3,1,1,3,3,3,3,0,1,3,3,1,1,2,2,1,2,3,3,3,1,4,3,2,1,3,4,4,4,3,3,3,4,2,3,3,4,1,1,3,3,3,1,3,3,3,3,4,3,3,5,7,5,4,2,9,7,5,1,1,1,4,1,4,1,1,4,1,3,4,1,3,4,2,4,3,4,4,3,4,3,2,2,2,4,3,1,4,4,4,4,2,4,4,3,3,2,3,1,10000000.0
125,2,3,1,3,4,3,3,3,3,3,4,3,3,2,2,3,3,3,3,3,4,4,3,4,3,2,3,2,3,4,4,2,0,1,0,0,0,0,1,1,0,1,0,2,1,2,2,2,3,1,1,0,0,0,1,6,10,7,6,5,6,4,6,1,1,1,2,1,1,1,1,2,1,4,1,1,3,1,2,4,4,4,4,4,4,4,1,2,1,4,3,1,4,4,4,2,1,4,4,3,3,1,3,0,10000000.0
126,2,1,3,3,3,4,3,3,4,4,3,3,3,3,3,3,3,4,3,3,3,4,4,4,3,2,3,3,3,3,4,2,1,0,0,0,0,1,0,2,1,0,0,0,2,0,2,3,0,2,1,2,0,0,0,7,7,8,8,8,9,8,7,1,2,2,3,1,4,1,2,3,1,3,3,2,3,3,2,4,3,4,3,3,3,3,2,3,1,3,3,1,4,4,3,3,2,4,4,3,3,2,3,0,3000000.0
127,3,3,1,3,3,3,3,3,3,3,3,3,3,4,4,4,3,3,3,3,3,3,3,3,3,3,3,3,3,4,4,2,1,0,0,0,0,0,0,1,1,2,1,1,0,1,1,2,1,1,2,2,0,0,0,7,3,8,4,6,10,7,7,1,1,1,3,1,4,1,1,1,1,3,3,2,3,3,4,4,4,3,4,4,4,3,2,2,2,3,3,2,3,4,4,3,1,3,3,3,4,1,4,0,10000000.0
128,2,3,3,3,4,4,3,4,3,3,4,4,4,3,4,4,4,4,4,3,4,4,4,4,4,4,4,4,4,4,4,0,0,0,0,0,0,0,0,0,0,0,0,0,0,0,0,2,0,0,0,0,0,0,0,5,6,5,7,5,7,5,6,1,1,1,4,1,1,1,1,1,1,3,4,1,3,3,1,4,4,4,4,4,4,3,1,1,1,4,3,1,4,4,4,3,1,4,4,3,3,2,3,0,1000000.0
129,2,4,3,3,4,4,3,4,3,4,4,3,2,2,1,3,2,2,2,1,3,3,2,4,2,2,3,3,3,2,4,1,4,1,1,0,0,0,0,3,3,3,1,2,1,3,2,2,2,1,1,1,1,0,1,8,8,8,4,3,3,5,4,1,3,1,3,1,1,1,2,1,1,4,4,1,3,4,1,4,4,4,4,3,4,3,2,3,1,4,3,1,3,4,4,2,1,4,4,3,3,2,4,0,7000000.0
130,2,3,4,3,4,4,4,4,4,4,4,4,4,2,3,3,4,3,4,3,4,3,4,4,3,2,2,2,3,3,4,1,2,2,0,0,0,0,1,1,0,1,1,1,0,1,2,3,2,1,0,1,3,1,1,8,9,5,6,4,5,3,5,1,2,1,4,1,4,2,1,1,1,4,3,1,4,2,1,4,4,4,3,4,4,3,1,3,1,4,3,1,3,4,4,3,2,4,4,3,3,2,3,0,4500000.0
131,3,2,2,3,3,3,3,3,3,3,3,3,3,2,3,2,3,3,3,3,3,3,4,3,3,3,3,2,3,3,3,2,0,0,0,0,0,0,1,1,0,0,0,1,0,3,2,3,2,0,0,0,0,0,0,7,7,4,4,7,4,4,7,1,1,1,1,1,1,1,1,1,1,1,1,1,1,1,1,1,1,1,1,1,4,3,2,1,1,4,3,1,4,4,4,4,1,4,4,4,4,2,3,0,5000000.0
132,2,1,1,4,4,2,2,4,2,4,4,4,3,2,4,3,4,4,4,3,4,4,4,4,2,2,2,2,3,4,4,1,2,0,2,2,1,0,1,2,0,2,4,4,0,4,4,4,1,2,2,2,2,1,1,7,7,6,6,2,2,2,5,1,2,2,4,1,4,1,2,2,1,1,1,1,4,4,2,4,4,4,4,4,4,3,2,2,1,4,3,1,4,4,4,2,1,4,3,3,3,2,3,0,5000000.0
133,2,4,3,4,4,4,4,4,4,4,4,4,3,3,4,4,4,4,4,4,4,4,4,4,4,4,4,4,4,4,4,0,0,0,0,0,0,0,0,0,0,0,2,2,2,4,4,3,0,0,1,1,2,0,0,7,5,4,4,1,1,3,7,1,1,1,2,2,1,1,1,1,1,4,4,1,4,4,1,4,4,4,4,3,4,3,2,2,2,3,3,2,3,3,3,3,2,3,2,3,3,2,3,0,2000000.0
134,1,0,0,2,2,2,1,2,3,2,1,2,2,3,2,2,3,4,4,0,1,1,2,3,2,3,3,4,3,3,3,4,3,3,4,4,4,4,3,3,2,2,2,2,2,3,2,3,4,1,3,3,1,2,2,6,6,7,8,4,7,8,7,1,1,1,1,1,4,2,1,1,1,4,4,1,4,4,1,4,4,4,4,4,4,4,1,1,4,4,4,1,4,4,4,4,4,4,4,4,4,1,4,1,2000000.0
135,3,3,2,4,4,4,2,4,4,4,4,4,4,2,4,4,4,4,2,2,4,4,4,4,4,4,4,4,4,4,4,1,2,2,0,0,0,0,0,0,0,0,1,2,0,2,2,2,2,0,1,1,1,1,1,9,9,9,4,9,9,4,9,1,1,1,1,1,1,1,1,1,1,4,4,1,4,4,1,4,4,4,4,4,4,4,1,1,1,4,4,1,4,4,4,4,1,4,4,4,4,1,4,1,6000000.0
136,2,4,4,4,4,4,4,4,4,4,3,4,4,3,3,4,4,3,3,3,3,3,4,4,3,3,3,3,3,3,2,2,2,2,0,0,0,0,1,1,1,1,1,3,2,2,2,2,3,3,3,4,2,1,1,9,8,6,7,8,8,5,8,2,2,2,3,2,3,2,1,2,2,3,3,1,2,3,2,4,3,3,3,2,3,2,2,3,2,3,2,2,3,2,3,3,2,2,3,2,3,2,2,0,12000000.0
137,1,1,3,1,3,3,3,3,3,3,3,3,3,3,4,4,4,2,2,3,3,4,2,3,3,2,2,3,4,4,4,4,3,3,1,1,1,1,1,3,1,1,4,3,1,2,2,3,3,2,3,3,3,1,1,8,8,7,5,6,7,6,5,1,1,1,3,1,4,1,1,3,4,4,1,4,4,1,4,4,4,4,4,4,4,4,1,1,1,4,1,1,4,4,4,4,1,4,4,4,4,4,4,0,8000000.0
138,2,4,2,3,4,2,4,3,3,1,2,3,4,2,3,3,3,3,3,2,3,3,2,4,4,2,2,3,3,2,3,3,2,0,0,0,0,0,1,1,0,0,3,3,0,4,3,2,1,2,2,1,2,0,0,2,1,1,2,10,4,4,1,1,2,2,3,1,4,2,1,2,1,3,4,1,4,2,2,4,4,3,4,4,4,3,1,2,1,4,3,1,4,1,4,3,2,4,4,3,3,2,3,0,2000000.0
139,2,3,2,3,3,4,4,3,3,3,2,2,3,2,3,2,3,3,3,3,3,3,3,4,3,2,2,3,3,3,4,2,2,1,2,0,0,1,2,2,2,2,1,1,0,2,2,2,1,2,1,1,1,1,2,5,6,5,5,6,5,5,5,1,2,2,3,1,4,1,1,2,2,3,4,1,4,4,1,4,4,4,4,4,4,4,1,1,1,4,4,1,4,4,4,3,2,4,4,4,4,1,3,0,4700000.0
140,2,3,3,4,4,4,4,4,4,4,4,4,3,3,4,4,4,4,4,3,4,4,4,4,4,4,4,4,4,4,4,0,0,0,0,0,0,0,1,0,0,0,0,4,0,4,2,2,0,0,1,1,3,0,2,8,7,7,8,7,7,6,8,3,2,2,3,2,4,3,3,3,2,2,3,1,3,3,2,3,3,4,2,3,4,4,1,1,2,3,3,1,3,3,4,2,2,3,3,3,3,2,3,0,4500000.0
141,2,4,4,4,4,3,3,4,4,3,3,4,3,2,4,3,4,3,3,4,4,3,3,4,3,4,2,2,3,3,3,0,0,0,0,0,0,0,1,0,0,1,2,2,1,1,2,1,1,0,1,2,1,0,1,9,9,9,9,7,8,4,7,1,1,1,3,1,4,1,1,1,1,4,4,1,4,4,1,4,1,4,4,3,4,3,1,2,1,4,3,1,2,3,3,2,2,4,4,3,3,4,4,0,10000000.0
142,2,1,3,3,3,3,3,3,3,3,3,3,3,3,3,3,3,3,3,3,3,3,3,3,3,3,3,3,3,3,3,3,3,3,0,0,0,0,0,0,0,3,0,0,0,1,0,1,0,0,0,0,0,0,0,9,9,7,9,7,7,9,7,2,2,2,3,2,3,2,2,2,2,3,3,2,3,3,2,3,3,3,3,3,3,3,2,2,2,3,3,2,3,3,3,4,1,3,3,3,3,3,3,0,8000000.0
143,2,4,3,4,4,4,4,4,3,3,1,4,3,2,4,2,4,4,4,4,4,4,3,4,3,3,3,3,3,3,3,3,3,2,1,0,0,0,0,2,2,3,4,4,0,4,4,4,2,0,3,1,0,0,0,9,10,9,7,9,9,9,9,1,2,2,4,2,3,1,1,2,1,3,4,1,4,3,1,4,4,4,4,4,4,4,1,1,1,4,3,1,4,4,4,3,1,3,3,3,3,2,3,0,17000000.0
144,2,4,4,3,4,4,4,3,4,4,3,3,3,4,4,3,4,4,3,4,3,4,3,4,4,3,3,3,4,4,3,1,1,2,1,1,2,2,2,1,0,1,1,2,1,1,1,1,2,2,2,1,2,1,1,7,9,6,5,7,7,6,6,2,1,1,1,2,2,2,2,2,2,1,1,1,2,2,1,2,2,2,1,2,1,1,1,2,1,1,2,1,2,1,1,1,2,2,1,1,1,1,2,0,3500000.0
145,1,3,1,3,3,4,4,3,4,4,4,3,3,4,3,3,3,3,3,2,3,3,3,4,3,3,3,2,4,3,3,2,2,1,1,0,0,1,1,2,1,2,1,1,0,0,1,1,2,1,1,2,3,2,3,7,6,6,2,6,7,7,7,1,3,2,4,1,4,2,1,3,1,4,4,1,4,4,1,4,4,4,4,4,4,3,1,1,1,4,3,1,3,4,4,3,1,4,4,3,4,1,3,0,6000000.0
146,1,2,3,2,3,3,4,4,2,2,4,4,3,2,3,4,4,3,4,4,3,4,4,4,3,3,3,3,4,4,3,0,0,0,0,0,0,0,1,1,0,0,2,3,0,3,3,0,0,1,1,2,0,0,0,7,2,4,4,4,4,1,4,1,2,2,1,1,1,1,1,2,1,3,4,1,2,4,2,4,4,1,3,2,4,4,1,2,1,4,3,1,3,1,3,3,2,3,4,4,3,2,4,0,1000000.0
147,1,2,2,2,4,3,2,3,4,3,2,3,2,2,3,3,2,2,2,2,3,2,3,2,2,3,3,3,2,2,3,1,2,1,1,1,1,1,1,2,1,0,0,1,0,1,2,2,1,2,2,1,1,0,0,7,7,6,7,5,6,7,7,1,1,1,3,1,4,1,1,2,1,3,4,1,4,3,1,4,4,4,4,4,4,3,1,2,1,3,3,1,3,3,3,3,1,4,3,3,3,1,3,0,4000000.0
148,1,3,2,3,3,3,2,2,1,1,1,3,3,3,2,3,2,2,3,2,3,3,3,3,2,2,1,3,4,2,3,1,0,0,1,1,0,1,1,2,2,2,2,2,0,2,2,2,3,1,1,1,1,1,1,5,5,4,4,3,5,4,5,2,2,2,2,1,4,1,2,2,2,3,3,2,3,3,2,3,3,3,3,3,4,3,2,2,2,3,3,2,3,3,3,3,2,3,3,3,3,2,3,0,5600000.0
149,2,4,3,2,3,3,3,4,4,4,4,3,3,3,4,3,3,3,3,3,3,4,4,4,3,3,3,3,3,4,4,1,0,0,0,0,0,0,0,0,0,0,0,0,0,0,0,0,0,0,0,0,0,0,0,8,8,8,8,8,9,9,10,1,1,1,4,4,4,1,1,1,1,4,4,1,4,4,1,4,4,4,4,4,4,4,4,4,4,4,4,4,4,4,4,3,2,4,4,4,3,2,4,0,12000000.0
150,2,3,1,2,3,3,1,2,1,1,1,3,3,3,1,3,2,2,3,2,3,3,3,3,2,2,2,3,4,2,3,1,0,0,0,0,0,1,1,1,1,3,3,3,0,2,1,3,1,1,2,1,0,0,0,7,7,4,4,4,5,4,5,1,1,1,2,1,4,1,2,2,2,3,3,2,3,3,2,3,3,3,3,3,4,3,2,2,2,3,3,2,3,3,3,3,2,3,3,3,3,2,3,0,4500000.0
151,1,3,2,4,4,4,4,4,4,4,3,3,2,2,3,4,2,3,3,3,3,3,3,2,4,4,3,2,2,3,3,2,1,1,0,0,0,0,0,1,0,1,0,1,0,1,3,2,0,1,1,1,1,0,0,9,9,9,8,9,9,9,9,1,1,1,4,1,4,1,2,1,1,3,4,1,4,3,4,4,4,4,4,4,4,3,2,2,1,1,3,1,3,4,3,3,1,3,3,3,3,1,3,0,10000000.0
152,3,4,3,2,3,3,3,4,4,4,4,3,3,2,4,3,3,3,3,3,3,4,4,4,3,2,3,4,4,3,3,2,0,0,0,0,0,0,0,0,0,0,0,0,0,0,0,0,0,0,0,1,0,0,0,9,8,9,9,9,9,9,9,1,1,1,3,1,4,1,1,1,1,4,4,1,4,4,1,4,4,4,4,4,4,4,4,4,4,4,4,4,4,4,4,3,1,3,3,3,3,2,4,0,7000000.0
153,2,1,1,1,4,4,4,4,4,4,4,4,4,4,4,4,4,4,4,4,4,4,4,4,4,4,4,4,4,4,4,1,0,0,0,0,0,0,0,0,0,1,0,0,0,1,0,1,0,0,0,0,0,0,1,7,6,7,6,6,6,6,6,2,2,2,2,2,4,3,2,2,2,3,3,1,3,2,2,3,3,3,3,2,4,4,1,1,1,3,2,1,2,1,4,2,2,3,2,2,3,2,3,0,3000000.0
154,1,3,3,3,3,3,2,3,3,3,2,3,3,2,4,3,3,3,3,3,3,3,2,4,2,3,2,3,3,4,4,1,0,0,0,0,0,1,1,1,1,0,0,3,3,3,1,3,1,0,0,1,0,0,0,8,7,8,7,5,8,8,7,1,1,2,2,1,3,2,2,3,2,3,3,2,3,4,1,3,3,3,3,3,3,3,2,2,2,3,3,1,4,4,3,3,1,3,3,3,4,2,3,0,3000000.0
155,2,2,3,4,4,4,4,4,4,4,4,4,4,4,4,4,4,4,4,4,4,4,4,4,4,4,4,4,4,4,4,4,4,4,0,0,0,0,0,0,0,0,0,0,0,2,0,2,2,0,0,0,2,0,0,7,7,6,6,6,6,6,6,1,1,1,1,1,1,1,1,1,1,2,4,1,4,4,1,4,4,4,1,4,4,4,1,1,1,4,4,1,4,4,3,4,1,4,4,4,4,1,4,0,3000000.0
156,2,3,3,3,3,4,3,3,3,3,3,3,3,4,4,4,4,4,4,4,4,4,4,4,3,3,3,3,3,4,4,1,0,0,0,0,0,0,0,0,0,0,0,0,0,0,0,0,0,0,0,2,1,1,0,7,7,7,7,7,4,7,7,1,1,1,4,1,4,1,1,4,1,4,4,1,4,1,1,1,1,4,4,4,4,3,1,1,1,4,3,1,3,4,4,3,1,4,4,3,3,2,3,0,10000000.0
157,2,3,1,4,4,4,2,4,4,4,4,4,4,4,4,4,3,4,4,4,4,4,4,4,4,3,4,3,3,4,4,1,1,0,0,0,0,0,1,1,0,3,1,1,0,1,3,3,3,0,0,2,0,0,0,7,8,8,8,7,8,7,7,1,1,1,1,1,1,1,1,1,1,4,4,4,4,4,1,4,4,4,4,4,4,4,1,2,1,4,3,1,4,4,3,3,1,4,4,3,4,1,3,0,13000000.0
158,1,2,3,3,3,3,3,2,2,3,3,2,2,2,4,3,3,2,2,3,3,2,2,3,3,3,3,2,2,3,3,2,2,0,0,0,0,2,1,2,2,2,3,3,0,2,2,3,2,0,0,1,0,0,0,5,5,5,4,3,6,6,5,1,1,1,1,1,1,1,1,3,2,3,4,2,4,3,2,3,3,3,3,3,3,3,2,2,2,3,3,3,4,4,3,4,2,4,3,3,4,2,3,0,2500000.0
159,1,2,2,2,2,2,3,3,3,3,2,2,3,3,4,3,2,3,3,2,3,3,3,3,2,3,3,2,3,3,3,1,0,0,0,0,0,1,1,1,2,2,3,3,1,3,1,2,1,1,1,2,0,0,0,5,4,4,5,3,5,5,4,1,1,1,1,1,2,2,2,4,2,3,4,2,4,3,3,3,3,3,3,3,3,3,2,2,2,4,3,3,3,4,4,3,2,4,3,4,4,2,3,0,3000000.0
160,2,3,3,4,4,4,4,4,4,4,4,4,4,4,4,4,4,4,4,4,4,4,4,4,4,4,4,4,4,4,3,2,0,0,0,0,0,0,0,2,0,0,1,2,0,0,2,2,1,2,2,2,2,0,0,10,10,10,9,8,9,9,8,1,1,1,3,1,1,1,1,1,1,4,4,1,4,4,1,4,4,4,4,4,4,4,1,1,1,4,4,1,4,4,4,3,1,4,4,4,4,4,4,0,5000000.0
161,2,0,0,1,0,4,2,4,4,4,3,4,4,3,4,3,3,3,3,3,3,4,3,3,3,3,3,3,3,3,3,3,3,3,0,0,0,0,0,0,0,1,2,2,2,1,1,1,1,2,2,0,0,0,0,7,7,8,6,10,7,7,7,1,1,1,4,1,1,1,1,1,1,1,1,1,1,1,1,1,1,1,1,4,4,2,1,1,1,4,1,2,2,2,2,2,2,2,2,2,3,3,3,0,7000000.0
162,2,3,2,4,4,4,4,4,4,4,4,4,4,4,4,4,4,4,4,4,4,4,4,4,4,4,4,2,4,4,4,3,0,0,0,0,0,0,0,0,0,0,0,0,0,0,0,0,0,0,0,0,1,0,0,7,7,7,6,6,6,6,6,1,1,1,1,1,1,1,1,1,1,4,4,1,4,4,1,4,4,4,1,4,4,4,1,1,1,4,4,1,4,1,3,4,1,4,4,4,4,1,4,0,3500000.0
163,2,2,1,3,3,3,3,3,3,3,3,3,3,2,3,3,3,3,3,3,3,3,3,3,3,3,3,3,3,3,3,1,2,0,0,0,1,1,0,2,0,2,1,1,0,1,1,2,2,2,2,2,0,0,0,4,5,4,3,4,6,4,4,1,1,1,3,1,4,1,2,2,1,3,3,2,3,3,4,4,3,3,3,4,2,3,2,2,2,3,3,2,3,3,3,3,2,4,4,3,3,2,3,0,5000000.0
164,3,4,3,3,3,4,4,3,4,4,4,4,4,4,4,4,4,4,4,4,4,4,1,4,4,3,3,3,3,3,3,3,2,2,0,0,0,0,0,1,0,0,0,0,0,0,0,0,0,0,0,0,0,0,0,7,8,8,7,7,7,7,9,1,1,1,1,1,1,1,1,1,1,3,3,1,3,3,2,2,3,3,3,4,4,3,2,2,2,3,3,2,3,3,3,3,2,3,3,3,3,3,3,0,13000000.0
165,3,3,2,3,3,3,3,3,3,3,3,3,3,3,3,3,3,3,3,3,3,3,3,3,3,3,3,3,3,2,2,2,2,2,0,0,0,0,0,0,0,0,0,0,0,0,0,0,0,2,1,1,1,2,2,7,6,7,7,4,8,8,8,1,1,1,1,1,4,1,1,1,1,4,4,1,4,4,1,4,4,4,4,4,4,1,1,1,4,4,4,4,1,4,4,1,1,4,1,4,4,4,4,0,10000000.0
166,2,3,3,3,3,2,1,1,2,1,2,1,2,2,1,2,1,2,1,1,1,1,2,2,3,3,2,2,2,2,2,2,2,2,1,0,0,0,0,1,1,2,2,2,2,2,2,2,2,1,0,2,3,0,0,5,5,5,4,7,4,5,4,2,2,2,2,2,1,1,2,3,3,3,3,3,4,3,4,3,3,4,4,3,3,3,3,2,3,3,2,3,2,3,3,3,2,2,2,2,2,2,2,0,3000000.0
167,1,3,2,3,4,3,3,4,4,4,2,2,2,1,4,2,4,4,2,3,3,4,3,4,3,3,3,2,4,3,3,3,1,1,0,0,1,0,0,1,2,1,1,1,2,0,1,0,1,0,1,1,3,1,4,7,7,7,5,7,7,4,7,1,1,1,3,1,1,1,1,1,1,1,1,4,4,4,1,4,4,4,4,4,4,3,1,1,1,4,3,2,3,4,4,4,1,4,4,4,3,1,3,0,4000000.0
168,3,3,2,3,4,4,4,4,4,3,2,3,2,2,4,4,2,2,2,2,3,2,2,3,2,3,2,2,2,3,3,3,3,3,1,0,0,1,2,2,2,2,2,2,2,2,2,2,2,1,1,0,0,0,0,8,8,6,6,7,9,8,8,2,1,1,3,1,1,1,1,4,1,1,1,1,1,1,1,1,2,1,2,3,4,2,1,2,2,4,2,1,1,3,4,3,2,4,4,4,4,2,2,0,6000000.0
169,1,2,2,2,2,3,3,4,4,2,1,2,2,2,2,2,2,3,1,2,1,3,3,4,2,3,3,2,2,3,2,3,2,3,1,1,1,1,2,1,1,2,1,0,2,1,2,1,2,1,1,1,2,2,0,7,6,7,7,4,8,8,8,2,3,4,3,2,1,1,3,3,3,3,3,2,2,3,2,3,3,2,3,2,3,3,2,2,2,3,4,1,3,1,3,2,1,3,1,3,1,1,1,0,5000000.0
170,2,2,1,3,3,3,3,4,3,3,3,2,2,3,3,2,4,4,4,3,3,4,4,3,3,3,3,1,3,3,2,3,1,0,0,0,1,0,0,1,1,2,1,2,1,1,2,1,1,0,2,2,1,1,3,8,8,8,5,9,8,5,9,1,1,1,2,3,2,2,1,1,1,2,2,2,4,3,4,3,3,3,3,4,4,3,1,1,1,4,3,4,3,4,4,4,2,4,3,3,3,1,3,0,7000000.0
171,2,3,1,2,2,3,3,3,3,3,4,3,3,2,4,3,3,3,3,3,3,2,3,3,3,3,3,3,3,3,3,2,0,0,0,0,0,0,0,1,2,1,2,2,1,2,2,2,2,1,1,1,0,0,0,3,3,4,3,3,5,4,7,1,2,2,3,2,1,2,2,3,2,3,3,2,3,2,2,3,3,3,3,3,2,2,2,2,2,3,2,1,3,3,3,3,2,3,3,3,3,2,3,0,5000000.0
172,2,3,2,4,3,4,3,3,2,3,1,2,3,2,4,2,2,3,2,2,3,2,4,2,3,4,2,3,4,2,3,1,2,1,0,0,0,0,1,1,1,0,2,2,2,1,1,2,0,2,1,0,2,1,2,8,8,7,8,8,8,7,8,1,2,1,2,2,4,1,1,1,1,4,4,1,4,4,1,4,4,4,4,4,4,4,1,1,1,4,4,4,1,4,4,1,1,4,1,4,4,4,4,0,5000000.0
173,2,4,4,3,4,4,4,3,4,4,4,4,3,4,4,4,3,3,4,3,4,3,3,4,4,3,4,4,4,4,3,1,1,1,1,1,1,2,2,1,1,1,1,2,1,1,2,1,1,1,1,1,2,2,2,7,8,4,4,7,7,4,7,2,2,2,4,2,4,2,2,2,2,2,1,1,1,2,1,2,2,2,2,2,2,1,1,1,1,1,2,2,2,2,1,1,2,2,1,1,1,1,1,0,4500000.0
174,2,0,1,1,0,1,2,1,4,2,1,2,1,2,1,2,1,2,1,1,1,1,1,1,2,2,1,2,1,2,1,2,1,2,3,2,2,2,3,2,2,3,2,2,3,2,3,3,2,3,3,3,2,3,3,3,4,3,3,3,4,4,4,2,2,3,2,2,3,2,2,2,3,2,3,2,4,2,4,4,4,4,2,3,3,3,2,2,2,2,4,4,2,4,4,3,3,3,2,4,4,2,4,0,2000000.0
175,1,3,3,3,3,2,3,3,3,3,2,3,1,3,3,3,2,2,2,3,3,2,3,3,3,2,2,1,3,3,3,3,2,3,3,2,2,2,3,2,2,1,2,2,2,3,2,1,2,2,3,3,2,3,2,5,5,2,3,4,4,4,5,4,2,3,3,3,4,3,3,3,4,3,4,3,3,4,4,4,3,3,3,4,3,3,3,3,3,4,3,3,3,3,3,3,3,3,2,2,3,3,3,1,3000000.0
176,1,3,2,1,2,2,2,3,2,3,2,2,1,2,2,0,3,2,3,2,2,3,3,3,2,2,2,1,2,2,2,1,0,1,1,0,1,0,1,2,0,1,0,2,1,0,1,1,1,1,1,1,1,1,1,6,6,6,6,6,6,6,6,1,2,2,2,2,4,1,1,1,1,4,4,1,4,4,1,4,4,4,4,4,4,4,1,1,1,4,4,4,1,4,4,1,1,4,1,4,4,3,4,0,3000000.0
177,2,3,2,1,2,2,2,3,2,3,3,2,1,3,3,0,3,2,3,2,2,3,3,3,2,2,2,1,2,2,2,1,2,1,1,0,1,0,2,0,1,0,2,1,0,1,1,1,1,1,1,1,1,1,1,6,6,6,6,6,6,6,6,1,2,2,2,1,4,1,1,1,1,4,4,1,4,4,1,4,4,4,4,4,4,4,1,1,1,4,4,4,1,4,4,1,1,4,1,4,4,3,4,0,3500000.0
178,1,0,1,1,0,1,2,1,4,2,1,2,1,2,1,2,1,2,1,1,1,1,1,2,2,1,2,1,2,1,2,1,2,1,3,2,2,2,3,2,2,3,2,2,3,2,3,3,2,3,3,3,2,3,3,2,4,3,3,3,2,2,3,2,2,3,2,2,3,2,2,2,3,2,3,2,4,4,2,4,4,4,2,3,3,3,2,2,2,4,4,2,4,4,4,4,2,1,2,4,4,2,4,0,1500000.0
179,2,3,2,3,3,3,3,3,3,3,2,3,3,2,3,2,3,3,3,3,3,2,3,3,3,3,3,2,2,2,2,1,2,1,1,0,0,0,1,0,1,1,0,0,0,0,0,0,0,2,1,1,2,0,1,6,6,4,7,7,7,7,7,1,1,1,1,1,4,1,1,1,1,4,4,1,4,4,1,4,4,4,4,4,4,4,1,1,1,4,4,4,1,4,4,1,1,4,1,4,4,4,4,0,4500000.0
180,1,0,1,1,0,1,2,1,4,2,1,2,1,2,1,2,1,2,1,1,1,1,1,2,2,1,2,1,2,1,2,1,2,1,3,2,2,2,2,3,2,2,3,2,2,3,2,3,3,3,3,3,2,3,3,4,4,4,4,4,4,4,4,2,2,3,2,2,3,2,2,2,3,2,3,2,4,4,2,4,4,4,2,3,3,3,2,2,2,4,4,2,4,4,4,3,3,2,2,3,3,2,3,0,2000000.0
181,1,3,2,3,3,3,3,3,3,3,2,3,3,2,3,2,3,3,3,3,3,3,3,3,4,4,4,4,4,4,4,0,1,0,1,1,1,0,1,1,1,0,0,0,0,0,0,1,1,1,1,1,1,1,1,6,6,6,6,6,6,6,6,1,2,2,2,2,4,1,1,1,1,4,4,1,4,4,1,4,4,4,4,4,4,4,1,1,1,4,4,4,1,4,4,1,1,4,1,4,4,4,4,0,4000000.0
182,2,3,3,3,4,3,3,3,4,4,4,3,4,2,4,3,4,4,4,2,4,4,4,4,3,2,2,2,3,3,3,3,3,1,0,0,0,1,0,2,2,2,1,1,0,2,2,1,2,2,2,2,0,1,3,9,8,8,6,6,6,4,6,1,1,1,3,1,4,2,1,2,1,4,4,1,4,4,1,4,4,4,3,3,3,2,1,2,3,3,2,3,1,1,1,2,3,3,2,1,1,2,2,0,15000000.0
183,2,3,3,3,4,4,4,4,4,4,4,4,4,3,3,3,3,3,3,3,3,3,3,3,2,2,2,3,3,2,2,2,3,0,1,1,1,0,1,1,1,1,1,2,1,1,1,1,1,2,2,1,0,0,0,7,7,7,7,8,8,7,8,1,1,1,4,1,4,1,1,2,2,1,1,1,1,1,4,1,1,2,3,4,4,3,1,3,1,4,3,1,1,4,4,3,1,4,4,2,4,2,3,0,4000000.0
184,2,2,3,3,4,4,3,4,4,3,3,3,3,3,3,3,3,2,3,2,3,4,4,4,3,3,3,3,3,3,3,2,3,1,1,1,1,0,0,2,2,1,2,1,0,1,1,2,1,1,2,2,1,1,1,8,8,7,8,8,8,8,8,1,1,2,2,1,1,1,1,2,1,1,2,1,1,1,1,4,1,2,3,4,4,3,1,1,4,3,1,4,4,4,4,3,1,4,4,2,3,2,3,0,3500000.0
185,2,2,1,2,2,2,1,2,2,2,1,2,1,2,2,2,1,1,2,2,1,2,2,1,2,2,2,2,1,2,2,1,2,2,2,1,2,1,1,1,2,2,1,2,1,2,2,1,2,1,1,2,1,1,2,6,5,6,5,3,6,4,5,2,2,2,3,2,2,2,3,3,3,3,3,3,3,2,2,2,3,3,2,3,3,3,2,2,2,3,2,2,3,3,4,3,2,3,3,3,3,2,3,0,4500000.0
186,2,4,4,4,4,4,4,4,4,4,4,4,4,4,3,4,4,4,4,4,4,4,3,4,2,2,2,2,3,3,2,2,2,2,0,0,0,3,0,1,1,1,0,0,0,0,1,1,1,1,1,1,1,0,0,8,7,8,7,7,9,9,8,1,1,1,1,1,4,1,2,3,1,4,3,1,4,4,1,4,4,4,3,4,4,3,2,2,1,4,3,1,3,4,4,4,1,4,4,3,4,2,3,0,7000000.0
187,2,2,2,4,4,4,4,3,4,4,4,4,4,3,1,4,4,4,4,3,2,2,3,2,2,2,1,2,1,1,2,2,2,4,0,1,0,0,0,2,0,0,0,0,1,3,3,3,3,0,4,3,4,3,3,3,4,6,5,4,9,3,5,1,1,1,1,1,4,1,1,3,1,4,4,1,4,4,1,4,4,4,4,4,4,3,2,3,1,4,3,1,4,4,4,2,4,4,4,4,4,1,4,0,4000000.0
188,1,2,3,2,2,3,2,2,3,3,3,3,3,2,2,3,2,3,2,3,1,1,2,2,2,1,2,2,1,1,2,1,2,2,2,2,1,1,1,2,2,1,3,3,2,3,2,3,3,1,2,3,3,2,1,4,4,3,2,3,2,7,3,2,3,3,3,2,2,2,2,3,2,3,3,2,3,3,3,2,2,2,3,2,2,2,3,3,3,3,2,3,2,2,3,3,3,3,3,3,3,3,3,0,2500000.0
189,3,4,4,4,4,4,1,4,4,4,4,4,4,4,4,4,4,4,4,4,4,4,4,4,4,4,4,4,4,4,4,4,1,0,0,0,0,0,0,1,1,1,1,2,0,2,4,4,2,0,0,2,3,0,0,2,5,5,8,10,9,7,3,1,4,1,1,1,1,1,1,1,1,4,1,1,1,1,1,4,4,4,4,4,4,4,1,1,1,4,4,1,4,4,4,4,1,4,4,4,4,4,4,0,6500000.0
190,1,0,0,0,0,3,2,4,3,3,3,4,3,3,4,3,3,4,4,4,4,3,3,3,3,3,3,3,3,4,4,0,0,0,0,0,0,0,0,0,0,0,0,0,0,0,0,0,0,0,0,0,0,0,0,8,8,7,7,7,7,7,8,1,2,2,4,1,4,1,2,2,1,3,4,1,4,3,2,4,3,4,4,4,4,3,1,2,2,4,3,1,3,3,3,3,2,4,3,3,3,2,3,0,2000000.0
191,2,2,0,3,4,4,3,4,2,2,4,3,1,3,4,3,4,3,3,3,3,3,3,1,3,3,3,2,2,3,2,1,2,1,0,0,1,0,1,2,2,2,1,2,2,2,1,0,0,2,2,1,4,1,0,7,9,5,5,4,2,3,6,1,2,3,2,1,1,3,2,3,1,1,1,1,1,3,2,2,3,2,3,3,3,4,3,2,3,2,2,3,4,4,4,3,3,4,4,4,3,3,2,0,4500000.0
192,2,4,4,4,3,3,3,3,2,2,2,3,2,3,1,1,1,2,3,1,1,2,1,2,1,2,1,1,1,1,2,3,1,1,3,3,2,4,2,2,3,2,2,3,2,3,3,2,2,2,3,2,4,4,2,9,8,9,8,7,8,7,7,1,1,1,4,4,4,1,2,3,1,4,4,1,4,4,1,4,4,4,4,4,4,4,1,1,4,4,4,1,4,4,4,4,1,4,4,4,4,1,4,0,10000000.0
193,3,4,2,3,4,4,1,1,2,1,0,0,0,1,0,0,1,0,1,1,1,2,2,3,0,2,0,1,1,2,1,0,1,0,3,2,2,2,1,3,1,2,0,3,1,3,3,2,3,1,3,1,0,0,4,9,9,9,9,9,9,1,9,1,2,2,2,1,1,1,2,3,1,4,4,1,4,2,1,4,4,4,4,3,3,4,1,2,4,3,3,2,4,3,3,4,1,3,3,3,4,1,4,1,10000000.0
194,3,3,3,1,1,1,1,1,1,2,1,0,1,2,1,1,1,2,1,1,1,4,4,4,0,4,4,0,0,1,0,0,0,0,0,0,0,0,2,1,0,0,2,0,2,3,0,3,0,3,3,3,3,0,0,8,9,8,8,8,9,8,9,1,2,2,3,1,1,1,1,1,1,4,4,1,1,4,1,4,4,4,4,4,4,4,1,1,1,4,4,1,4,4,4,4,1,4,4,4,4,1,4,1,15000000.0
195,3,4,3,4,4,4,4,4,4,4,4,4,4,3,4,4,3,4,4,4,4,4,3,3,3,3,3,3,4,4,3,2,2,1,1,0,0,0,0,1,0,0,1,0,0,1,0,0,1,0,1,1,0,0,0,6,7,7,6,6,6,7,7,1,1,1,3,1,4,1,1,1,1,3,4,2,4,4,2,4,4,4,4,4,4,3,2,1,1,4,3,1,4,4,4,3,1,4,4,3,4,2,4,0,10000000.0
196,2,3,1,4,4,4,3,3,4,4,3,3,4,3,4,4,4,3,3,3,2,4,4,3,4,3,4,4,3,4,3,3,2,2,1,0,0,0,0,1,1,1,1,1,1,2,2,2,2,1,1,1,2,1,1,4,6,5,5,7,7,6,6,1,3,4,2,1,1,1,2,3,1,4,4,4,4,3,1,4,4,4,4,4,4,3,1,3,1,4,4,1,4,4,4,3,1,4,4,2,4,3,4,0,5000000.0
197,1,3,3,4,4,4,4,3,4,4,4,3,4,2,4,4,4,3,4,4,3,2,2,2,1,2,4,4,4,4,4,3,3,4,2,0,0,0,1,1,2,3,4,4,0,4,4,4,4,3,0,0,1,0,0,5,3,3,4,4,4,4,3,2,1,2,3,2,2,2,2,3,2,2,1,1,1,2,1,1,1,1,1,2,3,3,2,3,1,1,3,1,3,4,4,3,2,4,4,3,4,2,3,0,4000000.0
198,1,2,1,4,4,4,3,4,4,4,2,4,4,2,3,3,2,3,3,3,3,4,3,4,2,1,1,3,2,1,2,3,3,2,1,1,1,2,2,3,2,2,2,2,1,3,0,0,1,1,1,1,1,2,1,7,5,7,4,4,7,8,7,1,1,1,1,1,4,1,1,3,1,4,4,1,4,4,1,4,4,4,4,4,4,4,1,1,1,4,4,1,4,4,4,4,1,4,4,4,4,1,4,0,5000000.0
199,2,0,0,0,0,3,2,4,3,3,3,4,3,3,4,3,3,4,4,4,4,3,3,3,3,3,3,3,3,4,4,0,0,0,0,0,0,0,0,0,0,0,0,0,0,0,0,0,0,0,0,0,0,0,0,8,8,7,7,7,7,7,8,1,2,2,4,1,4,1,2,2,1,3,4,1,4,3,2,4,3,4,4,4,4,3,1,2,2,4,3,1,3,3,3,3,2,4,3,3,3,2,4,0,6000000.0
200,1,1,1,1,1,2,2,2,0,2,0,0,0,0,1,0,1,1,0,1,0,1,1,1,1,0,0,0,0,4,0,3,1,0,2,0,0,3,4,3,3,2,2,2,3,3,3,2,2,3,3,2,3,2,0,7,7,6,6,6,4,7,6,1,2,2,1,2,1,2,2,2,1,1,1,1,1,2,1,1,1,1,1,2,4,1,1,1,2,4,3,1,4,4,4,3,2,4,4,3,3,2,4,1,2000000.0
201,3,3,3,4,4,3,4,3,3,3,2,3,3,2,3,2,2,2,3,2,3,3,3,3,3,3,3,3,3,3,3,2,2,2,1,0,0,1,1,2,0,1,1,2,1,3,2,2,3,2,2,2,2,2,2,7,8,8,5,8,6,4,7,1,1,1,2,1,4,1,1,2,1,4,4,1,3,3,2,3,3,4,4,3,4,3,2,2,2,3,2,2,3,3,3,2,2,3,3,2,3,3,3,0,5000000.0
202,2,3,2,3,4,3,3,3,2,3,3,4,3,2,3,3,3,3,3,3,3,3,3,4,3,3,3,3,4,4,2,2,2,1,0,0,0,0,1,1,0,0,1,1,0,1,0,3,1,0,0,0,1,0,0,5,5,5,3,3,5,3,3,1,1,2,2,1,4,1,1,1,1,4,4,1,4,4,4,4,4,4,4,4,4,4,1,1,1,4,2,1,4,4,4,3,1,4,4,3,4,1,3,0,6000000.0
203,2,1,2,2,3,3,3,3,3,3,3,3,3,3,3,3,3,4,3,3,3,3,3,3,2,3,3,3,3,3,3,1,2,2,0,0,0,0,0,0,0,0,0,0,0,0,0,0,0,1,2,2,0,2,1,9,6,6,5,9,5,5,8,1,1,1,4,1,4,1,1,4,1,4,4,1,4,2,1,4,4,4,4,4,4,4,1,1,1,3,4,1,4,4,4,1,3,4,4,3,3,2,3,0,4700000.0
204,1,0,0,0,2,4,4,4,4,4,4,4,4,4,3,4,4,4,4,4,4,4,4,4,4,4,2,2,4,4,4,3,2,0,0,0,0,0,2,2,1,1,0,4,1,2,0,0,0,0,0,0,0,0,0,9,7,7,4,9,4,4,9,2,2,1,3,1,1,1,3,4,1,4,4,1,1,1,1,4,4,4,4,4,4,4,2,3,1,3,3,1,3,4,4,3,1,4,4,3,3,1,4,0,3000000.0
205,1,4,2,4,4,4,4,4,4,4,4,4,4,1,4,2,4,4,4,4,3,4,4,4,4,4,4,4,4,4,4,1,2,2,2,1,2,0,0,0,0,4,0,0,0,0,0,4,1,0,0,2,0,1,1,7,10,10,4,7,4,1,4,1,1,1,3,1,4,2,1,2,1,4,4,1,3,4,1,4,4,4,4,3,4,3,2,1,1,4,4,4,4,4,4,3,1,4,4,4,4,1,3,0,1000000.0
206,1,3,3,3,4,3,2,3,3,3,3,3,3,3,3,3,3,3,3,3,3,4,4,4,4,3,4,4,4,4,3,0,0,0,0,0,0,0,0,0,0,0,0,0,0,3,0,3,0,0,0,0,0,0,0,7,7,7,7,4,7,7,7,1,1,1,3,1,4,1,1,1,1,4,4,4,4,4,1,4,4,4,4,4,4,4,1,1,1,4,4,2,3,4,4,4,2,3,4,3,4,1,4,0,2000000.0
207,2,4,3,2,4,2,1,2,1,2,0,1,3,0,0,0,2,0,0,0,3,3,4,4,4,4,4,4,3,4,4,1,0,0,0,0,0,4,4,1,0,4,4,3,4,1,1,0,2,0,4,4,0,0,2,10,10,10,10,9,10,10,10,1,2,1,3,1,4,1,3,1,1,4,4,1,4,4,1,4,4,4,3,4,4,4,1,3,1,1,3,1,3,4,3,4,1,4,4,2,3,1,4,0,8000000.0
208,2,4,4,4,4,4,4,4,4,4,4,4,4,4,4,4,4,4,4,4,4,4,4,4,4,4,4,4,4,4,4,1,1,0,0,0,0,0,1,1,0,0,0,0,0,0,0,2,1,0,0,0,2,0,3,7,7,6,6,6,6,6,6,1,1,1,1,1,4,1,1,1,1,4,4,1,4,4,1,4,4,4,3,4,4,4,1,1,1,4,4,1,4,3,4,4,1,4,4,4,4,1,4,0,3000000.0
209,2,4,3,4,4,4,4,4,4,4,4,4,4,4,4,4,4,4,4,4,4,4,4,4,4,4,4,4,4,4,4,4,4,4,0,0,0,0,0,0,0,0,0,0,0,2,0,2,2,2,2,2,2,0,0,7,7,7,6,6,6,6,6,1,1,1,1,1,1,1,1,1,1,4,4,1,4,4,1,4,4,4,1,4,4,4,1,1,1,4,4,1,4,4,4,4,1,4,4,4,4,1,4,0,4000000.0
210,3,4,4,3,3,3,2,4,2,1,4,4,4,4,4,4,4,4,4,2,4,4,4,4,4,4,4,4,4,4,4,1,0,0,0,0,0,0,1,0,0,0,0,0,0,0,0,0,1,0,0,0,0,0,2,9,9,9,9,9,9,9,9,1,1,1,4,1,4,1,2,1,1,3,4,1,4,3,2,3,4,4,2,4,4,4,1,2,1,4,4,1,4,4,4,3,1,4,4,4,4,2,4,0,10000000.0
211,3,4,4,4,4,4,1,4,4,4,4,4,4,4,4,4,4,4,4,4,4,4,4,4,4,4,4,4,4,4,4,0,1,0,0,0,0,0,0,0,0,4,0,0,0,0,2,0,1,3,2,2,0,0,3,7,6,7,8,10,10,7,7,1,1,2,4,1,4,1,1,1,1,1,1,1,1,2,1,4,4,4,4,4,4,4,1,1,1,4,4,1,4,4,4,4,1,4,4,4,4,1,4,0,10000000.0
212,1,4,3,3,4,4,4,4,4,4,4,3,3,3,4,3,3,3,3,3,4,3,3,3,3,2,3,3,3,3,3,2,3,2,2,1,1,0,1,1,0,2,2,2,1,2,2,3,2,2,2,2,3,1,2,6,7,6,6,8,7,6,6,2,2,2,2,2,4,1,2,2,1,3,4,1,4,3,1,3,3,4,3,4,4,4,1,2,1,4,3,1,3,4,3,3,2,4,4,3,3,2,3,0,3000000.0
213,1,3,2,3,3,4,4,4,4,3,3,4,4,2,4,4,2,4,3,3,4,2,4,3,3,3,3,4,4,3,4,4,2,1,0,1,0,3,2,1,1,1,2,2,3,2,3,3,1,0,1,2,1,1,1,7,5,4,3,5,8,4,6,1,1,2,3,2,4,2,2,2,2,3,4,2,3,3,2,3,3,4,3,3,3,3,2,2,2,3,3,2,3,3,3,3,2,4,3,3,4,3,2,0,1000000.0
214,1,4,2,3,3,4,4,3,3,3,4,3,3,3,3,3,4,3,3,2,4,3,4,4,3,3,2,4,0,3,3,1,1,2,0,0,0,0,0,1,0,0,0,0,0,2,2,0,0,0,0,1,0,0,0,1,10,4,2,1,1,2,2,1,3,3,4,1,1,1,1,2,1,3,1,1,3,3,2,3,3,4,2,3,4,1,2,4,2,1,3,2,3,3,3,1,2,3,3,3,2,2,3,0,1000000.0
215,2,2,2,3,4,4,4,4,4,3,2,4,2,2,4,4,4,4,4,4,4,4,4,4,2,4,3,1,4,4,4,2,0,0,0,0,0,0,2,2,0,0,2,2,0,2,2,2,0,1,0,2,0,0,0,8,10,10,10,1,10,1,2,2,2,2,4,2,4,4,2,2,2,2,2,1,1,1,1,3,4,4,1,1,4,4,1,1,1,4,4,1,4,4,4,3,1,4,4,4,4,1,4,0,3000000.0
216,2,1,4,4,4,4,4,4,4,4,4,4,4,3,4,4,4,4,4,4,4,4,4,4,3,4,3,3,4,4,4,1,0,0,0,0,0,4,1,0,0,0,4,4,0,4,4,4,2,0,2,2,2,0,2,10,10,10,10,10,10,10,10,1,1,1,3,1,1,1,1,2,1,3,4,1,4,3,1,4,4,4,4,4,4,4,1,1,1,4,3,1,3,3,4,3,1,4,4,3,3,3,3,0,16000000.0
217,2,4,3,3,4,4,3,4,4,4,4,4,4,3,4,4,4,4,4,4,4,4,4,4,4,4,4,3,4,4,4,3,2,0,0,0,0,0,0,0,0,0,1,2,0,2,2,2,2,0,3,2,2,0,0,10,10,10,10,10,10,10,10,1,2,2,4,1,4,1,1,2,1,3,4,1,4,3,1,4,4,4,3,4,4,3,1,3,1,1,1,1,1,4,4,3,1,4,4,3,3,3,3,0,16000000.0
218,2,1,4,4,4,4,4,4,4,4,4,4,4,4,4,4,4,4,4,4,4,4,4,4,4,4,4,4,4,4,4,2,0,0,0,0,0,0,1,1,0,1,1,2,0,1,1,4,2,0,2,2,0,0,0,6,8,6,6,5,5,5,5,1,1,1,1,1,1,1,1,1,1,4,4,1,4,3,1,4,4,4,4,4,4,4,1,2,1,4,3,1,4,4,4,3,1,4,4,4,4,4,4,0,3000000.0
219,2,1,3,4,4,4,4,4,4,4,4,4,4,2,4,4,4,4,4,4,4,4,4,4,4,4,3,3,4,4,4,3,0,0,0,0,0,0,0,0,0,0,0,2,0,2,0,0,0,0,0,0,0,0,0,9,9,9,9,2,6,4,9,1,1,1,4,1,4,1,1,1,1,4,4,1,4,4,1,4,4,4,4,4,4,4,1,1,1,4,4,1,4,4,4,4,1,4,4,4,4,1,4,0,3000000.0
220,2,2,2,1,2,4,4,4,4,4,4,4,3,2,4,4,4,4,4,4,4,4,4,4,4,4,4,0,4,4,4,0,0,0,0,0,0,0,2,0,0,2,2,2,0,2,2,2,3,0,0,0,0,0,0,7,6,7,6,6,6,6,6,1,1,1,1,1,1,1,1,1,1,4,4,1,4,4,1,4,4,4,1,4,4,4,1,1,1,4,4,1,4,1,3,4,1,4,4,4,4,1,4,0,2000000.0
221,2,2,2,4,4,4,4,4,4,4,4,4,3,2,4,4,4,4,4,4,4,4,4,4,4,4,4,0,0,0,0,0,0,0,0,0,0,0,2,0,0,2,2,2,0,2,2,2,3,0,0,0,0,0,0,4,3,7,6,6,6,6,6,1,1,1,1,1,1,1,1,1,1,4,4,1,4,4,1,4,4,4,1,4,4,4,1,1,1,4,4,1,4,1,3,4,1,4,4,4,4,1,4,0,2000000.0
222,2,4,4,3,4,3,3,3,4,4,3,4,4,4,4,4,4,4,4,4,4,4,4,4,4,4,4,3,4,4,3,1,0,0,0,0,0,0,0,0,0,0,0,3,0,0,0,4,0,0,0,4,0,0,0,9,9,7,7,4,7,7,8,1,2,1,1,1,1,1,1,1,1,4,4,4,4,4,1,4,4,4,4,4,4,4,1,1,1,4,4,4,4,4,4,3,4,4,4,3,4,1,2,0,2000000.0
223,2,4,2,3,4,3,3,3,4,4,3,4,4,4,4,4,4,4,4,4,4,4,4,4,4,4,4,3,4,4,3,1,1,0,0,0,0,0,0,0,0,0,0,3,0,0,0,4,0,0,0,4,0,0,0,10,10,9,9,9,10,10,10,1,2,1,1,1,1,1,1,1,1,4,4,4,4,4,1,4,4,4,4,4,4,4,1,1,1,4,4,4,4,4,4,3,4,4,4,3,4,1,2,0,7000000.0
224,2,4,3,3,4,4,2,3,4,4,2,2,2,0,3,4,4,1,2,4,2,4,4,3,3,3,4,2,2,2,3,1,0,0,0,0,0,0,0,1,0,2,3,3,3,4,4,4,0,1,2,1,0,0,0,7,5,4,4,4,1,1,7,2,2,3,3,2,2,3,3,3,2,3,4,2,2,3,2,3,3,3,2,2,4,3,2,2,2,3,3,2,2,3,3,2,3,3,3,2,2,4,4,0,1500000.0
225,1,4,4,2,4,4,4,4,4,4,4,4,4,4,4,2,4,4,4,4,4,4,4,4,2,4,4,2,4,4,4,2,2,1,1,0,0,0,2,2,0,2,2,2,0,2,0,2,0,2,4,4,0,0,0,9,9,7,8,4,7,7,9,1,2,2,2,1,4,1,2,2,2,2,4,2,3,2,2,3,3,4,4,3,4,3,2,4,2,4,3,1,4,4,3,3,2,3,3,3,3,3,2,0,15000000.0
226,1,4,4,4,4,4,4,4,4,4,4,4,3,4,4,4,4,4,4,4,4,4,4,3,3,4,4,2,4,4,4,2,0,0,0,0,0,0,0,1,0,0,2,3,2,4,4,4,0,1,0,2,0,0,0,9,9,7,7,4,7,7,9,1,2,2,3,1,4,1,3,3,1,3,1,1,4,4,3,4,4,3,4,3,4,4,4,3,1,4,3,1,4,4,4,3,1,3,3,3,3,3,2,0,1500000.0
227,2,1,2,3,4,2,2,3,2,2,1,1,2,1,3,1,2,2,3,2,2,3,4,4,3,4,4,2,4,4,4,0,0,0,0,0,0,2,2,2,1,1,3,3,3,3,3,4,2,1,1,2,0,0,1,9,10,5,9,9,3,4,9,2,3,2,3,1,1,1,2,3,1,3,4,1,3,2,1,4,4,4,3,3,4,4,1,3,1,4,4,1,4,4,4,4,1,4,4,3,4,2,4,0,4500000.0
228,2,0,0,0,0,0,1,0,1,1,0,0,2,0,3,0,0,0,1,0,0,1,0,1,0,0,0,0,0,0,1,3,3,3,2,2,3,4,4,3,3,3,4,4,4,4,4,4,4,3,3,3,4,4,4,4,4,3,3,2,3,3,3,2,2,2,2,1,1,1,2,2,3,2,2,2,2,3,3,3,2,2,2,3,3,3,3,2,2,3,2,3,2,3,3,3,3,3,3,3,3,3,3,0,5000000.0
229,1,1,2,4,3,4,3,4,4,2,2,3,2,1,4,3,3,2,2,3,3,3,3,4,3,3,3,2,2,2,2,1,1,2,2,1,1,1,2,2,1,2,2,2,1,3,3,3,1,2,2,1,2,2,1,7,7,5,5,4,5,5,7,1,2,2,4,1,4,1,2,2,1,4,4,1,4,4,1,4,4,4,4,4,4,4,1,1,1,4,4,1,4,4,4,4,1,4,4,4,4,1,4,0,5000000.0
230,1,2,2,2,3,4,4,4,4,4,4,4,4,2,4,2,4,4,4,4,4,4,4,4,4,4,4,4,4,4,4,0,0,0,0,0,0,0,2,0,0,0,0,0,0,2,2,0,0,0,0,0,0,0,0,8,7,6,6,6,7,6,8,2,2,2,2,1,3,2,2,2,2,3,3,2,3,3,2,3,3,3,3,3,3,3,2,2,2,3,3,2,3,3,3,3,2,3,3,3,3,2,3,0,2000000.0
231,1,3,3,3,3,3,4,4,3,4,4,3,3,2,3,3,3,3,3,2,3,3,4,3,3,3,3,3,3,4,3,2,2,2,2,0,0,1,2,3,1,3,2,2,0,3,3,3,3,2,2,3,2,2,2,7,6,4,3,2,3,1,3,3,3,2,3,2,3,2,2,2,2,3,3,2,3,3,2,3,3,3,3,3,3,3,2,2,2,3,3,2,3,3,3,3,2,3,3,3,3,2,3,0,2500000.0
232,1,2,2,2,2,4,4,4,3,3,4,4,4,3,4,4,4,4,4,4,4,4,4,4,4,4,4,0,4,4,4,0,0,0,0,0,0,0,0,0,0,0,0,4,0,4,3,3,0,0,0,0,0,0,0,10,10,9,6,6,8,6,10,1,1,1,3,1,3,1,1,2,1,3,4,1,4,3,1,4,4,4,4,4,4,4,1,1,1,4,4,1,4,4,4,4,1,4,4,4,4,1,4,0,1000000.0
233,1,3,3,2,3,4,3,3,2,3,2,3,2,1,3,4,3,3,2,2,3,4,3,4,3,4,3,4,2,4,4,3,4,2,2,1,1,1,3,3,1,3,3,3,3,3,3,3,0,2,2,1,2,1,0,1,3,4,5,4,7,4,6,2,2,2,4,2,3,2,3,2,2,3,3,2,3,3,2,3,3,3,3,3,3,3,2,2,2,3,3,2,3,3,3,3,2,3,3,3,3,2,3,0,2000000.0
234,1,3,3,2,4,3,2,4,4,4,4,4,4,4,4,4,4,4,4,3,4,4,4,4,4,4,4,4,4,4,4,0,0,0,0,0,0,0,0,2,0,0,0,2,0,2,2,2,1,0,0,4,0,0,0,10,10,6,10,7,10,2,10,2,3,3,3,2,3,2,2,3,2,2,3,2,2,2,2,3,3,3,3,3,3,3,2,2,2,3,3,2,3,3,3,3,2,3,3,3,3,2,3,0,5000000.0
235,1,3,1,3,1,3,3,3,3,4,2,4,3,2,3,3,3,2,3,3,2,3,4,3,3,3,3,3,4,3,3,2,3,1,2,0,0,0,0,2,1,1,1,1,1,3,3,3,2,1,1,1,1,0,3,6,7,5,3,2,6,6,6,1,2,2,3,1,4,1,1,3,2,4,4,1,3,3,1,4,4,4,4,3,4,3,2,2,1,4,3,1,4,4,4,3,2,4,4,3,3,2,4,0,4000000.0
236,1,4,3,4,4,4,4,4,4,4,4,4,4,3,4,4,4,4,4,4,4,4,4,4,4,4,4,3,4,4,3,2,1,1,2,1,0,0,1,1,4,2,2,1,2,1,4,3,3,1,3,0,0,0,0,7,8,9,7,7,10,9,7,2,1,2,1,1,1,1,1,2,1,1,1,1,1,1,1,1,1,1,1,4,3,4,3,4,4,4,4,4,4,4,4,4,4,4,4,4,4,4,4,0,2000000.0
237,2,4,4,4,4,4,4,4,4,4,4,4,4,4,4,4,4,4,4,4,4,4,4,4,4,4,4,4,4,4,4,0,0,0,0,0,0,0,0,0,0,0,0,0,0,4,4,4,4,4,4,4,4,0,0,8,8,7,7,5,7,2,8,2,2,2,4,1,4,1,1,1,1,1,1,1,1,1,1,1,1,1,1,4,4,4,1,1,1,1,1,1,4,1,4,4,1,4,4,4,4,1,4,0,3000000.0
238,2,0,0,0,0,0,0,0,0,0,0,0,0,0,0,0,0,0,0,0,0,0,0,0,0,0,0,0,0,0,0,0,1,0,3,2,0,3,3,4,4,3,4,4,0,4,4,4,2,3,3,3,3,2,2,9,10,10,4,7,4,1,4,1,1,1,1,1,4,2,1,2,1,4,4,1,3,4,2,4,4,4,4,3,4,3,2,1,1,4,4,4,4,4,4,3,1,4,4,4,4,1,3,1,4000000.0
239,2,4,4,4,4,4,4,4,4,4,4,4,4,4,4,4,4,4,4,4,4,4,4,4,4,4,4,4,4,4,4,0,0,0,0,0,0,0,0,0,0,0,1,3,0,3,3,3,0,0,0,0,0,0,0,9,6,7,5,4,4,5,7,1,1,1,4,1,4,1,1,1,1,4,4,1,4,4,1,4,4,4,4,4,4,4,1,1,1,4,4,1,4,4,4,4,1,4,4,4,4,1,4,0,3000000.0
240,1,2,4,4,4,4,4,4,4,4,4,4,4,2,4,4,4,4,4,3,4,3,4,3,3,3,3,1,4,4,3,1,1,1,1,1,1,1,2,1,1,1,2,3,2,3,2,1,1,0,1,1,1,1,0,7,8,7,7,7,7,7,7,2,2,2,3,2,4,1,2,2,2,3,3,1,4,3,2,3,3,4,3,3,3,3,2,2,2,4,3,4,4,3,4,3,2,3,3,3,3,2,3,0,7000000.0
241,1,3,1,3,4,2,3,4,4,4,3,4,3,2,2,3,4,2,2,2,3,3,3,3,2,2,2,2,2,4,4,0,0,0,0,0,0,0,0,0,0,1,2,0,0,2,0,0,0,0,1,2,0,0,0,9,8,9,7,4,9,9,9,2,2,2,3,2,1,2,2,2,1,2,2,2,1,2,2,2,2,1,2,3,3,3,2,2,2,2,3,2,3,3,3,3,2,3,3,3,3,2,3,0,1500000.0
242,2,2,1,2,1,4,3,4,2,2,2,2,3,2,2,3,4,4,4,2,2,2,4,4,2,2,3,2,2,4,2,1,0,0,1,0,0,0,1,2,0,1,0,1,0,2,2,1,2,0,1,1,1,0,0,7,8,9,10,4,9,10,10,1,2,1,3,1,1,1,2,1,1,1,1,1,4,3,1,4,4,4,4,1,4,3,2,3,2,4,2,1,4,4,2,1,1,4,4,3,4,1,4,0,13000000.0
243,2,3,3,1,1,3,2,3,3,3,3,2,3,1,3,2,2,2,3,3,3,3,2,4,3,3,2,2,3,3,4,1,0,1,0,1,1,2,2,2,1,1,3,3,4,3,3,3,2,2,2,2,1,1,1,4,5,6,7,3,3,7,4,1,2,1,3,1,4,1,2,2,1,3,3,2,2,2,3,4,3,3,3,3,3,3,1,2,2,3,3,2,3,3,3,2,2,3,3,3,3,2,3,0,3000000.0
244,2,3,2,3,3,3,3,3,3,2,2,2,2,3,2,3,2,3,3,3,3,3,3,4,4,4,4,3,4,3,2,2,2,2,1,0,0,0,1,0,1,1,0,0,0,0,0,0,0,2,2,2,2,2,2,5,5,5,5,5,7,7,7,1,1,1,1,1,4,1,1,1,1,4,4,1,4,4,1,4,4,4,4,4,4,4,1,1,1,4,4,4,1,4,4,1,1,4,1,4,4,4,4,0,4000000.0
245,2,2,3,3,3,3,4,4,2,4,4,3,3,2,3,3,4,2,2,2,3,4,4,4,2,3,2,2,3,3,4,0,1,0,2,1,1,2,1,1,0,1,2,3,0,3,3,3,2,2,2,3,1,0,0,7,7,4,4,6,5,5,7,1,1,1,4,1,4,1,3,2,2,3,4,1,3,3,2,3,3,4,4,4,4,2,1,1,2,4,2,1,2,2,4,1,3,4,3,2,2,2,2,0,3500000.0
246,2,3,3,3,4,3,3,3,2,3,3,4,3,2,4,4,3,3,3,2,4,2,3,3,3,3,3,2,2,3,3,2,2,1,1,1,1,1,1,3,2,2,3,3,2,3,3,3,2,1,2,2,2,1,1,6,6,5,6,4,3,3,5,2,2,2,3,2,3,2,3,2,2,3,3,2,3,3,2,3,3,4,4,3,4,3,2,2,2,3,3,2,3,4,3,3,1,3,3,3,3,2,3,0,3000000.0
247,1,2,2,3,3,4,3,4,1,1,2,2,2,2,4,2,2,2,2,2,2,3,3,4,2,2,2,2,3,3,2,2,1,1,1,1,0,2,2,2,0,1,2,2,0,2,2,2,2,2,1,2,2,1,1,2,1,1,1,2,1,2,1,2,2,2,3,1,3,1,3,2,2,3,3,1,3,3,1,4,4,3,4,3,3,3,1,2,2,4,3,1,4,4,4,3,1,4,4,3,3,1,3,0,4700000.0
248,1,0,3,2,0,2,3,2,1,0,0,2,0,0,4,0,0,0,0,4,4,4,4,4,4,4,4,4,4,4,4,2,3,1,2,1,1,2,1,2,3,3,2,4,2,4,2,3,4,2,0,2,3,2,2,2,1,2,2,2,1,4,1,1,1,1,4,1,1,1,1,2,1,1,1,1,1,1,1,1,1,1,1,1,2,1,1,1,1,1,1,1,1,1,1,2,2,3,2,3,3,2,2,0,4700000.0
249,1,4,1,3,4,3,3,4,4,4,4,4,3,2,3,4,4,4,3,4,4,4,4,4,3,3,3,2,4,4,2,3,3,3,3,3,2,1,2,3,3,4,2,3,0,3,3,3,4,2,2,1,0,2,1,10,10,7,7,7,4,7,7,2,2,2,1,2,1,2,2,2,1,2,2,2,3,3,2,2,2,1,2,3,3,4,2,2,2,3,3,2,3,3,2,2,2,3,3,2,3,3,3,0,4500000.0
250,2,4,4,4,4,4,4,4,4,4,4,4,4,3,4,4,4,4,4,4,4,4,4,3,4,4,4,4,4,4,4,0,0,0,0,0,0,0,0,0,0,0,0,0,1,1,2,1,2,0,2,1,1,1,2,8,8,7,7,7,7,7,8,1,2,2,4,1,4,1,2,2,1,3,4,1,4,3,2,4,3,4,4,4,4,3,4,2,2,4,3,1,3,3,3,3,2,4,3,4,4,1,4,0,6000000.0
251,1,1,1,1,1,1,1,2,2,1,1,2,4,1,3,2,1,1,1,2,2,2,1,2,0,0,0,0,0,1,2,2,3,3,2,2,2,3,3,3,1,3,3,3,2,2,2,2,3,3,3,3,3,3,2,3,8,9,5,1,6,4,2,1,2,1,3,1,1,1,2,1,1,1,1,1,1,4,3,1,4,4,4,1,4,3,2,3,2,4,2,1,4,4,3,1,1,4,4,3,4,1,4,0,5000000.0
252,1,2,1,3,3,2,3,3,3,3,3,3,3,2,4,3,4,3,3,3,4,2,3,4,3,3,3,3,3,4,3,1,2,1,0,0,0,0,2,2,1,1,1,2,1,2,2,1,2,2,1,1,1,1,1,5,5,5,4,5,4,4,5,1,2,2,3,2,4,2,3,2,2,3,3,1,3,2,2,3,3,3,3,3,4,3,2,2,2,3,3,2,3,4,3,3,3,3,4,3,3,2,3,0,8000000.0
253,1,0,0,1,0,1,0,1,0,1,0,0,4,0,0,0,0,0,0,0,0,1,0,0,1,2,0,0,0,4,2,1,3,2,0,0,0,3,1,1,1,2,2,1,0,0,0,4,2,0,0,1,0,0,0,4,5,4,7,1,1,4,4,4,2,1,4,1,4,1,1,1,1,4,4,1,4,4,1,4,4,4,4,4,4,4,1,1,1,3,3,1,4,4,3,4,1,3,4,3,3,1,3,1,2000000.0
254,1,0,2,4,4,4,4,4,4,4,4,4,4,2,4,4,4,4,4,4,4,2,4,4,3,3,4,3,4,4,4,3,4,3,2,0,0,0,0,0,0,3,2,2,0,0,0,2,2,0,2,2,0,0,0,9,5,8,5,9,10,9,9,2,3,2,4,1,4,1,1,3,1,4,4,1,3,3,1,4,4,3,4,3,4,3,2,2,2,4,3,1,3,4,3,2,2,3,3,3,3,2,4,0,5000000.0
255,2,2,1,2,3,3,4,3,4,2,4,4,2,4,3,4,3,4,4,3,4,3,1,4,2,4,3,2,3,4,2,3,2,1,1,0,0,1,2,3,0,1,0,0,0,1,0,2,0,0,0,1,0,0,0,7,8,5,7,5,7,4,6,2,3,2,4,1,3,2,3,3,2,3,3,2,4,4,2,3,3,4,4,4,3,4,2,2,2,3,3,2,3,3,3,3,2,3,3,3,3,2,3,0,3500000.0
256,1,2,3,1,3,3,3,4,3,4,1,3,2,4,4,4,2,3,3,1,3,4,4,4,4,2,3,3,4,4,4,3,2,2,2,1,1,0,3,2,2,3,2,2,1,4,2,0,2,1,1,2,0,0,0,6,5,4,5,1,4,3,2,1,2,2,4,2,4,2,2,3,2,3,3,2,3,3,2,3,3,3,3,3,3,3,2,2,2,3,3,2,3,4,3,3,2,3,3,3,3,2,3,0,2000000.0
257,2,1,1,3,4,4,3,4,2,2,4,3,1,3,4,3,4,3,3,3,3,3,3,2,3,4,4,3,2,2,3,2,1,1,0,0,1,0,1,2,2,2,1,1,1,2,2,1,2,3,3,3,2,2,2,9,9,8,8,10,9,9,9,1,2,3,2,1,1,3,2,3,2,2,2,2,2,3,2,1,3,1,4,4,4,3,1,4,1,1,4,3,3,3,3,3,3,4,3,4,3,4,1,0,15000000.0
258,2,2,2,3,2,3,1,2,1,1,2,1,3,3,4,3,4,3,4,2,1,1,3,4,2,1,0,1,2,2,3,2,3,2,2,1,0,4,2,3,3,1,1,2,0,2,2,1,3,0,2,0,1,0,0,7,8,7,7,4,7,8,7,1,2,1,3,1,1,1,3,1,1,1,1,1,4,4,3,1,4,4,4,1,4,3,2,3,2,4,2,1,4,4,2,1,1,4,4,3,4,1,4,1,3000000.0
259,2,4,4,4,4,4,2,3,4,4,4,4,4,4,4,4,4,4,4,4,4,4,4,4,3,4,3,3,4,3,4,1,2,0,0,0,0,0,0,2,1,0,2,2,2,2,2,2,1,1,0,0,0,0,0,7,10,7,8,10,9,9,9,1,1,1,1,1,1,1,1,1,1,4,4,1,4,4,1,4,4,4,4,4,4,4,1,1,1,4,2,1,3,2,2,3,1,3,3,2,2,1,4,0,5000000.0
260,2,1,0,0,1,0,1,0,1,2,0,0,0,0,1,0,1,1,0,1,0,1,1,1,1,0,0,0,0,4,0,3,1,0,2,0,0,3,3,4,1,3,2,2,2,3,3,3,2,3,3,2,3,2,0,7,7,5,5,4,2,1,7,1,2,2,1,2,1,2,2,2,1,1,1,1,1,2,1,1,1,1,1,2,4,1,1,1,2,4,3,1,4,4,4,3,2,4,4,3,3,2,4,1,3000000.0
261,1,1,1,1,1,2,2,2,1,1,2,1,0,1,3,1,2,0,0,1,1,1,2,1,2,1,1,1,1,2,2,0,2,1,2,1,1,3,3,3,3,3,3,2,3,3,1,2,2,2,1,2,1,2,2,5,6,4,4,4,4,4,6,1,1,1,3,2,3,2,2,2,2,3,3,2,3,3,2,2,3,3,3,3,4,2,1,1,1,3,2,1,3,2,3,2,3,3,3,2,3,2,3,1,1500000.0
262,1,4,2,1,2,2,1,2,1,2,2,1,1,2,2,2,2,2,3,2,1,1,2,3,2,2,1,2,2,1,2,3,2,2,2,1,1,2,3,3,2,2,3,3,0,3,3,2,1,2,3,3,2,2,2,7,6,4,5,4,2,2,6,2,1,2,3,2,4,2,2,3,1,4,4,2,4,4,2,4,4,4,4,4,4,3,1,1,1,4,3,1,4,4,4,4,1,4,4,4,3,1,4,1,3000000.0
263,1,2,1,1,0,1,1,0,0,1,1,0,0,0,2,0,0,1,1,1,1,1,2,1,1,1,0,1,1,2,2,0,0,0,1,0,1,3,2,3,3,3,3,3,3,3,3,3,1,2,1,1,0,0,2,8,7,7,7,5,7,4,7,1,1,2,3,1,1,1,1,2,1,3,3,1,3,3,2,3,3,3,3,4,4,3,1,1,1,3,2,1,3,3,3,3,1,4,4,3,4,3,4,1,1500000.0
264,2,0,2,2,4,4,3,4,2,2,4,4,3,2,3,4,4,4,3,3,2,3,1,3,2,2,1,2,3,4,2,0,0,0,1,0,0,0,1,0,0,1,2,1,0,2,2,1,0,0,0,0,0,0,0,7,8,7,8,10,4,7,10,2,2,2,3,2,3,2,2,2,2,3,3,2,3,2,1,2,3,3,2,3,4,3,2,3,2,3,3,2,3,3,4,3,1,4,4,4,3,2,3,0,4500000.0
265,2,3,2,3,4,4,3,3,3,4,4,4,2,2,4,4,4,3,3,3,3,4,2,2,4,2,2,2,1,4,4,4,1,1,1,0,0,0,1,2,0,1,0,1,1,0,0,2,0,0,0,0,0,0,0,6,5,5,3,5,3,5,6,1,3,3,4,1,4,4,1,1,2,2,2,2,3,3,4,4,3,4,4,4,3,4,2,1,2,4,2,1,2,4,4,4,2,4,1,3,4,3,4,0,6500000.0
266,1,3,2,3,4,4,3,4,4,3,4,4,2,2,3,4,4,3,3,3,2,3,2,2,3,2,2,2,1,4,3,4,2,0,0,0,0,1,2,1,0,2,0,1,1,0,0,2,0,0,0,0,0,2,2,6,5,5,3,5,5,4,6,1,3,3,4,1,4,3,1,2,2,2,4,2,2,4,3,4,4,3,3,4,3,3,1,2,1,3,2,2,2,4,3,4,2,3,2,3,4,3,3,0,3800000.0
267,2,1,2,2,4,4,3,4,2,2,4,4,3,2,3,4,4,4,3,3,2,3,1,3,1,2,1,2,3,4,2,0,0,0,1,0,0,0,1,0,0,1,2,1,0,2,2,1,0,0,0,0,0,0,0,7,8,7,9,8,3,8,9,2,2,2,3,2,3,2,2,2,2,3,3,2,3,2,3,2,1,3,3,3,4,3,2,3,2,3,3,2,3,3,4,3,1,4,4,4,3,2,3,0,6000000.0
268,2,4,2,3,4,4,3,4,4,3,4,4,2,2,3,4,4,4,4,3,3,4,2,4,2,2,2,1,4,4,4,1,0,1,0,0,0,0,2,1,0,1,0,1,1,0,0,2,0,0,0,0,0,0,0,8,4,3,1,7,4,3,6,2,4,4,3,2,3,3,1,2,2,1,4,2,3,3,2,3,4,3,4,4,3,3,2,1,2,3,1,2,1,3,4,4,2,3,2,4,4,4,3,0,5500000.0
269,1,4,3,3,4,4,4,4,4,2,3,4,3,2,3,4,4,4,4,4,4,4,3,3,2,3,2,1,2,4,2,2,1,0,0,0,0,0,1,2,0,1,0,1,1,0,0,1,0,0,0,0,0,0,0,6,5,7,1,5,3,5,6,2,4,4,3,2,3,3,1,1,2,1,4,2,3,4,3,4,3,4,3,4,3,4,2,2,2,3,1,2,2,3,4,4,2,3,2,4,4,4,3,0,4500000.0
270,3,3,2,3,4,4,3,4,4,3,4,4,2,2,3,4,4,4,4,3,3,4,2,4,2,2,2,1,4,4,4,2,0,0,0,0,0,0,1,1,0,1,0,1,1,0,0,2,0,0,0,0,0,0,0,7,6,4,2,6,4,4,7,1,3,3,4,1,4,4,2,2,1,2,3,1,4,4,1,4,4,4,4,3,4,4,1,1,1,4,2,1,2,4,3,3,1,4,1,4,3,3,4,0,5000000.0
271,2,2,3,2,4,4,2,4,4,2,4,4,3,3,4,4,4,4,4,3,2,4,2,4,1,2,2,1,3,3,4,2,1,0,1,1,1,1,1,1,0,2,1,0,1,0,0,2,1,0,0,0,0,0,0,4,4,3,1,1,3,3,6,2,4,4,3,2,3,3,1,1,2,1,4,2,3,2,3,3,4,3,4,4,3,4,2,1,2,3,1,2,1,3,4,4,2,3,2,4,3,4,3,0,7000000.0
272,1,2,2,3,4,4,4,2,3,3,2,3,2,3,2,3,2,3,3,2,1,3,2,1,1,0,1,2,1,3,2,1,2,1,2,1,0,0,0,1,1,2,1,0,1,2,1,2,1,0,0,0,0,0,0,8,8,7,7,9,10,10,10,2,3,2,2,2,3,4,4,3,4,3,2,1,2,3,2,3,4,3,2,3,2,2,3,2,2,3,3,2,1,1,1,3,4,4,4,3,2,4,4,0,4500000.0
273,2,3,3,3,3,3,3,3,3,3,3,4,4,3,3,3,3,3,3,3,4,3,3,3,3,3,4,4,3,3,3,3,4,4,1,1,0,0,1,1,0,2,3,3,2,3,3,2,1,1,1,2,0,0,1,8,7,7,7,7,8,8,7,2,1,1,4,2,4,1,1,2,2,4,4,1,4,4,2,4,3,4,4,4,4,3,1,1,2,4,4,2,4,3,3,4,1,4,3,4,4,1,1,1,4000000.0
274,2,3,4,4,3,3,3,4,4,3,3,4,3,3,3,4,4,4,3,3,3,3,4,4,3,3,3,4,3,3,4,1,1,1,0,0,0,1,1,0,0,0,1,1,0,1,1,1,1,1,1,1,0,0,0,6,6,6,6,5,6,6,6,1,1,1,4,1,4,1,1,1,1,4,4,1,4,4,1,4,4,4,4,4,4,4,1,1,1,4,4,1,4,4,4,4,1,4,4,4,4,1,4,0,4500000.0
275,2,4,3,3,4,4,4,4,4,4,4,3,3,3,4,3,3,3,3,3,3,4,4,4,3,3,3,3,4,2,3,0,0,0,0,0,0,0,0,0,0,0,2,2,0,3,2,3,1,0,0,1,0,0,0,10,10,9,8,10,10,8,8,2,1,2,1,1,4,2,1,1,2,3,4,2,4,4,2,3,4,4,4,3,4,4,2,1,1,4,4,2,4,1,4,4,1,4,4,4,4,1,4,0,10000000.0
276,2,0,2,4,4,3,3,4,4,3,3,4,4,3,3,3,4,4,3,4,4,2,3,3,3,4,4,3,4,3,3,1,1,0,0,0,0,0,0,0,0,0,0,2,0,0,0,0,0,0,0,0,0,0,0,9,7,8,6,9,10,9,9,1,1,1,2,2,4,2,1,4,1,1,4,1,1,4,1,4,4,4,4,3,4,2,2,2,4,4,4,1,4,4,4,2,2,4,4,4,4,1,3,0,5000000.0
277,1,1,2,2,1,3,3,3,2,2,1,2,3,2,4,3,2,3,3,3,1,3,3,3,3,3,2,2,3,3,1,1,0,0,0,0,0,3,1,3,3,3,2,1,0,3,3,3,2,1,0,1,0,0,0,5,4,4,4,2,4,3,5,2,2,2,2,2,3,2,2,4,2,3,2,3,2,3,2,3,3,3,3,3,3,3,2,2,2,3,3,1,4,4,4,3,1,4,3,3,4,2,3,0,1000000.0
278,1,2,3,3,3,4,4,4,4,4,4,4,4,4,3,4,4,4,4,4,4,4,4,4,4,4,3,4,4,4,2,4,0,0,0,0,0,0,2,0,1,0,3,2,0,1,3,3,1,0,0,2,1,0,1,8,8,6,5,5,7,8,7,2,2,2,3,1,3,2,2,3,2,3,3,2,3,3,2,3,4,4,4,3,4,3,1,3,1,4,3,1,3,4,3,2,1,3,3,3,3,1,4,0,1500000.0
279,1,1,2,3,3,4,4,4,3,3,3,4,3,1,3,3,2,4,3,4,4,3,3,3,4,3,3,4,4,4,4,2,2,2,0,0,0,0,1,0,0,2,0,2,0,3,3,3,1,0,0,0,0,0,0,7,5,8,7,4,4,4,7,1,1,1,4,1,4,1,2,3,1,3,4,1,4,4,1,4,4,4,4,4,4,3,1,3,2,4,3,1,4,4,4,2,1,4,4,4,4,4,4,0,2000000.0
280,1,2,3,2,4,2,2,3,2,3,2,3,3,1,2,2,2,2,2,2,3,1,1,1,1,1,1,1,1,2,2,2,1,2,2,1,1,1,2,3,2,1,2,2,3,3,2,3,3,2,2,2,2,1,2,8,7,7,7,4,5,5,6,2,2,2,3,2,1,1,2,2,2,3,3,1,3,1,1,3,3,3,3,3,3,3,3,2,2,3,3,1,3,3,3,3,2,3,3,3,3,2,3,0,3000000.0
281,1,3,3,3,3,4,4,3,3,3,3,3,2,2,4,2,3,3,2,3,3,4,4,4,3,3,3,2,3,2,3,1,1,0,0,0,0,2,0,1,0,0,2,3,0,2,1,3,2,0,0,0,0,0,0,5,5,4,4,3,4,4,5,1,2,2,2,1,1,1,1,3,1,3,4,2,4,3,2,4,4,4,3,3,4,3,2,2,2,4,3,2,4,4,4,3,1,4,2,3,4,4,3,0,2000000.0
282,1,3,4,4,4,4,4,4,4,4,4,4,4,4,4,4,4,4,4,4,4,4,4,4,4,4,4,4,4,4,4,2,1,0,0,0,0,0,1,0,0,0,0,0,0,0,0,0,0,0,0,0,0,0,0,8,8,7,7,4,7,8,8,2,2,2,4,1,1,1,1,2,1,1,1,1,2,2,1,1,1,2,2,2,4,3,2,1,1,4,1,1,4,1,2,1,2,3,2,2,3,1,3,0,2000000.0
283,1,2,1,1,1,2,2,2,2,2,1,1,2,1,4,2,3,2,2,3,3,3,3,2,2,1,1,1,3,3,4,1,1,0,0,0,0,1,2,2,2,2,1,1,0,1,1,1,3,2,2,3,0,0,0,4,3,3,3,3,3,3,3,1,2,2,3,1,1,1,1,2,1,2,4,2,2,3,1,3,3,3,3,3,4,2,3,3,3,3,2,2,3,4,3,2,2,3,2,2,2,2,4,0,1000000.0
284,1,0,0,4,4,3,4,4,2,2,2,4,4,2,4,4,3,4,4,3,4,4,4,4,4,4,4,4,4,4,4,0,0,0,0,0,0,0,1,0,0,0,4,4,0,4,4,4,0,1,1,0,1,0,0,7,7,7,7,7,7,7,7,1,2,2,3,2,1,2,2,1,2,4,4,2,3,3,2,4,4,2,2,2,4,2,2,2,2,3,4,2,4,3,4,2,2,4,2,3,3,2,4,0,1500000.0
285,1,2,2,2,4,4,3,4,2,2,3,3,4,4,3,4,4,4,3,2,3,4,3,4,3,4,4,1,3,4,2,0,0,0,1,0,0,0,0,0,1,1,2,1,1,1,2,2,0,2,2,0,0,0,2,7,8,9,10,10,4,7,7,2,2,2,3,2,2,2,2,2,2,3,3,1,2,3,2,3,3,2,3,3,4,3,2,3,2,3,3,2,3,4,3,3,3,4,4,4,3,2,3,0,4500000.0
286,2,3,4,4,4,3,4,3,4,3,4,4,3,3,3,3,3,4,3,4,3,4,4,4,3,3,4,3,3,3,4,3,4,4,0,0,0,1,0,0,1,2,2,3,2,3,2,2,1,1,0,1,1,0,1,7,8,7,8,6,7,7,7,2,1,2,4,2,3,1,1,2,2,3,4,1,4,4,2,3,3,3,4,3,4,4,3,2,2,4,4,1,4,3,3,3,2,4,4,3,4,2,2,0,4000000.0
287,1,2,3,1,0,0,3,0,0,1,0,0,0,1,2,1,0,0,1,1,0,2,2,1,1,0,0,2,2,2,0,0,3,0,0,0,0,2,1,3,3,3,4,4,0,4,4,4,2,3,2,0,0,0,0,7,5,4,4,1,7,4,7,2,1,1,3,2,1,1,3,2,2,2,1,2,1,2,2,2,1,1,2,1,3,1,1,2,2,3,3,2,1,1,4,2,1,1,4,4,2,3,1,0,3000000.0
288,2,3,3,3,4,4,2,3,4,4,3,4,3,3,4,3,3,3,3,3,3,2,3,3,3,3,3,3,3,4,3,0,0,0,0,0,0,0,1,1,0,0,2,3,1,3,3,3,0,0,1,1,2,0,1,7,6,4,4,4,4,4,7,1,2,2,3,2,4,2,1,2,1,2,2,2,3,3,2,4,4,4,3,3,4,3,2,2,2,3,3,1,4,3,3,2,1,4,4,3,3,1,3,0,3000000.0
289,2,3,2,3,3,3,3,3,3,3,4,3,3,3,3,3,3,3,3,4,4,3,3,3,3,4,3,3,3,3,4,3,3,3,1,1,1,0,0,3,3,2,2,4,4,4,3,3,3,1,1,1,1,0,0,9,8,8,9,9,8,8,8,1,1,2,4,1,4,2,2,1,1,4,4,1,4,3,1,4,3,4,3,3,4,4,1,1,1,4,4,1,4,4,4,4,1,4,3,4,4,2,1,0,8000000.0
290,2,3,3,3,4,4,3,4,4,4,2,2,3,1,4,4,4,2,3,3,3,3,3,3,3,3,4,3,2,2,3,3,2,1,0,0,0,0,1,1,0,2,2,3,3,3,3,3,2,3,3,2,0,0,0,5,2,2,2,4,3,1,2,3,2,3,2,1,1,3,3,2,2,2,3,2,3,2,2,2,3,3,2,3,4,3,2,3,2,4,3,2,3,4,3,2,2,3,3,2,3,3,2,0,2500000.0
291,2,3,2,3,3,4,4,3,4,4,3,3,3,3,4,4,3,4,3,4,4,3,3,3,2,3,3,3,3,3,2,1,1,0,1,1,1,0,0,0,1,2,2,0,0,0,1,1,1,1,1,1,2,2,2,8,8,8,8,8,8,8,8,1,1,1,4,1,4,1,1,2,1,4,4,1,4,4,1,4,4,1,4,4,4,4,1,1,1,4,4,1,4,4,4,4,1,4,1,4,4,1,4,0,5800000.0
292,2,3,3,2,3,4,2,3,3,3,2,3,3,2,3,4,3,3,3,3,3,2,3,3,2,3,3,3,3,4,3,1,2,0,0,0,0,0,1,2,0,0,3,3,4,3,4,3,1,0,1,0,0,0,0,1,1,2,2,1,2,2,2,1,2,2,3,2,4,1,2,2,1,3,3,1,4,3,2,3,3,4,3,3,4,3,2,2,1,4,3,1,3,4,3,2,1,4,4,3,3,3,3,0,1800000.0
293,2,0,2,2,4,4,3,4,2,2,4,4,3,2,3,4,4,4,3,3,2,3,1,3,1,2,1,2,3,4,2,0,0,0,1,0,0,0,1,0,0,1,2,1,0,2,2,1,0,0,0,0,0,0,0,7,8,7,9,10,7,9,7,2,2,2,3,2,3,2,2,2,2,3,3,2,3,2,1,3,3,3,3,3,4,3,2,3,2,3,3,2,3,3,4,3,1,4,4,4,3,2,3,0,3500000.0
294,2,3,4,3,3,3,4,4,3,3,3,3,3,4,3,3,3,3,3,3,3,3,3,3,3,4,3,4,3,4,3,3,3,3,0,1,0,0,0,0,0,1,3,3,3,3,2,3,0,1,0,1,1,0,0,8,8,8,9,8,9,9,9,2,2,2,4,2,4,1,2,2,2,4,4,1,4,4,1,4,3,4,3,4,4,4,2,1,2,4,4,1,4,4,4,4,2,4,4,4,4,2,1,0,6800000.0
295,2,2,2,3,3,4,4,4,2,2,3,3,4,4,3,4,4,3,3,2,3,4,3,4,3,4,4,3,3,4,3,2,2,1,0,0,0,0,0,2,1,2,2,3,1,1,2,2,0,2,2,1,1,0,0,7,6,7,10,7,7,9,9,2,4,3,3,2,2,2,2,3,2,3,3,1,2,3,2,3,3,2,2,3,4,3,3,3,2,3,2,2,3,4,3,3,3,2,2,3,3,3,3,0,4500000.0
296,2,3,4,3,3,4,3,3,4,3,4,3,3,4,4,3,3,4,3,3,3,3,4,4,4,3,3,3,4,3,4,3,3,3,0,0,1,1,0,0,0,1,2,3,3,3,3,2,0,1,1,0,0,1,1,9,9,9,8,8,8,8,8,2,2,2,4,1,4,1,1,2,2,3,3,1,4,4,1,4,4,4,4,4,4,4,2,2,2,4,4,1,4,4,4,4,1,4,3,3,4,1,2,0,6000000.0
297,2,3,3,4,4,3,3,3,3,3,4,3,4,3,3,4,4,4,4,3,3,3,3,4,3,4,4,3,3,3,4,3,3,0,0,0,0,1,1,0,0,1,3,3,3,3,3,3,1,1,0,0,0,0,0,5,7,5,5,5,6,6,6,1,2,1,4,1,4,1,2,1,2,4,4,2,4,4,2,4,4,4,4,4,4,4,2,2,2,4,4,1,4,4,4,4,4,2,4,4,4,2,1,0,4700000.0
298,2,1,3,3,4,3,3,4,4,4,3,4,3,3,4,4,3,3,4,3,4,3,4,4,3,3,3,2,3,4,3,1,0,1,0,0,0,0,1,2,1,1,2,3,2,3,2,3,2,1,1,2,0,0,0,7,8,7,9,8,3,8,9,2,3,3,3,1,4,2,3,2,2,3,3,2,3,4,1,4,4,3,3,3,4,3,1,2,2,3,4,4,3,3,4,3,1,4,4,4,3,2,3,0,3500000.0
299,2,0,2,2,4,4,4,4,2,2,3,3,4,4,3,4,4,3,3,2,3,4,3,4,3,4,4,3,3,4,3,2,2,1,1,0,0,0,1,0,0,1,2,1,0,2,2,1,0,0,2,2,0,0,0,4,7,10,7,10,7,10,7,2,2,2,3,2,3,2,2,2,2,3,3,2,3,2,1,3,3,3,3,3,4,3,3,3,2,3,2,2,3,4,3,3,1,4,4,4,3,2,3,0,2000000.0
300,1,2,2,3,3,4,4,4,2,2,3,3,4,4,3,3,3,4,4,2,4,4,3,4,3,4,4,3,3,4,3,2,2,1,0,0,0,0,2,1,2,2,3,1,1,2,2,2,0,2,2,1,1,0,0,7,6,7,10,7,7,9,9,2,4,3,3,2,2,2,2,3,2,3,3,1,2,3,2,2,3,3,2,3,4,3,3,3,2,3,2,2,3,4,3,3,3,2,2,3,3,3,3,0,9000000.0
301,2,3,2,3,3,4,4,3,3,3,4,4,4,3,4,4,3,4,3,4,3,4,3,4,3,3,4,4,3,4,3,3,2,0,1,0,0,0,0,2,1,2,2,3,1,1,2,2,0,2,2,1,1,0,0,9,8,7,7,7,7,9,9,2,4,3,3,2,2,2,2,3,2,3,3,1,2,3,2,3,3,2,2,3,4,3,3,3,2,3,2,2,3,4,3,3,3,2,2,3,3,3,3,0,7500000.0
302,2,4,3,3,3,3,3,3,4,3,3,4,3,4,4,3,3,3,3,3,4,4,3,4,3,3,3,3,3,3,4,4,3,4,1,1,0,0,0,0,0,0,1,3,2,3,3,4,1,0,0,1,0,1,1,9,9,8,8,8,9,9,9,2,1,2,3,2,4,1,1,1,1,4,3,2,4,3,1,3,3,3,4,4,4,4,1,1,1,4,4,1,4,4,4,4,1,4,3,3,3,2,2,1,4900000.0
303,2,3,3,4,3,3,3,3,3,3,4,3,4,3,3,4,3,3,3,3,3,3,3,3,3,3,3,4,4,3,3,4,4,3,0,1,1,0,0,1,0,2,3,4,3,4,3,2,1,1,1,0,0,3,0,7,7,7,8,7,8,8,7,2,2,2,4,1,4,1,2,2,2,4,4,2,4,4,2,4,4,4,3,4,4,3,2,1,1,4,3,1,3,3,4,4,1,4,4,3,4,1,1,0,7200000.0
304,2,1,1,1,2,3,2,3,3,3,4,3,2,3,4,3,2,3,3,3,2,3,3,3,2,2,2,2,3,2,1,3,3,2,2,2,2,2,2,2,3,3,1,1,3,1,1,2,4,2,2,3,2,2,2,4,4,4,6,4,8,4,6,2,2,1,3,2,3,2,2,4,1,3,3,2,3,3,2,3,3,3,3,3,3,3,2,1,2,4,3,2,4,3,3,3,1,4,3,3,4,3,3,0,4000000.0
305,1,3,3,3,3,3,3,3,2,2,3,3,2,3,4,3,2,3,3,3,3,3,2,2,2,3,2,2,2,2,3,2,1,0,0,0,0,3,1,3,2,2,3,1,1,1,1,1,2,2,3,3,0,0,0,2,2,2,2,1,6,3,2,1,2,2,2,2,2,2,2,3,2,3,4,2,4,3,2,3,3,3,4,3,4,3,2,2,2,3,3,2,3,3,3,3,2,3,2,3,3,3,3,0,1500000.0
306,2,3,4,4,3,3,3,3,3,4,3,3,3,3,4,3,3,4,4,4,3,4,3,3,3,3,4,4,4,3,3,4,4,3,0,0,0,0,0,1,0,0,2,3,4,3,3,2,1,1,0,1,0,0,0,7,8,7,7,8,9,7,7,2,1,2,3,1,4,2,2,1,1,4,3,1,4,3,1,4,3,4,4,3,4,4,1,1,1,4,3,2,4,3,4,4,1,4,3,4,4,2,2,0,6200000.0
307,2,3,3,3,3,4,4,4,4,4,4,4,3,3,4,3,3,3,3,4,4,4,4,4,3,3,3,3,3,4,2,0,0,0,0,0,0,0,0,0,0,0,3,3,0,3,2,3,2,0,0,0,0,0,0,9,2,9,9,9,10,2,9,1,1,1,3,1,1,1,1,3,1,3,3,2,3,3,2,3,3,3,3,3,4,3,2,2,2,4,4,1,4,3,3,3,2,4,3,3,4,2,3,0,10000000.0
308,1,3,4,3,3,3,4,3,3,4,4,3,4,3,3,3,3,3,3,3,3,3,4,4,3,3,3,3,3,3,4,3,3,4,1,0,0,0,1,0,0,0,2,3,4,4,3,2,0,0,0,0,0,0,1,8,9,8,8,8,8,8,8,1,1,2,3,1,4,1,1,1,1,4,4,1,4,4,1,4,3,4,4,4,4,4,1,1,2,4,4,1,3,3,3,4,2,4,4,4,4,1,1,0,3900000.0
309,1,3,3,3,3,3,3,3,4,3,3,3,3,4,3,4,3,3,3,3,3,4,4,4,3,3,3,3,4,3,3,0,0,0,0,0,0,0,1,0,0,1,2,3,3,3,3,2,0,1,1,0,0,0,1,9,8,9,8,8,9,9,9,1,2,2,4,1,4,1,1,1,1,4,4,1,4,4,1,4,4,4,4,4,4,4,2,1,1,4,4,1,4,4,4,4,1,4,4,4,4,1,1,0,5600000.0
310,2,3,2,3,3,2,2,2,2,2,3,3,2,2,4,3,3,4,3,2,3,3,4,3,3,2,3,3,3,3,2,1,1,1,1,0,0,2,0,0,1,1,0,0,0,2,2,2,3,2,3,3,3,3,3,6,5,4,4,4,3,3,4,1,2,2,3,1,4,2,2,2,1,4,4,1,4,4,1,4,4,4,4,4,4,4,1,1,1,4,4,1,4,4,4,4,1,4,4,4,4,1,1,0,8000000.0
311,1,3,4,4,4,4,4,3,4,4,3,3,3,3,3,4,3,4,3,3,3,3,3,4,3,2,3,4,3,3,3,1,1,1,0,0,1,1,1,0,0,3,3,3,3,2,2,3,2,0,0,1,1,0,0,8,8,8,7,8,8,8,8,1,1,1,4,1,3,1,2,2,2,3,4,1,4,3,2,4,4,3,3,4,4,4,3,2,2,4,3,1,4,4,3,3,1,3,4,3,3,2,1,0,4600000.0
312,2,3,3,4,3,4,4,3,3,4,4,3,4,3,3,3,4,4,4,4,3,4,4,3,3,4,3,3,3,3,3,1,0,0,0,1,0,1,1,3,3,3,2,2,3,3,2,3,2,0,1,0,1,1,1,7,7,7,8,7,7,6,8,1,1,2,4,2,3,1,2,2,1,3,4,2,4,4,2,4,4,3,4,3,3,3,3,2,2,4,4,1,3,3,3,4,2,4,3,3,3,1,2,0,7500000.0
313,2,3,2,3,4,3,3,2,3,3,2,2,3,2,3,3,2,3,4,3,3,2,3,3,2,2,2,4,4,4,3,1,1,0,1,1,1,0,0,0,0,2,2,0,0,0,1,1,0,1,1,2,0,0,0,7,7,7,7,7,7,7,7,1,1,2,4,1,4,1,1,2,1,4,4,1,4,4,1,4,4,1,4,4,4,4,1,1,1,4,4,1,4,4,1,4,1,4,1,4,4,1,4,0,4000000.0
314,2,3,2,4,3,4,4,3,4,4,3,2,3,2,3,3,2,3,4,3,3,2,4,4,3,3,3,3,3,3,2,1,1,0,1,1,1,0,1,1,0,1,1,2,0,2,0,2,2,1,1,2,2,1,2,7,7,7,7,7,7,7,7,1,1,2,4,1,4,1,1,2,1,4,4,1,4,4,1,4,4,1,4,4,4,4,1,1,1,4,4,1,4,4,4,1,1,4,1,4,4,1,4,0,7000000.0
315,1,3,3,3,3,4,4,3,3,3,3,3,2,2,4,2,3,3,2,3,3,4,4,4,3,3,3,2,3,2,3,1,1,0,0,0,0,2,0,1,0,0,2,3,0,2,1,4,2,0,0,0,0,0,0,5,5,4,4,3,4,4,5,1,2,2,2,1,1,1,1,3,1,3,4,2,4,3,2,4,4,4,3,3,4,2,2,2,2,4,3,2,4,4,4,3,1,4,2,3,4,4,3,0,2500000.0
316,1,3,2,3,4,3,3,2,3,3,2,2,3,2,3,3,2,4,4,3,3,2,3,3,2,3,3,3,3,3,2,1,1,1,1,1,1,0,0,0,0,2,2,0,0,0,1,0,0,1,1,2,0,0,1,6,6,6,6,6,6,6,6,1,1,1,4,1,4,1,1,2,1,4,4,1,4,4,1,4,4,1,4,4,4,4,1,1,1,4,4,1,4,4,1,4,1,4,1,4,4,1,4,1,3700000.0
317,1,3,4,2,3,3,3,4,3,3,4,3,3,4,4,3,4,3,3,4,4,3,4,3,4,3,4,3,4,3,4,1,1,0,1,0,1,0,0,1,1,2,3,3,3,2,3,3,1,0,0,1,1,0,1,6,6,6,6,6,6,6,6,1,1,1,2,3,2,1,1,2,2,3,4,1,4,4,1,4,3,3,4,4,4,3,3,2,2,4,4,1,3,3,4,4,1,4,4,3,4,2,1,0,5000000.0
318,1,3,2,3,4,4,4,3,4,4,3,3,3,3,4,4,3,4,4,4,4,3,3,3,2,3,3,4,4,4,3,0,0,0,1,1,1,1,0,0,0,2,2,0,0,0,1,0,0,1,1,1,0,0,0,8,8,8,8,8,8,8,8,1,1,1,2,4,1,4,1,2,1,4,4,1,4,4,1,4,4,1,4,4,4,4,1,1,1,4,4,1,4,4,4,4,1,4,1,4,4,1,4,0,3800000.0
319,2,3,2,3,4,3,3,2,3,3,2,2,3,3,4,4,3,4,4,3,3,2,2,2,2,3,3,3,3,3,2,1,0,0,1,1,1,1,0,0,0,2,2,2,0,0,0,0,0,1,1,0,0,0,0,6,6,6,6,6,6,6,6,1,1,2,4,1,4,1,1,2,1,4,4,1,4,4,1,4,4,1,4,4,4,4,1,1,1,4,4,1,4,4,1,4,1,4,1,4,4,1,4,0,6500000.0
320,2,3,2,3,3,4,4,3,4,4,3,2,3,2,3,3,2,3,4,3,3,2,2,2,2,2,2,3,3,3,2,1,1,1,1,1,1,1,0,0,0,2,2,0,0,0,1,1,0,1,1,1,0,0,0,8,8,8,8,8,8,8,8,1,1,2,4,1,4,1,1,2,1,4,4,1,4,4,1,4,4,1,4,4,4,4,1,1,1,4,4,1,4,4,1,4,1,4,1,4,4,1,4,0,3500000.0
321,1,3,4,3,4,4,4,3,4,4,3,3,3,2,3,3,2,3,4,3,3,2,3,3,2,2,2,3,3,3,2,1,1,1,1,1,1,0,1,0,0,0,2,2,0,0,0,0,1,1,1,1,1,2,2,7,7,7,7,7,7,7,7,1,1,1,4,1,4,1,1,2,1,4,4,1,4,4,1,4,4,1,4,4,4,4,1,1,1,4,4,1,4,4,1,4,1,4,1,4,4,1,4,0,4000000.0
322,1,4,3,4,4,4,4,4,3,3,3,3,4,4,3,3,4,3,3,4,3,2,3,4,4,3,3,4,3,3,4,1,1,1,1,1,1,1,0,1,0,3,2,2,3,3,2,2,1,1,0,1,1,0,0,6,6,6,6,5,7,7,7,1,1,2,4,1,3,1,1,1,2,3,4,2,4,4,1,4,4,3,3,4,4,4,3,1,1,4,4,1,3,4,3,3,1,3,3,3,3,2,2,0,3000000.0
323,2,3,3,3,4,3,3,3,3,4,3,4,3,3,4,4,3,4,3,3,4,3,3,3,4,3,4,3,3,3,3,1,1,1,1,0,1,0,1,0,1,1,3,3,3,3,3,2,0,1,1,1,1,1,1,9,9,9,8,8,7,8,8,1,2,2,4,1,4,1,2,1,2,3,4,1,4,3,1,3,3,4,4,4,4,4,1,1,1,4,4,1,4,4,4,4,1,4,3,3,4,1,1,0,5000000.0
324,1,3,4,4,3,3,3,4,3,4,3,3,4,3,4,3,3,3,3,3,3,3,3,3,4,3,3,3,3,4,3,1,1,1,1,1,1,1,0,0,0,0,2,2,2,4,3,2,0,0,0,1,1,1,0,8,8,8,7,7,8,7,8,2,2,1,3,1,3,2,2,2,2,4,4,2,4,4,2,3,3,3,3,4,4,4,1,2,2,4,3,2,3,4,3,4,2,4,4,4,3,1,2,0,5800000.0
325,2,1,1,0,2,1,2,1,0,0,1,0,1,2,0,2,2,2,1,1,0,2,2,2,1,1,0,0,0,1,0,3,2,3,3,3,2,2,4,4,4,3,3,4,3,3,2,3,3,2,3,3,4,4,3,7,8,7,8,8,8,8,8,2,2,2,4,2,4,2,2,1,2,4,3,2,4,3,2,3,4,4,3,3,3,4,3,2,1,1,4,2,3,3,3,4,1,3,3,4,4,2,2,0,5100000.0
326,2,3,4,3,3,3,3,3,3,3,3,3,4,4,3,3,3,3,3,3,4,3,3,3,3,3,3,3,4,3,3,1,1,0,1,2,2,0,0,1,1,1,2,2,3,3,3,1,0,3,3,2,4,2,3,8,8,8,8,8,8,9,9,2,1,2,4,1,4,1,1,2,2,3,4,1,4,4,2,4,3,3,4,4,4,4,1,2,1,4,4,1,4,4,4,3,1,4,4,3,4,2,2,0,6800000.0
327,1,3,2,3,3,3,3,2,3,3,3,3,3,3,4,4,3,4,3,4,4,3,3,3,3,2,3,3,3,3,2,1,1,0,1,1,1,0,1,0,0,2,2,0,0,0,0,1,1,1,1,1,2,2,2,9,9,8,8,8,8,8,8,1,1,2,2,4,1,4,1,1,2,4,4,1,4,4,1,4,4,1,4,4,4,4,1,1,1,4,4,1,4,4,4,4,1,4,1,4,4,1,4,0,8000000.0
328,1,3,4,3,3,3,4,3,3,3,3,3,3,3,4,4,3,4,4,3,3,3,3,3,3,3,3,3,4,3,3,1,1,1,1,1,0,0,0,1,0,1,2,1,1,0,1,0,1,1,0,0,2,0,1,8,8,8,7,7,7,7,7,2,2,2,4,1,4,1,2,2,2,4,4,2,4,4,2,4,3,4,4,3,3,4,2,2,1,4,4,2,4,2,2,4,2,4,4,4,4,2,1,0,8000000.0
329,2,3,2,3,3,3,3,2,3,3,2,2,3,3,4,4,3,4,4,3,3,2,2,2,2,3,3,3,3,3,2,1,1,0,1,1,1,1,0,0,0,0,2,2,1,0,0,1,1,1,1,1,0,0,0,7,7,7,7,6,6,6,6,1,1,2,4,1,4,1,1,2,1,4,4,1,4,4,1,4,4,1,4,4,4,4,1,1,1,4,4,1,4,4,4,4,1,4,1,4,4,1,4,0,7500000.0
330,1,3,4,4,4,3,3,3,3,3,3,3,4,3,4,3,3,4,3,3,3,4,3,3,3,3,3,3,3,3,3,3,3,3,4,3,4,3,4,3,3,3,3,3,3,3,4,4,4,1,1,1,1,0,0,8,9,8,8,8,8,9,8,2,2,1,4,1,4,1,2,2,2,4,4,1,4,4,1,4,3,3,3,3,4,3,2,1,1,4,4,2,4,3,4,2,2,2,4,3,4,3,2,1,4000000.0
331,2,3,4,4,3,3,3,3,3,4,4,3,3,4,4,4,4,4,3,3,3,3,4,4,3,3,3,4,3,3,4,1,1,1,0,0,0,1,1,0,0,0,1,1,0,1,1,1,1,1,1,1,0,0,0,8,8,8,7,7,8,8,8,1,1,1,4,1,4,1,1,1,1,4,4,1,4,4,1,4,4,4,4,4,4,4,1,1,1,4,4,1,4,4,4,4,1,4,4,4,4,1,4,0,4000000.0
332,2,3,4,4,3,2,2,3,3,3,2,3,2,2,3,3,2,2,2,3,3,3,4,4,3,3,3,4,3,3,4,1,1,1,0,0,0,1,1,0,0,0,1,1,0,1,1,1,1,1,1,1,0,0,0,8,8,8,8,8,8,8,8,1,1,1,4,1,4,1,1,1,1,4,4,1,4,4,1,4,4,4,4,4,4,4,1,1,1,4,4,1,4,4,4,4,1,4,4,4,4,1,4,0,8000000.0
333,1,3,4,4,3,3,3,4,4,3,3,3,4,3,3,3,4,4,4,3,3,3,4,4,3,3,3,4,3,3,4,1,1,1,0,0,0,1,1,0,0,0,1,1,0,1,1,1,1,1,1,1,0,0,0,8,8,8,8,8,8,8,7,2,2,2,3,3,1,2,2,2,3,3,2,3,1,4,2,4,4,4,3,3,2,3,3,3,2,4,2,2,2,2,3,2,2,3,4,4,4,4,4,0,3500000.0
334,1,1,1,1,1,1,1,1,0,1,1,2,2,2,1,1,2,0,0,0,0,1,1,1,0,1,0,1,2,1,2,3,3,3,3,3,4,4,2,2,2,3,3,4,4,4,4,4,2,2,2,2,2,3,3,4,4,2,1,2,3,1,1,1,2,1,3,1,4,1,3,1,1,4,4,1,4,4,1,4,4,4,3,4,4,4,1,3,1,1,3,1,3,1,3,3,4,1,4,4,2,3,4,0,6300000.0
335,1,4,4,4,4,3,3,4,3,3,3,4,4,3,3,3,3,3,3,3,3,4,4,3,2,3,3,3,3,4,3,3,3,3,3,3,2,3,3,4,4,4,2,2,2,3,3,3,3,3,2,2,2,3,3,4,4,3,4,5,4,3,4,1,1,4,1,1,3,4,4,1,1,2,1,3,4,1,4,3,1,3,3,3,4,4,3,2,1,4,3,1,4,4,2,4,2,4,4,3,2,2,2,0,5200000.0
336,2,3,3,2,3,3,3,4,4,3,3,3,4,3,3,3,3,4,3,4,3,3,3,4,3,3,4,3,3,3,2,3,3,3,1,1,1,1,0,0,0,2,3,2,3,2,2,2,2,1,1,0,1,0,1,7,6,6,6,5,7,6,7,2,1,1,2,2,1,1,1,1,2,2,3,4,1,4,4,2,4,3,4,4,4,3,2,2,2,4,3,1,4,3,4,3,1,4,4,3,3,2,1,0,8000000.0
337,2,4,3,3,4,3,3,3,3,3,3,4,3,4,3,3,4,4,4,4,4,4,3,2,2,3,3,3,2,3,3,1,1,0,1,1,0,1,1,0,0,2,2,3,3,2,3,3,2,0,1,0,0,1,1,8,8,7,8,8,7,8,8,1,1,1,4,1,3,1,1,1,2,4,4,1,4,4,1,4,4,4,3,1,2,1,3,4,1,4,3,1,3,4,3,4,2,4,4,3,3,1,1,0,5900000.0
338,1,4,3,3,3,4,3,4,4,3,4,3,4,4,3,3,4,4,3,4,4,4,3,2,3,3,3,4,3,4,4,1,1,1,1,1,1,0,0,0,1,2,2,2,2,3,3,3,1,1,1,0,0,1,1,9,9,8,9,8,9,9,9,1,1,2,4,2,2,2,2,2,2,3,4,1,4,4,2,4,3,3,4,3,3,3,3,2,1,4,4,2,4,3,2,3,1,4,3,3,3,2,1,0,5000000.0
339,2,2,2,2,2,2,2,2,1,1,2,2,1,1,1,1,2,2,2,2,2,3,3,3,3,3,3,2,2,3,2,1,1,1,1,1,1,3,2,2,2,2,3,3,3,3,3,3,3,3,3,3,1,1,1,7,8,8,8,5,8,8,8,2,1,2,4,2,3,1,1,2,2,3,4,1,4,4,2,4,3,3,4,4,4,3,3,2,2,4,4,2,4,3,2,4,1,4,3,3,3,2,2,1,6000000.0
340,1,2,3,3,4,4,3,4,3,4,3,4,3,2,3,4,4,4,4,3,3,4,2,4,2,2,2,1,4,3,4,2,0,0,0,0,0,0,2,0,0,2,0,2,2,0,0,2,0,0,0,0,0,0,0,8,5,3,3,7,5,3,6,2,4,4,3,2,3,4,1,2,1,1,4,2,3,4,2,3,3,4,4,3,4,4,2,2,2,4,2,2,1,4,3,4,4,2,4,1,3,3,4,0,4000000.0
341,1,3,2,3,2,3,4,4,2,2,3,3,4,4,3,4,4,3,3,2,3,4,3,4,3,4,3,3,3,4,3,2,2,1,0,0,0,0,0,2,1,2,2,3,1,1,2,2,0,2,2,1,1,0,0,3,2,3,2,2,2,1,1,2,4,3,3,2,2,2,2,3,2,3,3,1,2,3,2,3,3,2,2,3,4,3,3,3,2,3,3,3,3,4,3,3,3,2,2,3,2,3,3,0,4000000.0
342,1,3,2,3,3,4,3,2,3,3,2,2,3,2,3,3,2,4,4,4,4,3,4,3,3,3,3,3,3,3,2,1,1,0,1,1,1,0,0,1,1,2,2,1,0,0,0,1,1,1,1,1,2,2,2,7,7,7,7,7,7,7,7,1,1,2,4,1,4,1,1,2,1,4,4,1,4,4,1,4,4,1,4,4,4,4,1,1,1,4,4,1,4,4,4,4,1,4,1,4,4,1,4,0,5000000.0
343,2,2,2,2,4,4,3,4,2,2,4,4,3,2,3,4,4,4,3,3,2,3,1,3,1,2,1,2,3,4,2,0,0,0,1,0,0,0,1,0,0,1,2,1,0,2,2,1,0,0,0,0,0,0,0,7,8,7,10,10,7,9,10,2,2,2,3,2,3,2,2,2,2,3,3,2,3,2,1,3,3,3,3,3,4,3,2,3,2,3,3,2,3,3,4,3,1,4,4,4,3,2,3,0,5000000.0
344,1,3,3,3,3,4,4,3,3,4,4,3,3,3,3,4,3,3,4,3,4,3,4,3,3,3,3,3,3,4,3,1,1,0,1,1,1,2,2,2,2,0,0,0,1,1,0,2,1,0,1,2,2,0,2,8,8,8,7,7,8,8,8,2,2,1,3,1,4,1,1,2,1,4,4,3,1,4,4,1,4,4,4,4,3,4,2,1,2,4,4,1,3,3,4,3,4,1,3,4,4,4,1,0,6000000.0
345,2,4,3,3,4,4,4,4,4,3,3,3,2,1,2,4,4,4,4,3,3,4,2,4,2,2,2,1,4,3,4,2,0,0,0,0,0,0,1,1,0,2,0,2,1,0,0,2,0,0,0,0,0,0,0,6,5,5,3,7,3,4,6,2,4,4,3,2,3,3,1,1,2,4,2,2,4,4,1,3,3,3,3,4,3,3,2,2,2,3,1,2,2,4,3,4,2,2,3,3,3,3,4,0,7500000.0
346,2,2,2,3,3,4,4,4,2,2,3,3,4,4,3,4,4,3,3,2,3,4,3,4,3,4,4,3,3,4,3,2,2,1,0,0,0,0,0,1,2,2,3,1,1,2,2,1,2,2,2,1,1,0,0,7,9,7,10,7,8,7,7,2,4,3,3,2,2,2,2,3,2,3,3,3,2,3,2,3,3,2,2,3,3,4,3,3,2,3,3,2,2,3,4,3,3,3,2,2,3,3,3,0,5000000.0
347,1,1,1,1,1,1,1,1,2,2,1,2,0,1,3,2,1,1,2,2,2,0,0,1,0,1,0,0,1,2,1,2,3,3,2,2,2,3,4,3,4,3,4,4,3,3,3,3,2,3,3,3,3,3,3,3,7,4,3,3,2,6,5,1,1,1,4,1,4,1,1,2,1,4,4,1,4,4,1,4,4,1,4,4,4,4,1,1,1,4,4,1,4,4,4,4,1,4,1,4,4,1,4,0,4500000.0
348,2,2,2,2,2,4,4,4,2,2,4,4,3,2,3,4,4,3,3,2,3,4,3,4,3,4,4,2,3,4,2,0,0,0,1,1,0,0,0,1,0,0,2,3,1,1,2,2,0,2,0,1,1,0,0,7,6,10,7,10,4,7,7,2,4,3,3,2,2,2,2,3,2,3,3,1,2,2,1,3,3,3,3,3,4,3,3,3,3,2,3,3,2,3,3,4,3,3,3,4,4,3,2,0,6000000.0
349,1,3,2,3,4,2,2,2,2,3,3,2,2,3,2,3,3,2,3,4,4,3,3,3,2,3,3,4,4,4,3,0,0,0,1,1,1,0,0,0,0,2,2,0,0,0,0,1,1,2,2,1,2,1,1,6,6,6,6,6,6,6,6,1,1,2,4,1,4,1,1,2,1,4,4,1,4,4,1,4,4,1,4,4,4,4,1,1,1,4,4,1,4,4,1,4,4,1,4,1,4,1,4,0,4000000.0
350,1,4,3,3,3,3,4,4,4,3,4,3,3,2,2,3,3,4,4,4,3,4,2,3,2,3,2,1,3,4,3,1,0,0,0,0,0,0,1,1,0,2,0,2,3,0,0,2,0,0,0,0,0,0,0,6,5,5,3,5,3,5,6,2,4,3,3,2,3,3,1,1,2,4,4,3,3,3,3,3,4,3,4,4,3,3,2,1,2,3,1,2,2,3,4,4,2,3,4,4,4,3,3,0,4000000.0
351,2,2,2,2,4,4,3,4,2,2,4,4,3,2,3,4,4,4,3,3,2,3,1,3,1,2,1,2,3,4,2,0,0,0,1,0,0,0,1,0,0,1,2,1,0,2,2,1,0,0,0,0,0,0,0,7,7,7,8,3,6,7,7,2,2,2,3,2,3,2,2,2,2,3,3,2,3,2,1,3,3,3,3,3,4,3,2,3,3,3,3,2,3,3,4,3,1,4,4,4,3,2,3,0,7000000.0
352,2,2,2,3,3,4,4,4,2,2,3,3,4,4,3,4,4,3,3,2,3,4,3,4,3,4,4,3,3,4,3,2,2,1,0,0,0,0,0,2,1,2,2,3,1,1,2,2,0,2,2,1,1,0,0,7,7,9,7,10,4,7,9,2,4,3,3,2,1,1,2,3,2,3,3,1,2,3,2,3,3,2,2,3,4,3,3,3,2,3,2,2,3,4,3,3,3,2,2,3,3,3,3,0,5500000.0
353,1,3,2,2,4,4,3,4,2,2,4,4,3,2,3,4,4,4,3,3,2,3,1,3,1,2,1,2,3,4,2,0,0,0,1,0,0,0,1,0,0,1,2,1,0,2,2,1,0,0,0,0,0,0,0,7,6,7,9,10,4,9,10,2,2,2,3,2,3,2,2,2,2,3,3,2,3,2,1,3,3,3,3,3,4,3,2,3,2,3,3,2,3,3,4,3,1,4,4,4,3,2,3,0,3500000.0
354,2,2,2,2,4,4,3,4,2,2,4,4,3,2,3,4,4,3,3,3,2,3,1,3,1,2,1,2,3,2,1,0,0,0,1,0,0,0,0,0,1,0,2,1,0,2,2,1,0,0,1,0,2,2,2,7,8,9,7,4,4,7,9,2,2,2,3,2,3,2,2,2,2,3,3,2,3,2,1,3,3,3,3,3,4,3,2,3,2,3,3,2,3,3,4,4,1,4,4,4,4,2,3,0,4000000.0
355,2,3,2,2,3,4,3,4,2,2,4,4,3,2,3,4,4,4,3,3,2,3,3,3,3,3,3,3,3,2,2,0,0,0,0,0,0,0,0,0,0,0,0,1,0,1,1,1,1,0,1,1,0,0,0,7,8,7,9,10,6,7,10,2,2,2,3,2,3,2,2,2,2,3,3,2,3,2,2,3,3,3,3,2,2,2,3,3,2,2,3,2,2,2,3,3,3,3,3,3,3,2,3,0,5000000.0
356,2,4,2,3,3,4,2,4,4,3,3,3,2,1,3,2,2,2,3,4,4,2,1,1,1,1,1,1,2,2,2,1,0,1,1,1,0,1,1,1,1,1,1,3,1,3,2,2,1,3,2,2,1,1,3,8,6,5,3,7,4,4,6,1,4,4,4,1,4,4,1,1,2,2,4,2,4,4,2,3,3,4,4,4,3,3,2,2,2,4,2,2,1,3,4,4,2,3,2,4,4,3,4,0,8000000.0
357,2,4,2,2,4,4,3,4,3,3,3,3,4,4,3,4,4,4,3,3,2,3,1,3,1,2,2,2,3,4,2,0,0,0,1,0,0,1,0,2,1,2,2,3,1,1,2,2,0,2,2,1,1,0,0,7,8,7,10,10,4,7,7,2,2,2,3,2,3,2,2,3,2,3,3,1,2,3,2,3,3,2,2,3,4,3,2,3,2,3,3,2,3,3,4,3,3,2,2,3,3,3,3,0,6000000.0
358,2,2,2,2,4,4,3,4,3,3,4,4,3,2,3,4,4,4,3,3,3,3,3,3,3,3,3,3,3,4,4,0,0,0,1,0,0,0,1,0,0,1,2,1,0,2,2,1,0,1,1,1,1,1,1,7,7,8,7,9,5,9,10,2,2,2,3,2,3,2,2,2,2,3,3,2,3,2,1,3,4,4,3,3,3,3,1,1,2,3,4,1,4,4,3,3,4,4,4,3,4,2,2,0,4000000.0
359,1,3,3,4,3,3,3,4,3,4,3,3,3,3,4,4,3,3,4,3,3,3,4,2,3,4,3,3,4,3,3,1,1,1,1,1,0,0,0,1,1,2,2,3,2,2,3,2,1,0,1,0,0,1,1,8,7,7,8,7,7,7,7,1,2,2,4,2,3,1,2,2,3,3,4,1,4,4,1,4,4,3,3,4,4,3,3,2,2,4,4,1,2,3,4,3,1,4,4,3,3,2,2,1,4000000.0
360,2,2,2,3,3,4,4,4,2,2,3,3,4,4,3,4,4,3,3,2,3,4,3,4,3,4,4,3,3,4,3,2,2,1,1,1,1,1,1,2,1,2,2,3,1,1,2,2,0,2,2,1,1,0,1,7,6,7,8,8,7,7,10,2,4,3,3,2,2,2,2,3,2,3,3,1,2,3,2,3,3,2,2,3,4,3,3,3,2,3,2,2,3,4,3,3,3,2,2,3,3,3,3,0,5500000.0
361,1,3,3,3,4,3,4,4,4,4,3,3,2,2,3,3,3,4,4,3,2,4,2,4,1,2,2,4,3,4,2,2,0,0,1,0,0,0,1,1,0,1,0,1,1,0,0,2,0,0,1,1,0,0,0,8,7,5,3,5,3,5,6,2,4,4,4,2,3,3,1,1,2,1,4,2,3,3,4,3,3,4,4,4,3,3,2,2,1,3,1,2,2,3,4,4,2,3,2,4,4,4,3,0,3500000.0
362,2,3,3,4,3,3,4,3,4,4,4,4,4,4,4,3,3,4,4,4,4,3,3,3,3,3,3,3,3,3,3,1,1,1,1,1,0,0,0,1,0,0,0,1,0,1,1,0,0,0,1,1,0,0,0,8,8,7,7,7,7,7,7,2,2,2,4,1,3,1,1,1,1,3,3,1,4,4,1,4,3,3,3,3,3,4,3,2,2,4,4,2,4,3,3,4,1,4,3,3,3,1,1,0,7800000.0
363,1,4,3,3,3,4,4,3,3,4,3,3,4,3,3,3,3,3,3,3,4,3,4,3,4,3,2,2,3,3,4,1,0,0,1,0,1,0,1,1,0,2,3,2,0,3,2,2,2,0,0,1,1,0,1,8,8,8,8,7,8,7,7,2,1,2,4,2,3,1,2,2,2,1,3,4,2,4,4,2,4,4,4,3,4,4,3,2,1,4,3,1,4,3,3,4,1,3,4,3,3,1,2,0,5300000.0
364,2,4,3,3,4,4,4,4,4,3,3,3,4,3,4,3,4,4,4,4,4,3,2,3,3,4,3,4,3,3,4,1,0,0,0,0,1,1,0,0,0,2,3,3,3,2,2,3,1,1,0,0,0,0,1,5,6,6,6,6,6,6,6,1,1,1,3,1,3,1,1,1,2,3,4,2,4,4,2,4,4,3,4,4,4,4,4,2,2,4,4,1,4,4,4,4,1,4,3,4,3,1,2,0,3000000.0
365,2,3,4,3,3,3,3,3,4,4,4,3,3,4,3,4,4,3,4,4,4,3,3,2,3,4,3,2,3,4,3,1,0,1,0,0,1,1,0,1,1,2,2,3,2,3,3,2,1,1,1,0,0,0,0,5,7,6,6,5,5,6,6,2,2,2,3,2,1,2,1,1,2,3,4,1,4,4,2,4,3,3,4,4,4,3,3,2,2,4,3,1,3,3,4,3,1,3,4,3,3,2,2,0,7000000.0
366,1,4,4,3,3,4,4,3,3,4,4,3,3,4,4,4,4,4,3,3,4,4,4,3,4,4,4,4,4,4,4,1,0,0,1,0,0,0,0,0,0,0,2,1,0,2,0,1,0,0,0,0,0,0,0,7,6,6,7,6,5,6,6,1,2,2,4,3,2,2,1,2,2,3,4,1,4,4,1,4,3,4,4,4,4,3,3,2,2,4,4,2,3,4,4,4,1,3,3,3,3,2,2,0,4500000.0
367,2,3,3,4,3,4,4,3,3,3,3,3,3,3,3,3,3,3,3,1,1,1,0,0,0,3,3,4,3,4,3,3,3,3,3,3,3,3,4,3,3,3,3,4,3,4,3,3,3,0,1,2,1,1,0,7,7,7,7,8,9,8,8,1,2,2,3,2,4,2,1,1,2,4,4,2,4,4,1,3,4,4,4,2,2,1,4,4,1,4,4,1,4,3,4,3,2,4,3,4,3,2,2,0,3000000.0
368,1,1,1,0,0,1,1,1,1,0,0,2,2,1,0,2,0,1,2,1,0,1,0,1,1,1,0,1,2,0,2,3,3,3,4,3,2,3,3,2,3,4,4,4,4,4,4,4,2,2,2,3,3,3,3,7,8,7,7,7,7,7,7,2,1,1,3,1,3,1,1,2,1,3,4,2,4,1,4,4,3,3,3,3,3,3,1,1,1,4,4,1,4,4,4,4,1,4,4,3,4,1,1,1,3500000.0
369,2,1,1,1,1,1,1,1,1,1,1,0,0,0,0,0,0,0,1,1,1,2,1,1,1,2,2,2,2,2,1,3,3,2,4,3,3,3,3,2,3,3,3,2,2,3,2,2,4,4,4,4,4,4,4,8,8,7,7,8,8,7,7,1,1,1,4,1,4,2,1,1,2,4,4,2,4,4,1,4,4,3,4,4,4,3,2,1,1,4,4,2,4,3,3,3,1,4,4,4,2,2,2,1,4500000.0
370,2,3,3,3,4,4,4,3,3,3,3,3,3,3,4,3,3,3,3,4,3,3,3,4,3,3,3,3,3,3,4,1,1,1,1,1,1,0,1,0,1,3,3,3,3,3,3,2,1,1,1,0,1,0,0,9,9,8,9,8,8,8,8,2,2,2,4,1,4,1,2,1,1,4,3,1,4,4,1,4,3,3,3,4,4,4,1,1,1,4,4,1,4,3,4,3,1,4,3,4,4,2,1,0,6000000.0
371,1,2,0,1,2,2,2,1,2,1,3,3,1,3,3,1,1,2,2,2,1,3,3,3,2,1,1,2,2,1,2,2,1,2,1,2,1,3,2,3,3,3,1,2,2,1,2,2,2,1,2,2,3,3,3,4,4,4,4,3,3,4,4,2,2,2,3,1,3,2,2,1,2,3,4,1,2,2,2,3,3,4,3,3,4,4,1,1,2,4,4,3,2,2,4,3,2,4,4,4,4,4,3,0,4500000.0
372,2,3,3,3,3,4,4,3,4,3,3,3,4,4,3,3,4,4,4,3,4,3,2,3,4,3,3,3,4,3,3,4,3,4,3,3,2,3,2,4,2,2,4,4,4,4,4,4,2,2,3,2,3,3,2,7,7,6,7,7,7,7,7,1,2,2,4,1,3,1,1,1,1,3,3,1,4,4,2,3,3,3,3,3,3,3,3,2,1,4,4,2,3,3,4,4,2,4,4,3,3,2,1,0,5000000.0
373,2,2,2,2,2,2,2,2,1,1,2,2,1,1,1,2,1,0,2,1,1,2,1,1,0,0,0,0,0,0,0,3,3,2,4,3,3,2,3,3,2,4,4,4,4,4,4,4,3,3,2,2,3,3,2,7,7,7,7,7,4,4,4,1,2,2,3,4,3,3,2,2,2,4,4,2,4,4,2,2,2,2,4,3,4,4,1,1,1,4,4,2,4,4,4,3,2,4,4,4,2,2,2,0,6000000.0
374,1,3,2,3,4,2,3,4,1,2,1,4,2,1,3,4,4,2,3,4,4,3,4,4,2,3,2,4,2,4,1,1,2,0,2,1,1,0,2,2,4,2,4,4,3,4,3,3,2,1,3,2,1,3,2,7,7,4,4,7,2,2,5,2,2,2,3,2,1,2,1,2,1,3,1,1,1,2,2,2,3,1,2,2,4,3,2,1,2,4,3,3,3,4,1,3,2,3,4,3,3,2,3,0,500000.0
375,1,3,2,3,3,3,3,3,2,2,2,2,3,3,3,3,3,3,3,2,2,3,3,3,3,3,2,3,3,3,2,2,1,1,1,0,0,0,0,0,0,0,1,0,1,0,0,0,0,2,3,3,2,3,3,6,5,5,5,6,6,5,5,1,2,2,2,1,4,1,2,2,2,2,4,4,1,3,4,1,4,4,3,3,4,4,4,1,2,1,3,4,4,2,4,4,2,2,1,3,4,4,4,0,4000000.0
376,2,1,1,1,1,1,1,1,1,1,1,1,1,1,1,1,1,1,1,1,1,1,1,1,0,0,0,0,0,0,0,3,3,3,3,3,3,3,4,4,4,4,4,4,4,4,4,4,4,2,2,2,2,2,3,2,2,2,3,1,4,2,2,2,2,2,4,1,4,1,2,2,2,4,4,3,4,4,3,4,3,3,3,4,4,4,1,2,2,4,3,1,4,4,4,2,2,3,4,3,2,1,2,0,5500000.0
377,1,3,1,0,2,3,4,1,1,1,2,2,3,0,4,3,4,3,2,4,2,4,4,4,3,4,4,4,4,4,4,3,2,0,2,1,0,2,3,4,2,1,3,4,4,4,3,4,3,4,2,4,2,0,1,2,1,3,1,1,3,1,1,4,3,3,2,3,4,2,3,4,3,3,2,2,2,3,2,2,3,2,2,2,4,4,2,2,2,4,2,1,3,4,4,2,3,3,4,4,3,4,3,0,2000000.0
378,2,3,4,4,3,4,3,4,4,3,3,3,3,4,3,3,4,3,3,3,3,3,4,4,4,3,3,3,3,3,4,4,4,3,1,0,0,1,0,0,1,0,1,2,3,3,3,1,0,0,1,0,1,0,1,7,8,8,7,7,7,7,7,2,1,2,4,1,4,1,2,1,1,3,4,2,3,4,2,3,4,4,4,4,3,4,2,2,1,4,4,1,4,4,3,4,1,4,4,4,4,2,1,0,4800000.0
379,2,3,2,1,4,4,4,4,4,4,4,4,2,2,3,4,4,4,4,4,4,4,4,4,3,4,3,3,3,4,4,1,1,1,0,0,0,0,0,4,2,1,0,4,0,2,3,2,3,1,3,3,2,0,0,8,7,6,6,4,8,7,7,1,1,1,4,1,4,1,1,1,1,4,4,1,4,4,1,4,4,4,4,4,4,4,1,1,1,4,4,1,4,4,4,4,1,4,4,4,4,1,4,0,2500000.0
380,1,3,3,3,3,3,3,3,3,3,3,3,4,3,3,3,3,3,4,3,4,3,3,3,3,3,4,4,4,4,3,1,1,0,0,0,0,1,0,0,0,1,3,3,3,3,3,2,1,1,1,0,0,1,0,9,8,7,7,7,7,8,8,2,2,1,4,2,4,1,1,1,1,4,3,2,4,4,1,3,4,3,4,4,4,4,2,2,1,4,4,1,4,3,4,3,2,4,3,3,3,1,1,0,4000000.0
381,2,4,4,4,4,3,3,3,4,3,3,3,4,4,4,3,3,3,3,3,3,3,4,4,3,3,3,3,4,3,4,1,1,0,1,0,0,0,0,0,0,2,3,3,3,3,3,2,0,1,0,0,0,0,1,9,7,7,7,8,8,9,8,1,2,2,4,1,3,1,2,2,1,3,3,2,4,4,2,3,4,4,3,4,3,4,2,1,1,4,4,2,4,3,3,4,3,4,3,4,4,2,1,0,5000000.0
382,2,1,1,1,1,1,1,2,1,2,1,0,2,1,0,2,1,1,1,1,1,1,1,1,1,0,0,0,0,1,2,2,2,2,3,3,2,3,3,2,2,4,4,4,2,4,4,4,2,2,2,3,3,3,3,6,4,4,4,4,2,2,3,2,2,2,3,4,2,4,1,1,1,2,3,4,3,4,3,2,3,4,3,3,3,3,2,2,1,4,4,1,3,4,4,3,2,4,3,3,4,2,1,0,3000000.0
383,1,3,4,3,3,4,4,4,3,3,3,4,3,4,3,3,3,3,3,4,4,3,3,2,3,2,4,2,3,4,3,1,1,1,1,1,1,1,0,0,1,2,3,2,3,2,2,2,1,1,1,1,0,1,0,7,7,7,7,6,7,7,7,2,2,1,4,1,2,1,2,2,1,3,3,1,4,3,1,4,3,4,3,4,4,4,3,2,2,4,4,2,4,4,4,3,2,4,3,3,3,2,2,0,4600000.0
384,2,3,3,3,4,3,3,3,4,4,3,3,4,3,3,4,3,3,3,3,2,3,3,3,4,2,3,3,3,4,1,0,0,1,0,1,0,0,1,2,2,2,3,2,1,2,1,2,1,1,0,1,0,1,1,6,6,6,6,5,6,6,6,1,2,2,4,2,3,1,2,2,2,3,4,2,4,4,1,4,4,3,3,4,4,3,3,2,2,4,4,1,3,4,3,3,1,4,4,3,3,2,1,0,5500000.0
385,1,3,2,3,4,3,3,4,4,3,3,3,3,4,3,3,3,4,3,4,3,3,4,4,3,3,2,3,4,3,4,2,1,1,1,1,1,0,0,0,1,2,2,3,2,3,2,3,2,2,2,1,1,1,1,7,5,5,8,7,3,7,8,1,1,2,2,3,2,2,1,2,3,3,4,1,4,4,2,4,3,3,3,4,3,3,3,2,2,4,4,2,3,3,3,3,1,3,3,4,3,2,2,0,4000000.0
386,2,2,2,3,3,4,4,4,2,2,3,3,4,4,3,4,4,3,3,2,3,4,3,4,3,4,4,3,3,4,3,2,2,1,0,0,0,0,0,2,1,2,2,3,1,1,2,2,1,2,2,1,1,0,0,7,6,7,7,9,9,7,9,2,4,3,3,2,2,2,2,3,2,3,3,1,2,3,2,3,3,2,2,3,4,3,3,3,2,3,2,2,3,4,3,3,3,2,2,3,3,3,3,0,6500000.0
387,2,3,4,4,4,4,3,3,3,3,3,4,4,3,3,4,4,3,3,4,4,3,3,3,3,3,3,3,4,3,3,1,0,0,1,0,0,0,1,1,1,0,2,3,1,2,2,2,1,0,0,0,1,1,1,9,9,8,8,9,8,8,9,2,2,2,4,1,4,1,1,1,1,4,4,1,4,4,1,4,4,3,3,3,3,3,2,2,2,4,4,2,3,3,3,1,4,4,4,4,4,1,1,0,5300000.0
388,1,3,4,3,4,3,2,4,3,3,3,4,3,4,4,3,3,4,3,3,3,4,4,3,3,2,3,2,3,4,3,1,0,0,1,0,1,0,0,0,1,2,3,3,2,3,2,2,2,0,0,0,0,1,1,6,7,6,6,6,6,6,6,1,2,1,4,1,4,1,1,1,2,3,3,2,4,4,2,3,3,3,4,2,2,2,3,4,1,3,4,1,4,4,4,4,1,3,3,3,3,2,1,0,6200000.0
389,2,4,4,4,3,3,3,4,3,3,2,3,2,3,3,3,3,3,3,4,4,4,3,3,2,3,3,2,3,2,3,2,1,1,1,1,1,1,0,1,0,0,2,2,0,2,1,1,2,2,2,1,1,1,1,9,9,8,8,8,9,8,9,1,1,1,4,1,3,1,1,1,2,4,4,1,4,4,1,3,3,4,4,1,2,2,3,4,1,4,4,1,4,4,4,4,2,4,4,3,2,2,1,0,5400000.0
390,1,3,3,3,3,3,3,4,3,3,4,3,3,3,3,4,3,4,3,3,3,3,4,3,4,3,3,4,3,3,3,1,0,0,0,1,0,1,0,1,0,1,1,1,1,1,1,1,1,0,1,0,0,0,0,8,7,7,7,7,7,8,7,2,2,2,3,1,3,2,1,1,2,4,4,2,4,4,3,4,4,4,4,4,3,3,2,2,1,4,3,1,4,4,4,3,2,4,3,4,4,2,1,0,4800000.0
391,1,4,4,2,3,4,3,4,3,4,4,4,3,3,4,3,3,3,3,3,3,3,4,3,3,4,3,4,3,3,4,0,0,0,1,0,1,1,0,0,1,2,2,1,1,1,1,1,1,1,1,0,1,1,0,8,8,8,8,8,8,7,7,2,1,2,4,3,2,1,1,2,2,3,4,1,4,4,2,4,4,3,3,4,4,4,3,2,2,4,4,1,3,4,3,4,1,3,4,3,4,2,1,0,4000000.0
392,2,1,2,1,2,2,2,2,2,2,1,2,1,2,3,2,2,2,2,2,2,3,3,3,2,2,3,3,3,3,2,2,1,1,2,1,1,2,1,1,1,2,1,1,1,1,2,2,1,2,3,3,2,2,2,6,6,6,6,5,6,6,6,1,1,1,4,1,4,1,1,2,1,4,4,1,4,4,1,4,4,4,4,4,4,4,1,2,1,4,4,1,4,4,4,4,1,4,4,4,4,1,4,0,4500000.0
393,1,2,2,1,1,2,2,2,2,2,1,1,3,2,3,2,2,1,1,2,2,3,3,3,2,2,3,3,3,3,2,2,1,1,1,1,1,2,2,1,1,1,2,2,1,2,2,2,2,2,2,2,2,2,2,5,5,5,6,4,6,5,5,1,1,1,4,1,3,2,1,2,1,4,4,1,4,3,1,4,3,4,3,4,4,4,1,2,1,4,4,1,4,4,4,4,1,4,3,4,3,1,3,0,5000000.0
394,2,2,1,2,2,1,1,1,2,2,2,2,2,2,2,1,2,2,2,2,2,3,3,3,2,3,3,2,3,3,2,2,1,1,1,1,1,3,3,1,1,1,2,2,1,2,2,2,2,2,2,1,2,3,3,6,4,5,6,6,6,6,6,1,1,1,4,1,4,1,1,2,1,4,4,1,4,4,1,4,4,4,4,4,4,4,1,2,1,4,4,1,4,4,4,4,1,4,4,4,4,1,4,0,5500000.0
395,1,4,4,3,4,4,3,3,3,4,3,4,3,3,3,3,3,4,3,4,3,3,3,2,3,3,4,4,3,3,4,1,2,1,1,1,1,1,1,1,2,2,3,3,2,3,3,2,2,1,1,0,0,0,1,7,7,7,7,6,7,7,7,1,2,1,4,2,3,2,2,2,2,3,2,1,4,4,2,4,3,3,4,3,4,3,3,2,3,4,4,1,3,3,3,4,2,3,4,3,2,2,2,0,3500000.0
396,2,3,4,3,3,4,3,3,3,3,4,3,4,4,3,3,3,3,4,3,3,3,4,3,4,3,3,4,4,3,4,3,3,3,1,0,1,0,1,0,1,2,2,3,3,3,2,3,3,1,0,1,1,1,0,8,8,8,8,7,8,8,8,1,1,2,3,3,2,1,2,2,2,3,4,2,4,4,2,4,4,3,4,4,4,4,3,2,2,4,3,1,4,3,3,3,1,3,3,3,3,2,2,0,6500000.0
397,2,3,2,4,4,3,3,3,4,3,3,4,3,3,3,3,3,3,3,4,4,4,3,3,2,4,3,4,3,4,3,1,0,1,0,0,0,1,1,0,1,2,2,3,2,3,2,3,2,2,1,1,1,1,1,9,8,9,8,8,8,8,8,2,1,1,4,2,3,1,1,2,2,3,4,3,2,4,3,4,3,3,3,1,3,3,3,4,1,4,3,2,4,3,4,3,2,3,4,3,4,2,1,0,7000000.0
398,1,3,3,3,3,4,4,4,4,3,3,4,3,3,3,4,3,3,3,3,3,4,4,3,3,4,3,4,3,4,3,4,4,3,4,3,2,2,2,1,2,2,4,4,4,4,4,4,2,2,2,1,2,1,1,4,5,4,3,1,5,3,4,2,1,1,4,2,3,2,2,2,2,3,4,1,4,4,1,4,3,3,4,4,4,2,3,2,1,4,4,2,4,3,4,4,1,3,4,3,3,2,2,0,4000000.0
399,2,4,3,3,3,3,3,3,4,3,3,4,3,4,3,4,3,3,3,4,4,3,3,4,4,3,3,3,4,3,3,4,4,3,1,1,1,0,0,1,1,2,3,3,3,3,2,3,2,1,1,0,1,1,1,8,8,7,7,6,6,7,6,1,1,1,4,2,3,2,1,2,2,3,4,2,4,4,2,4,3,3,3,3,4,3,4,2,2,4,3,1,3,3,3,4,1,4,4,3,3,2,1,0,6000000.0
400,1,1,1,1,1,0,1,2,2,2,2,2,2,0,1,0,2,1,1,1,2,1,2,0,1,1,2,2,2,1,1,3,3,3,3,3,3,3,4,4,3,3,2,2,2,2,2,2,1,2,3,3,3,3,3,7,8,8,7,7,7,7,8,1,2,2,2,1,4,2,2,1,2,4,4,1,4,3,1,4,3,4,4,4,4,4,2,1,1,1,4,4,1,4,4,3,3,4,4,4,4,1,1,0,4000000.0
401,1,1,2,2,2,2,2,2,2,2,2,2,2,2,2,2,2,2,2,2,2,3,3,3,3,2,3,3,3,3,3,2,1,1,1,1,1,2,2,1,1,1,2,2,2,1,1,1,1,2,2,2,2,2,2,6,6,6,6,5,6,6,6,1,1,1,4,1,3,1,1,2,1,4,4,1,4,4,1,4,4,4,4,4,4,4,1,1,1,4,4,1,4,4,4,4,1,4,4,4,4,1,4,0,5000000.0
402,2,2,1,2,2,1,1,1,2,2,1,2,2,1,2,2,1,1,2,2,2,3,3,3,2,2,3,3,3,3,2,2,1,1,1,1,1,2,2,1,1,1,2,2,2,1,1,1,1,2,2,1,2,1,2,6,6,6,6,4,6,6,6,2,2,2,2,2,3,2,2,2,3,3,2,3,3,3,2,3,3,3,3,3,3,3,2,2,2,3,3,3,3,3,3,3,2,3,3,3,3,2,3,0,5000000.0
403,1,1,2,1,1,1,1,2,2,2,2,1,2,2,2,2,2,2,2,2,2,2,2,2,2,2,2,2,2,2,2,1,1,1,1,1,1,1,1,1,1,1,1,1,1,1,1,1,1,1,1,1,1,1,1,4,4,4,4,4,4,4,4,1,1,1,4,1,4,1,1,2,1,4,4,4,1,4,4,4,4,4,4,4,4,4,1,1,1,4,4,4,1,4,4,4,4,1,4,4,4,1,4,1,4500000.0
404,2,3,3,3,3,3,3,3,3,4,4,3,3,3,4,4,4,3,3,3,3,3,3,3,3,4,4,4,4,4,3,1,1,1,0,0,0,0,1,0,0,0,1,1,1,1,1,1,1,1,1,0,0,0,0,3,4,3,3,3,3,4,4,1,2,2,4,1,4,1,1,1,1,4,4,1,4,4,1,4,4,4,4,4,4,4,1,1,1,4,4,1,4,4,4,4,1,4,4,4,4,1,4,0,6000000.0
405,1,3,2,3,4,4,3,4,4,3,3,2,2,2,3,3,2,3,4,3,3,3,2,2,2,2,2,2,3,3,2,1,1,0,1,1,1,0,0,0,0,2,2,2,0,0,0,0,0,1,2,1,0,0,1,4,4,4,4,4,4,4,4,1,1,2,3,1,3,2,1,2,2,4,3,2,3,4,1,3,3,1,3,4,3,3,2,2,1,4,3,1,3,4,1,3,1,3,2,4,3,2,4,0,4500000.0
406,2,3,4,4,4,3,3,4,4,3,3,3,4,3,3,4,4,4,4,3,3,4,3,4,3,3,2,3,4,3,3,1,1,1,1,1,0,0,0,0,0,0,0,0,0,2,2,2,1,1,0,0,0,0,1,6,7,7,6,5,6,5,5,1,1,2,3,3,2,1,4,3,3,4,2,2,4,4,1,4,3,3,4,4,4,3,3,2,1,4,4,1,4,3,3,3,1,4,3,2,2,2,1,0,5000000.0
407,2,1,2,1,1,1,1,1,2,2,1,2,2,1,2,2,1,1,2,2,2,2,2,3,2,2,2,2,3,2,2,1,1,1,1,0,0,1,1,0,0,1,1,2,1,2,1,2,2,2,2,2,1,1,1,6,6,5,6,4,5,5,5,1,1,1,4,2,4,1,1,2,1,4,4,1,4,4,1,4,4,4,4,4,4,4,1,2,1,4,4,1,4,4,4,4,1,4,4,4,4,1,4,0,7500000.0
408,2,4,4,3,3,3,4,3,4,4,3,4,4,3,3,3,4,4,3,4,4,4,4,4,4,4,4,4,4,3,4,0,0,0,1,0,1,0,0,1,0,1,0,1,0,1,1,1,1,1,1,1,0,0,0,8,9,8,9,8,8,8,8,1,1,2,4,1,3,1,1,1,2,2,4,1,4,4,1,4,3,4,4,3,4,4,3,2,2,4,4,2,4,4,3,4,1,4,4,3,3,1,1,0,7000000.0
409,1,3,4,3,4,3,3,3,3,3,3,3,3,3,3,4,3,3,4,3,4,3,3,3,3,4,3,4,3,3,3,0,1,0,0,0,1,1,1,0,0,0,1,3,1,1,1,1,1,0,1,1,0,0,1,7,8,6,6,6,7,7,7,2,2,1,2,3,1,3,2,1,2,4,4,2,4,4,1,1,3,4,4,3,4,4,2,1,2,4,3,2,4,3,3,4,2,4,4,4,4,2,1,0,4100000.0
410,1,3,4,3,3,4,4,3,3,3,4,3,4,3,3,4,4,4,4,3,4,3,3,3,3,3,3,3,3,2,3,1,0,0,0,1,0,1,0,0,1,1,1,2,1,3,2,2,2,1,1,1,0,0,0,5,7,5,4,5,5,6,6,2,2,2,4,1,4,1,1,2,2,4,3,2,4,3,1,3,4,3,4,3,3,3,3,2,2,1,4,3,1,2,4,4,4,1,3,4,3,4,1,0,5100000.0
411,2,4,4,3,3,4,3,3,3,3,3,3,4,4,3,3,3,4,4,3,3,3,4,4,4,4,3,3,3,3,3,1,0,0,0,0,1,0,0,0,0,0,1,3,3,1,3,2,0,0,1,1,0,1,1,6,7,5,7,8,8,6,6,2,1,2,3,1,3,2,2,2,1,3,4,2,4,3,2,4,3,3,4,3,3,4,2,2,1,3,4,2,3,4,3,3,1,3,3,3,3,2,2,0,8500000.0
412,1,1,1,1,2,2,2,2,1,1,2,3,2,2,2,1,1,1,1,1,2,3,4,4,2,2,2,2,2,2,3,2,1,1,1,1,1,2,2,1,1,1,2,2,1,2,2,2,2,2,3,3,2,3,3,4,5,2,1,3,2,4,2,1,1,1,3,2,3,2,2,2,2,2,4,4,2,3,3,1,3,3,4,3,3,3,2,2,2,3,2,2,3,3,3,3,2,3,3,3,3,2,4,0,4000000.0
413,2,3,3,4,3,4,3,4,3,4,4,3,3,3,3,4,3,4,3,3,3,4,3,3,3,2,3,4,3,4,4,1,0,0,1,1,0,0,0,1,1,2,2,2,2,1,0,0,0,0,0,1,0,0,0,8,7,7,7,7,7,7,7,2,2,1,3,1,4,2,2,1,1,4,3,2,3,3,1,3,4,4,3,3,3,4,4,1,1,3,3,2,4,4,3,4,2,3,3,4,4,1,2,0,7000000.0
414,1,1,1,1,2,0,3,1,0,0,1,1,1,1,3,1,1,2,1,1,1,1,1,2,2,2,2,2,2,2,2,0,2,1,0,0,0,2,2,1,2,1,3,3,2,2,2,2,1,3,1,1,2,0,0,3,2,2,1,1,1,1,1,1,3,2,3,1,4,1,2,2,1,4,4,1,4,4,2,4,4,4,4,3,4,3,1,1,1,1,2,1,3,4,3,1,2,3,3,3,3,1,4,1,2000000.0
415,2,3,3,2,4,3,4,4,4,4,4,4,3,3,3,4,3,3,3,3,3,3,4,4,3,3,3,3,3,4,4,2,2,1,1,1,0,1,1,1,1,3,2,3,2,3,3,3,2,2,2,2,1,0,0,7,4,5,4,5,6,4,5,2,2,3,3,2,3,2,2,3,2,3,3,2,3,2,2,3,3,4,3,4,4,3,1,2,2,4,3,2,4,4,3,3,2,3,2,2,3,2,3,0,8000000.0
416,2,3,3,4,4,4,4,4,4,3,4,4,3,3,4,3,3,4,4,4,4,4,3,3,3,3,4,4,3,4,3,1,1,0,0,0,0,1,0,1,1,1,1,0,0,0,1,1,0,1,1,0,0,0,0,6,6,5,5,5,4,5,6,1,1,1,2,1,1,1,1,2,1,4,4,1,4,4,1,4,4,4,4,3,4,4,2,2,1,4,3,4,4,4,4,3,1,4,4,3,4,3,4,0,6370000.0
417,1,4,4,4,4,4,2,4,4,4,4,4,4,1,4,4,3,4,2,4,4,4,4,4,4,4,4,4,4,4,2,1,2,1,0,0,0,0,0,3,0,3,0,0,0,0,0,1,2,4,3,3,4,0,0,4,8,8,4,6,8,8,6,1,1,1,2,1,4,1,3,1,1,2,4,1,3,3,1,4,4,4,4,4,4,4,1,3,1,4,2,1,4,4,4,3,1,4,4,3,3,1,3,0,10000000.0
418,1,4,3,3,3,3,2,3,3,3,3,3,2,1,4,3,2,2,4,1,3,4,4,4,4,4,4,2,3,2,3,1,0,1,0,0,0,1,1,1,1,2,3,3,0,3,2,3,0,0,0,2,0,1,1,8,7,7,8,5,6,6,6,1,1,1,2,1,4,2,1,1,2,4,3,1,3,2,2,3,3,4,3,3,4,2,2,2,2,4,2,4,2,1,3,3,2,4,4,2,4,2,4,0,4000000.0
419,2,1,2,2,1,2,2,2,1,1,2,1,2,2,2,1,1,2,2,2,2,3,2,3,2,2,3,3,3,3,2,1,1,1,2,1,1,2,1,1,1,2,1,1,1,1,2,1,2,2,2,2,1,1,1,4,4,3,4,2,2,4,4,1,1,1,4,1,4,1,1,2,1,3,3,2,3,3,1,3,4,3,3,4,4,4,2,2,2,3,3,1,3,4,3,3,2,3,4,4,4,2,4,0,4000000.0
420,2,2,2,2,2,3,3,3,3,3,3,3,2,1,4,2,3,2,4,2,3,4,4,4,4,4,4,4,4,3,3,1,2,2,2,0,1,1,2,1,1,1,1,3,0,3,3,3,3,1,1,2,1,2,2,5,5,5,5,4,4,4,5,1,1,1,4,1,4,1,1,1,1,4,4,1,4,4,1,4,4,4,4,4,4,4,1,1,1,4,4,1,4,4,4,4,1,4,4,4,4,1,4,0,6000000.0
421,2,3,3,3,3,4,4,3,3,3,3,4,4,3,3,3,2,3,4,3,3,2,3,3,3,4,3,2,3,4,3,4,3,3,0,1,1,0,0,1,1,3,3,3,2,3,4,3,2,0,1,1,0,0,1,7,7,7,7,7,7,6,7,1,1,2,4,1,3,1,2,2,2,3,4,1,4,4,1,3,3,3,3,3,4,3,3,2,2,4,4,2,4,3,3,4,1,3,4,3,2,1,2,0,6500000.0
422,2,3,3,3,4,3,3,3,3,3,4,4,3,3,2,3,4,3,3,3,4,3,3,4,3,3,3,4,3,3,4,3,3,3,0,1,1,0,0,1,2,2,3,3,2,3,3,3,1,1,1,0,1,1,0,8,7,7,7,6,8,7,7,1,2,2,4,2,3,2,2,2,2,3,3,1,4,4,1,4,4,3,3,3,3,3,3,2,2,4,4,1,3,3,3,4,1,4,3,3,3,2,1,0,8000000.0
423,2,3,3,4,4,4,4,3,3,4,4,3,3,3,3,4,3,3,3,3,3,2,3,3,4,3,4,2,3,4,3,3,3,3,1,1,1,0,0,1,1,2,2,3,3,2,3,3,1,0,0,1,0,0,0,8,8,7,7,6,7,7,8,1,1,2,4,2,3,1,4,2,2,3,4,1,4,4,2,4,4,3,3,4,3,3,3,2,1,4,4,2,4,3,2,3,2,4,4,3,3,2,2,0,5500000.0
424,2,3,3,4,4,3,4,3,4,3,3,3,3,3,3,4,4,3,3,4,4,4,3,3,1,3,4,4,3,4,3,4,3,3,1,1,1,0,0,0,0,2,3,2,3,3,3,2,1,1,0,1,1,0,1,7,8,7,8,7,8,7,8,1,1,2,4,1,3,1,1,2,2,3,4,1,4,4,2,4,3,3,4,4,4,4,3,2,2,4,4,1,4,4,3,4,1,4,4,3,3,2,1,0,5600000.0
425,2,3,4,4,4,3,3,4,4,4,4,3,3,3,3,4,3,3,3,3,3,4,4,3,3,3,3,3,3,3,3,4,3,3,3,0,0,0,1,0,0,0,2,3,2,3,3,2,1,0,1,0,0,1,0,8,9,8,9,7,7,8,9,2,2,1,3,1,4,2,2,1,1,4,3,1,4,3,1,3,4,4,3,3,4,4,2,1,2,4,4,1,3,4,3,3,1,4,3,3,4,1,1,0,6400000.0
426,2,4,4,4,4,4,3,4,4,4,4,4,4,4,4,4,4,4,4,3,4,3,3,3,3,3,3,3,3,3,3,1,1,1,1,1,1,0,2,1,2,1,3,3,0,2,2,3,2,2,2,2,1,0,1,4,7,8,7,8,8,9,8,1,1,2,4,1,4,2,2,1,1,4,4,1,4,3,1,4,3,4,3,3,4,4,2,2,2,4,4,1,4,4,4,4,1,4,3,4,4,2,1,0,8000000.0
427,1,3,4,3,3,4,4,2,3,3,3,2,3,3,4,3,3,4,3,3,3,2,3,4,3,4,3,3,3,3,4,3,3,4,1,1,0,0,1,1,2,3,3,3,2,2,3,3,2,1,1,0,0,1,0,6,7,7,6,5,6,7,6,2,2,2,4,2,3,1,2,2,2,3,4,1,4,4,2,4,3,3,4,4,4,4,3,2,2,4,4,1,3,3,3,3,1,3,4,2,2,2,2,0,5500000.0
428,2,3,2,3,3,2,2,2,3,3,2,1,3,2,3,3,2,4,4,4,4,3,3,2,3,3,3,3,3,3,2,1,0,0,1,1,0,1,0,0,0,2,2,0,0,0,1,1,0,1,1,1,2,2,2,8,8,8,8,8,8,8,8,1,1,1,4,1,4,1,1,2,1,4,4,1,4,4,1,4,4,1,4,4,4,4,1,1,1,4,4,1,4,4,4,4,1,4,1,4,4,1,4,0,6000000.0
429,2,3,3,3,4,3,3,4,4,3,3,3,2,3,3,4,4,3,4,4,4,3,3,3,3,2,3,0,4,0,3,1,1,1,0,0,1,1,1,0,0,0,1,1,1,0,2,1,0,0,0,1,1,1,1,7,7,6,7,6,6,6,6,2,1,1,3,1,3,1,1,2,2,4,4,1,4,4,2,4,3,3,3,3,4,3,3,2,1,4,4,2,4,3,3,4,1,3,4,3,3,1,1,0,5000000.0
430,1,4,3,4,3,3,3,4,3,3,3,4,3,3,3,3,3,3,4,3,3,3,3,4,3,4,3,3,3,4,3,3,4,3,1,1,0,0,1,1,2,2,3,3,3,3,2,3,2,1,1,1,1,0,0,6,6,5,5,4,5,5,5,1,2,4,4,2,3,1,1,2,2,2,4,1,4,4,1,4,3,3,3,4,4,3,3,2,2,4,4,1,4,3,4,4,1,4,4,3,2,2,2,0,4500000.0
431,1,3,4,3,3,2,2,3,3,3,0,3,0,3,3,3,2,2,2,3,3,3,4,4,4,4,3,3,3,4,3,1,1,0,0,0,1,1,0,1,0,1,1,0,1,1,1,1,1,1,1,1,0,0,0,4,4,4,4,4,4,4,4,1,1,1,4,1,4,1,1,1,1,4,4,1,4,4,1,4,4,4,4,4,4,4,1,1,1,4,4,1,4,4,4,4,1,4,4,4,4,1,4,0,5000000.0
432,2,0,1,1,2,3,3,3,3,3,3,3,3,4,4,3,3,3,3,3,3,3,3,3,3,3,3,3,3,3,2,1,1,1,1,0,1,0,0,0,0,0,1,2,1,0,0,0,1,2,2,2,3,3,2,6,4,6,5,5,7,7,7,2,2,2,2,4,2,2,2,2,4,4,1,4,4,1,3,4,4,4,4,4,4,4,1,2,1,4,4,1,4,3,4,2,2,3,3,3,3,2,2,0,7500000.0
433,2,0,1,1,2,2,1,1,2,1,3,3,1,2,3,1,1,2,3,1,2,1,2,3,2,1,1,2,2,1,2,3,1,2,1,1,0,2,0,1,0,3,2,1,2,0,1,1,2,1,2,2,3,3,3,3,3,4,4,4,3,3,3,2,2,2,2,3,1,4,2,2,1,2,3,4,1,2,2,3,3,4,3,3,4,4,1,2,1,1,2,1,2,2,4,3,2,4,4,4,4,4,3,0,3000000.0
434,1,3,4,4,3,3,3,4,4,3,3,4,3,3,3,4,4,4,3,3,3,3,4,4,3,3,3,4,3,3,4,1,1,1,0,0,0,1,1,0,0,0,1,1,0,1,1,1,1,1,1,1,0,0,0,7,7,7,7,7,7,7,7,2,2,2,4,1,4,1,1,1,1,4,4,1,4,4,1,4,4,4,4,4,4,4,1,1,1,4,4,1,4,4,4,4,1,4,4,4,4,1,4,1,4000000.0
435,2,3,4,4,3,3,3,4,4,3,3,4,4,3,3,3,4,4,4,3,3,3,4,4,3,3,3,4,3,3,4,1,1,1,0,0,0,1,1,0,0,0,1,1,0,1,1,1,1,1,1,1,0,0,0,6,6,6,6,6,6,6,6,1,1,1,1,1,4,1,1,1,1,4,4,1,4,4,1,4,4,4,4,4,4,4,1,1,1,4,4,1,4,4,4,4,1,4,4,4,4,1,4,0,6000000.0
436,1,3,4,4,3,3,3,4,4,3,3,4,3,3,3,4,4,4,3,3,3,3,3,4,3,3,3,4,3,3,4,1,1,1,1,0,1,1,1,0,0,0,1,1,0,1,1,1,1,1,1,1,0,0,0,6,6,6,5,5,6,6,6,1,1,1,4,1,4,1,1,1,1,4,4,1,4,4,1,4,4,4,4,4,4,4,1,1,1,4,4,1,4,4,4,4,1,4,4,4,4,1,4,0,8000000.0
437,1,3,4,4,3,3,3,4,4,3,3,4,3,3,3,4,4,4,3,3,3,3,4,4,3,3,3,4,3,3,4,1,1,1,0,0,0,1,1,0,0,0,1,1,0,1,1,1,1,1,1,1,0,0,0,7,7,6,6,5,6,5,5,1,1,1,4,1,4,1,1,1,1,4,4,1,4,4,1,4,4,4,4,4,4,4,1,1,1,4,4,1,4,4,4,4,1,4,4,4,4,1,4,0,5000000.0
438,2,3,4,4,3,2,2,3,3,3,2,3,2,2,3,3,2,2,2,3,3,3,4,4,3,3,3,4,3,3,4,1,1,1,0,0,0,1,1,0,0,0,1,1,0,1,1,1,1,1,1,1,0,0,0,8,8,8,8,8,8,8,8,1,1,1,4,1,4,1,1,1,1,4,4,1,4,4,1,4,4,4,4,4,4,4,1,1,1,4,4,1,4,4,4,4,1,4,4,4,4,1,4,0,8000000.0
439,2,3,3,3,4,4,3,4,3,3,3,4,3,3,3,3,3,3,3,3,3,4,3,4,3,3,4,4,4,4,3,3,4,4,0,0,0,0,1,0,1,3,3,3,3,3,2,1,0,1,0,1,1,1,1,8,8,8,8,7,7,6,7,1,1,2,4,1,4,1,1,2,2,3,4,2,4,4,2,4,4,4,4,3,4,3,2,1,1,4,4,1,4,4,4,3,2,4,3,4,3,2,1,0,6000000.0
440,1,3,3,3,3,3,3,4,4,4,3,3,3,3,3,3,3,3,3,3,3,3,3,4,3,4,4,3,3,3,3,4,3,4,1,0,1,0,4,0,0,2,2,3,3,2,3,2,1,1,1,1,0,0,0,8,8,8,8,8,8,8,8,2,1,2,3,1,4,1,2,2,2,4,4,1,4,4,1,4,4,3,3,4,3,4,3,1,1,4,4,1,4,3,3,4,1,3,3,4,4,1,1,0,5000000.0
441,2,3,2,3,4,3,3,2,3,3,2,2,4,2,3,3,2,3,4,3,3,2,3,3,2,2,2,3,3,3,2,1,1,1,1,1,0,1,1,0,2,2,0,0,1,1,2,2,2,1,1,1,1,2,2,5,5,5,5,5,5,5,5,1,1,1,4,1,4,1,1,2,1,4,4,1,4,4,1,4,4,1,4,4,4,4,1,1,1,4,4,1,4,4,4,4,1,4,1,4,4,1,4,0,6000000.0
442,1,3,3,3,4,2,2,2,3,3,3,2,3,2,2,3,2,2,2,3,3,3,3,3,3,3,3,3,4,4,4,1,0,0,1,1,1,1,1,0,0,1,1,0,1,1,1,0,0,1,1,1,1,0,0,4,4,4,4,4,4,4,4,1,1,1,4,1,4,1,1,1,1,4,4,1,4,4,1,4,4,4,4,1,1,1,1,1,1,4,4,1,4,4,4,4,1,4,4,4,4,1,4,0,4000000.0
443,3,3,3,3,3,3,2,2,3,3,3,2,2,3,3,3,2,2,2,3,3,3,3,3,3,3,3,3,4,4,3,2,1,0,1,0,0,0,1,0,0,1,0,1,1,0,0,1,1,1,1,1,1,1,1,4,4,4,4,4,4,4,4,1,1,1,4,1,4,1,1,1,1,4,4,1,4,4,1,4,4,4,4,4,4,4,1,1,1,4,4,1,4,4,4,4,1,4,4,4,4,1,4,0,7000000.0
444,2,3,2,3,3,2,3,2,3,3,2,3,3,3,4,4,3,4,4,4,4,3,3,3,3,2,3,3,3,3,2,1,1,1,1,1,1,0,0,0,0,2,4,0,0,0,1,1,1,1,1,1,3,3,3,5,5,5,5,5,5,5,5,1,1,1,4,1,4,1,1,2,1,4,4,1,4,4,1,4,4,1,4,4,4,4,1,1,1,4,4,1,4,4,4,4,1,4,1,4,4,1,4,0,5000000.0
445,2,3,3,3,3,3,3,2,2,3,3,3,2,3,3,3,2,3,3,3,2,3,3,3,2,3,3,3,3,3,3,2,1,1,0,0,0,0,1,0,0,0,1,1,0,1,1,1,1,1,1,1,2,0,1,4,4,4,4,4,4,4,4,1,1,1,4,1,4,1,1,1,1,4,4,1,4,4,1,4,4,4,4,4,4,4,1,1,1,4,4,1,4,4,4,4,1,4,4,4,4,1,4,0,8000000.0
446,1,1,2,1,1,1,1,1,4,4,1,2,2,1,2,2,1,1,2,1,1,2,2,2,2,2,2,2,2,2,1,1,1,1,1,1,1,1,2,1,1,2,2,2,1,2,2,2,2,2,2,2,2,1,1,4,5,5,4,3,5,5,5,1,1,1,4,1,4,1,1,1,1,4,4,1,4,4,1,4,4,4,4,4,4,4,1,1,1,4,4,1,4,4,4,4,1,4,4,4,4,1,4,0,4000000.0
447,2,1,2,1,1,1,1,1,2,2,1,2,2,1,2,2,1,1,2,2,2,2,2,2,2,1,1,1,2,2,1,1,1,1,1,1,1,2,1,1,1,2,2,2,2,2,1,1,1,1,1,1,1,1,1,4,4,3,5,4,4,4,4,1,1,4,1,4,1,1,2,1,4,4,4,1,4,4,1,4,4,4,4,4,4,4,1,1,1,4,4,1,4,4,4,1,4,4,4,4,4,1,4,0,6000000.0
448,1,2,1,2,2,2,2,2,2,2,1,1,1,2,3,1,1,1,2,2,2,3,3,3,2,2,1,1,1,1,0,3,3,3,4,3,3,3,3,2,2,3,4,4,4,4,4,3,3,2,3,2,2,2,3,5,5,5,5,5,5,5,5,1,1,2,3,2,2,2,2,2,1,1,3,3,2,3,2,3,3,3,3,3,3,3,1,2,1,3,4,2,3,3,4,2,4,4,3,3,2,3,3,0,4000000.0
449,2,1,2,1,2,2,2,2,1,1,2,1,1,2,1,1,2,2,1,2,2,1,1,2,2,2,1,2,1,1,2,3,3,3,2,3,4,4,4,3,3,3,4,4,4,4,4,4,2,2,2,2,2,2,2,7,7,7,7,6,7,7,7,1,2,2,1,3,2,3,1,2,2,3,4,2,3,3,2,4,4,4,3,4,3,3,2,2,1,3,3,2,4,3,3,4,2,4,3,3,4,2,3,0,5500000.0
450,1,3,3,4,4,3,3,4,4,3,3,4,3,3,3,4,4,4,3,3,3,3,4,4,4,3,4,4,3,3,3,1,1,1,0,0,0,1,1,1,0,0,1,1,1,1,1,1,1,1,1,0,0,0,0,8,8,8,8,8,8,8,8,1,2,2,4,2,3,2,1,2,2,4,3,2,4,3,2,3,4,3,4,3,4,4,2,2,1,4,4,1,3,4,3,4,1,4,4,4,4,1,4,0,3500000.0
451,2,3,2,3,3,4,4,3,4,4,3,2,3,2,3,3,2,3,4,3,3,2,3,3,2,2,2,3,3,3,2,1,1,1,1,1,1,0,1,0,1,1,2,0,2,2,0,2,2,1,1,1,2,2,2,5,6,5,5,6,5,5,6,1,1,2,4,2,2,3,2,2,3,2,2,2,3,3,1,2,2,3,2,1,2,2,3,2,1,4,4,1,4,3,3,3,2,4,2,3,3,1,1,0,6000000.0
452,1,3,2,3,4,2,2,2,3,3,2,2,3,2,3,3,2,3,3,4,4,3,3,2,3,3,3,3,3,3,2,1,0,1,1,1,1,1,0,0,0,2,2,1,0,0,0,1,1,1,1,1,2,2,2,6,7,6,7,6,6,6,6,1,1,2,3,2,4,1,2,1,3,3,4,2,4,4,1,3,4,1,4,3,3,3,1,2,2,3,4,2,3,4,4,4,2,3,1,3,4,2,4,0,4500000.0
453,2,0,0,0,0,1,1,1,1,2,0,1,1,1,0,0,1,2,1,0,0,0,1,0,0,0,0,1,2,0,0,3,4,3,3,3,3,4,3,4,3,2,3,4,3,4,2,2,2,3,3,4,4,3,3,5,5,5,5,5,6,6,6,1,1,1,4,2,3,1,2,2,1,3,4,1,3,4,2,4,4,1,3,3,2,1,2,2,3,4,3,2,2,3,3,4,4,4,3,2,4,1,2,1,5000000.0
454,1,4,3,2,3,2,3,3,3,3,2,2,3,2,3,3,2,4,4,4,3,3,3,3,2,3,3,3,3,3,2,1,1,0,1,1,1,0,0,0,1,2,2,0,0,0,0,1,1,1,1,1,1,1,1,7,7,7,7,7,7,7,7,1,2,2,3,2,4,1,3,2,3,4,3,2,3,4,3,3,2,3,3,4,4,4,2,2,2,3,3,1,4,4,4,4,2,4,3,3,2,2,1,0,5000000.0
455,2,3,2,2,2,1,3,1,1,2,2,3,1,0,1,0,0,0,1,0,2,0,2,0,1,1,0,0,0,0,0,2,3,3,3,3,3,3,3,3,4,4,3,3,3,3,3,2,2,4,4,4,4,4,4,4,3,3,3,3,2,4,2,1,1,2,3,3,2,3,1,2,2,3,3,2,2,3,2,4,4,3,3,2,4,1,2,2,3,2,3,2,3,1,3,2,3,3,3,3,3,2,3,0,6000000.0
456,1,3,3,3,3,3,3,3,3,3,3,3,3,3,2,3,3,3,2,3,3,3,3,3,3,3,3,4,3,3,3,1,1,1,1,0,1,1,1,1,1,1,4,4,4,4,4,4,4,2,1,1,1,1,1,6,5,5,4,4,5,5,5,2,2,2,4,1,4,1,1,1,1,4,1,1,4,4,1,4,4,4,4,4,4,4,1,4,4,4,4,1,4,4,4,4,4,4,4,4,4,4,4,0,4000000.0
457,2,3,3,4,4,3,4,3,3,4,4,3,4,3,4,4,3,3,3,3,3,4,3,3,4,3,3,3,4,4,3,1,0,0,0,1,1,1,1,0,0,0,1,1,3,3,3,3,3,2,1,1,1,1,0,7,7,6,7,5,7,7,6,2,2,2,4,3,3,2,2,2,1,3,3,1,3,4,1,3,4,4,3,3,2,3,2,2,2,3,2,3,3,3,3,3,4,3,4,4,3,2,4,0,5000000.0
458,2,3,4,3,3,4,4,3,3,4,3,3,3,3,4,3,3,3,4,4,4,4,3,3,3,3,4,3,3,3,3,1,0,1,1,0,1,1,1,1,2,3,3,3,3,3,3,3,1,0,1,0,0,0,0,6,6,5,6,5,6,5,5,2,2,1,4,2,3,2,1,2,3,4,1,4,4,2,4,3,3,3,4,4,3,3,3,2,1,4,4,1,3,3,4,3,2,4,4,3,3,2,2,0,8000000.0
459,1,3,3,4,3,4,3,4,4,4,4,3,4,3,3,3,3,4,3,3,4,3,4,3,4,3,3,4,4,3,1,1,1,1,1,1,1,1,1,1,1,1,1,2,2,3,3,3,3,1,1,0,1,1,1,6,6,6,6,5,6,6,6,1,2,2,2,3,2,3,2,2,2,3,4,1,4,4,2,4,3,3,4,3,3,3,3,2,2,4,4,1,3,3,3,3,1,4,4,3,3,2,1,0,4500000.0
460,2,3,2,3,3,4,4,3,4,4,3,3,3,3,4,4,3,4,4,4,4,3,3,3,2,3,3,3,3,3,2,1,1,1,1,1,1,0,0,0,0,1,2,2,0,0,0,1,0,1,1,0,0,0,0,7,7,7,7,7,7,7,7,1,1,1,4,1,4,1,1,2,1,4,4,1,4,4,1,4,4,1,4,4,4,1,1,1,4,4,1,4,4,4,1,4,1,4,1,4,4,1,4,0,5000000.0
461,1,3,4,3,4,4,4,4,4,4,4,4,4,2,3,3,4,3,4,3,4,3,4,4,3,2,2,2,3,3,4,1,2,2,0,0,0,0,2,2,1,2,2,2,0,1,2,3,3,2,1,0,1,3,1,8,9,5,6,4,5,3,5,1,2,1,4,1,4,1,1,1,1,4,3,1,4,2,1,4,4,4,3,4,4,3,1,3,1,3,3,1,2,4,4,3,2,4,4,3,3,2,3,0,5500000.0
462,2,4,3,3,4,4,4,4,4,4,4,4,4,3,4,4,4,4,4,4,4,4,4,4,3,3,4,4,3,3,3,2,2,2,2,1,0,0,2,1,1,2,3,3,2,3,2,3,2,0,0,2,2,1,1,9,8,7,7,7,5,5,7,1,1,1,1,1,4,1,1,1,4,4,4,1,4,4,1,4,4,4,4,4,4,4,1,1,1,4,4,1,4,4,4,4,1,4,4,4,4,1,4,0,7000000.0
463,2,1,0,2,1,3,3,3,1,3,4,3,4,3,4,4,4,4,4,4,3,4,3,4,2,4,4,0,0,4,4,0,0,0,0,0,0,0,0,0,0,0,3,4,1,3,1,3,0,0,0,0,0,0,0,7,5,7,7,4,10,2,7,3,2,4,3,3,3,2,2,2,2,3,3,2,2,3,2,3,3,3,3,3,3,3,1,1,1,3,3,1,3,3,3,2,2,4,4,3,3,2,3,0,5000000.0
464,2,3,3,3,4,4,3,3,4,4,3,3,4,3,4,4,3,4,3,2,3,3,2,3,2,3,2,2,3,3,4,1,2,0,0,0,0,1,1,1,1,1,1,1,0,1,1,2,2,1,0,2,4,0,0,10,8,10,7,7,7,8,7,1,2,2,3,1,4,1,2,2,1,4,4,1,4,3,2,4,3,4,3,3,4,4,2,2,2,2,3,1,3,3,3,3,2,3,3,3,3,1,3,0,6000000.0
465,1,2,2,3,4,3,3,2,3,3,1,3,1,1,2,3,3,1,2,4,4,3,3,2,4,3,2,3,4,3,3,2,3,3,1,3,0,2,1,0,1,1,2,0,3,1,2,2,3,3,0,2,1,1,1,4,3,10,10,6,9,5,10,1,1,2,2,2,1,2,2,2,1,2,3,4,4,4,4,4,4,4,4,4,4,3,3,3,4,4,4,4,4,3,4,4,4,3,4,4,3,3,3,1,1500000.0
466,1,2,2,2,2,3,2,3,2,2,3,2,3,2,3,2,2,2,3,3,2,3,3,2,2,2,3,3,2,3,3,1,2,2,2,2,2,1,1,2,2,1,0,0,0,0,3,2,2,2,2,3,2,3,3,7,6,4,4,6,4,4,7,2,2,2,3,2,3,2,2,2,2,3,3,2,4,4,1,3,3,4,4,3,3,3,1,1,1,3,3,3,3,3,3,3,1,4,4,4,4,4,4,0,4500000.0
467,2,1,1,1,2,4,4,4,4,4,4,4,3,1,1,3,4,3,3,2,2,1,1,0,0,1,1,2,0,1,1,2,2,2,2,3,3,3,3,3,3,3,4,4,4,4,4,4,2,3,3,3,3,3,3,1,5,5,5,4,7,5,6,3,2,3,3,2,4,2,4,2,2,3,4,1,2,3,4,4,2,1,2,4,4,3,1,1,1,1,2,2,1,3,2,2,3,4,3,3,2,1,1,0,7500000.0
468,2,4,2,3,3,4,3,4,3,3,2,3,3,4,2,2,2,3,3,4,3,2,3,2,3,3,2,3,2,4,3,3,1,2,0,3,1,3,0,1,2,0,3,1,3,2,3,1,2,3,3,0,1,3,2,5,1,1,7,2,2,10,6,1,1,2,1,2,1,1,1,1,2,4,4,4,3,3,3,3,4,4,4,4,3,3,3,3,4,4,4,3,3,4,4,4,3,4,4,4,4,4,3,1,4000000.0
469,2,0,0,1,0,1,1,1,1,1,1,1,2,1,1,1,2,0,0,1,0,1,1,1,0,0,0,0,0,0,0,3,3,2,2,2,2,4,4,3,3,3,4,4,4,4,4,4,2,2,2,2,3,3,3,3,3,2,3,1,4,4,3,2,3,3,2,2,1,1,3,4,1,3,1,1,2,4,2,4,3,1,1,2,3,4,2,3,2,2,3,2,3,4,4,3,2,4,2,3,3,2,4,0,5000000.0
470,2,4,2,3,4,3,2,2,2,3,4,3,4,3,4,2,3,4,4,3,2,2,4,4,3,2,3,3,4,2,2,1,3,0,1,3,2,2,0,0,0,3,3,3,2,1,0,2,2,2,3,0,2,2,0,9,2,6,3,8,9,5,8,1,2,2,1,2,1,1,1,1,2,3,3,4,3,3,3,3,4,3,3,3,3,3,4,3,4,4,4,4,4,3,3,4,3,4,4,4,3,4,3,1,2000000.0
471,2,4,3,3,4,4,4,4,3,4,4,3,2,2,3,4,2,2,2,3,4,3,4,4,3,3,2,3,3,3,3,1,0,0,0,0,0,0,1,1,0,1,2,3,0,4,3,3,2,0,0,2,2,0,2,7,7,5,6,4,4,4,4,1,1,1,3,1,1,1,2,2,1,3,4,1,4,3,1,4,4,4,4,4,4,4,1,3,1,3,3,2,3,4,3,2,2,3,3,3,3,1,3,0,5000000.0
472,2,3,4,4,2,2,4,4,4,3,2,2,3,2,4,4,3,2,3,2,4,2,3,4,3,2,4,3,4,2,4,3,3,1,0,3,2,3,2,1,3,2,1,3,1,1,1,2,0,0,0,1,2,2,1,2,2,5,2,2,6,8,8,1,2,2,2,2,1,2,2,2,2,4,4,4,4,3,3,3,4,3,3,3,4,3,3,4,3,4,4,4,3,4,3,3,4,4,3,3,4,3,3,1,2500000.0
473,2,4,3,3,4,4,3,2,4,4,4,2,2,3,4,4,2,3,2,3,2,2,2,3,4,4,2,4,3,3,2,3,2,2,2,0,2,2,1,1,2,2,3,0,2,0,2,2,3,0,3,3,3,0,0,10,9,5,5,5,7,9,7,2,1,2,2,2,2,2,2,1,1,3,4,3,3,3,4,4,4,4,4,4,3,4,4,3,3,3,3,4,4,4,3,4,3,4,3,3,4,3,4,1,4000000.0
474,1,2,3,3,3,2,2,2,3,2,2,2,3,4,4,2,3,3,3,3,3,3,4,3,2,2,3,3,3,4,4,1,3,0,3,2,2,3,1,0,0,3,1,1,0,3,1,3,0,3,0,1,1,3,1,4,10,2,2,2,5,7,6,2,1,1,2,1,2,1,1,1,2,3,3,3,3,4,4,3,4,3,3,3,3,3,4,4,4,4,4,3,4,4,3,3,4,3,4,3,4,4,4,1,3000000.0
475,2,3,1,2,3,2,3,3,1,1,1,2,3,2,2,2,2,2,2,3,2,3,1,2,1,3,1,1,1,2,1,2,1,2,0,3,2,2,2,2,1,1,1,3,1,1,2,2,2,1,3,2,2,0,0,9,6,2,4,9,3,6,8,2,2,2,1,2,1,1,2,2,2,4,4,4,4,3,4,3,4,3,4,4,3,3,4,3,4,4,3,3,3,4,4,3,4,3,4,4,3,3,4,1,3800000.0
476,1,4,3,3,3,2,2,2,3,2,4,3,2,3,2,2,4,3,4,2,2,3,2,3,4,4,4,2,3,3,4,2,3,3,2,1,2,2,2,1,2,1,2,0,1,1,0,3,2,2,2,3,0,0,3,9,2,8,5,2,6,8,3,2,1,1,1,1,2,1,2,1,2,3,4,4,4,4,3,3,4,4,3,3,4,3,3,3,3,3,3,4,4,4,4,4,4,4,3,3,4,3,3,1,2000000.0
477,1,2,3,2,1,1,1,1,0,1,0,0,1,0,0,0,1,0,0,0,0,0,0,0,1,2,2,2,1,4,4,0,4,3,0,0,0,0,4,3,3,3,4,4,0,4,4,4,0,4,4,4,0,0,0,1,1,1,4,4,7,4,7,3,2,2,3,2,3,3,1,2,2,3,3,2,4,2,2,3,4,4,4,3,3,3,3,3,3,3,3,2,3,3,3,3,1,3,3,3,4,2,4,0,1000000.0
478,2,3,3,3,4,4,4,4,4,4,2,4,2,2,4,4,4,4,4,4,4,4,4,4,4,4,3,3,4,4,3,2,2,2,0,0,0,0,1,2,0,0,0,3,4,3,0,0,0,0,1,0,0,0,0,4,2,4,4,1,4,4,4,1,1,3,3,1,1,1,2,3,2,2,2,2,2,2,2,2,2,2,2,4,2,2,2,1,2,1,2,1,4,4,4,1,1,1,1,1,1,2,1,0,1500000.0
479,1,0,0,1,1,1,1,1,0,0,0,1,0,0,0,0,0,0,0,0,1,0,0,0,0,0,0,0,0,0,0,4,4,4,4,4,4,4,4,4,4,4,4,4,4,4,4,4,3,3,3,3,3,3,3,7,8,7,5,4,5,1,4,2,2,1,3,3,3,2,3,1,2,3,4,3,3,4,2,3,3,4,4,4,3,3,2,2,1,3,4,2,3,4,4,3,2,4,1,3,4,2,4,1,2000000.0
480,1,0,0,4,4,2,2,4,4,4,4,4,2,1,2,4,2,3,4,4,3,2,2,4,3,4,4,4,4,4,4,0,4,0,0,0,0,0,0,0,0,0,4,4,4,4,4,4,4,1,0,1,4,0,0,4,5,4,4,5,5,5,5,1,2,1,1,2,3,2,2,3,4,2,3,2,3,1,1,3,3,4,3,4,3,4,1,1,1,4,4,1,4,4,3,4,2,4,4,3,4,2,4,0,3000000.0
481,3,3,2,3,3,3,2,2,1,1,1,3,3,3,2,3,2,2,3,2,3,3,3,3,2,3,1,4,3,4,3,0,1,1,0,0,1,1,2,2,1,3,2,2,3,2,1,3,3,3,3,3,3,3,3,5,5,6,6,3,4,5,6,1,2,1,2,2,3,1,2,2,2,4,4,1,4,4,2,4,3,4,4,4,3,4,1,2,2,4,3,2,3,3,4,3,2,4,4,3,4,1,2,0,7000000.0
482,1,3,2,4,3,3,3,4,4,2,4,4,4,2,4,4,4,3,3,3,4,2,4,2,2,3,2,2,1,4,3,2,0,0,0,0,0,0,1,1,0,1,2,2,0,1,1,0,1,0,0,0,0,0,1,7,2,4,2,2,2,4,7,1,2,2,3,1,3,1,2,4,1,2,1,1,4,2,2,3,3,4,1,3,3,3,2,2,1,4,2,1,3,2,4,3,2,3,4,3,3,2,4,0,3500000.0
483,1,0,2,4,4,4,4,4,4,4,4,4,4,4,4,4,4,4,4,2,4,4,4,4,4,4,4,0,2,4,4,0,0,0,0,0,0,0,0,0,0,0,0,1,0,4,4,4,0,0,0,3,3,0,0,7,5,5,3,1,4,4,8,1,3,3,3,2,3,2,2,2,1,4,3,2,4,3,2,3,3,3,3,3,4,2,2,2,2,4,3,2,4,3,4,2,2,3,3,3,3,1,3,0,1000000.0
484,2,2,2,2,3,3,2,3,4,3,2,3,2,2,3,3,2,2,2,2,3,2,3,2,2,3,3,3,2,2,3,1,2,1,1,1,1,1,1,2,1,0,0,1,0,1,2,2,1,2,2,1,1,0,0,7,7,6,7,5,6,7,7,1,1,1,3,1,4,1,2,2,1,4,3,1,4,3,2,4,3,4,4,3,4,4,1,2,1,3,3,1,4,4,3,4,2,3,4,4,3,2,4,0,8000000.0
485,1,3,2,3,3,3,3,3,3,3,3,3,3,3,3,3,3,3,3,3,3,3,3,3,3,3,3,3,3,1,1,1,1,1,0,0,0,0,1,0,1,2,1,0,1,1,1,0,0,1,1,2,1,2,2,3,2,3,3,3,2,3,4,1,1,1,1,1,4,1,1,1,1,4,4,1,4,4,2,3,4,3,3,3,4,1,2,2,4,3,3,4,2,4,3,1,2,3,1,3,4,4,3,0,4000000.0
486,2,3,2,3,3,3,3,2,3,3,2,2,3,2,3,3,2,3,4,3,3,2,3,3,2,2,2,3,3,3,2,1,1,1,1,1,1,0,1,1,0,2,2,0,0,1,1,2,2,1,1,1,1,1,1,5,4,6,4,3,2,4,5,1,2,2,3,2,4,3,3,3,1,1,3,2,1,3,3,3,3,4,2,4,2,2,1,1,2,2,3,2,2,3,2,2,3,1,3,1,2,2,3,0,6000000.0
487,1,2,2,2,3,3,2,2,2,3,2,2,2,3,3,3,2,2,2,2,3,3,3,3,2,2,3,3,3,2,3,2,2,3,1,1,1,1,1,1,0,2,1,1,0,1,0,1,2,1,1,3,2,2,2,5,5,3,3,1,1,1,2,2,1,2,4,1,3,1,2,2,2,3,3,1,3,3,2,3,4,3,3,3,4,3,2,2,1,4,2,2,3,3,4,3,2,3,3,3,3,3,3,0,1000000.0
488,1,0,1,2,2,0,0,0,0,0,0,0,0,0,2,0,0,0,1,1,0,0,0,0,0,0,0,0,0,1,2,1,3,2,3,2,2,4,2,3,2,4,0,1,1,1,0,1,4,3,3,4,2,3,3,7,6,6,5,5,6,7,8,1,2,2,3,1,4,2,1,2,1,4,4,1,4,3,1,4,4,4,4,4,4,3,1,1,1,4,4,1,3,3,4,4,1,4,4,4,4,1,3,1,2500000.0
489,3,4,4,4,4,4,4,4,4,4,4,4,4,2,4,4,4,4,4,4,4,4,4,4,3,3,3,3,3,4,4,3,0,0,0,0,0,0,0,0,0,0,0,0,0,1,1,0,0,0,0,0,0,0,4,8,8,8,4,8,8,8,8,2,2,2,2,2,2,2,2,2,2,3,3,2,3,3,2,3,3,3,3,3,4,3,2,2,2,4,3,1,3,1,3,2,1,4,4,4,3,2,4,0,5000000.0
490,2,3,4,3,3,4,4,4,4,4,4,4,3,4,3,3,4,3,4,4,4,4,4,4,4,3,4,4,4,4,4,2,1,1,0,0,0,1,1,1,1,0,0,0,1,1,1,1,1,3,2,2,2,1,1,3,6,4,6,8,6,6,5,1,1,1,3,1,4,1,1,2,1,4,4,1,4,4,1,4,4,4,4,4,4,4,1,1,1,4,4,4,4,4,4,3,1,4,4,4,4,4,4,0,5000000.0
491,2,4,2,3,4,4,1,3,4,4,4,4,3,3,3,4,3,4,3,3,3,3,3,3,2,2,3,3,3,3,2,1,2,1,0,0,0,0,1,1,1,1,0,1,0,0,1,1,3,1,2,2,1,2,2,9,8,8,7,9,9,9,9,1,1,1,4,3,4,1,1,2,1,4,4,4,4,3,1,4,3,3,3,4,4,2,2,1,1,4,2,2,3,3,4,3,1,4,4,4,4,1,3,0,18000000.0
492,2,4,2,4,3,4,4,4,4,4,3,3,3,3,4,4,3,3,4,3,3,3,4,3,3,3,3,4,4,4,2,0,0,0,0,0,0,0,1,1,0,0,1,2,0,2,2,3,2,2,3,3,3,0,1,8,7,8,10,8,9,10,10,1,3,2,3,1,4,1,1,3,1,4,4,1,4,3,1,4,4,4,4,4,4,4,1,1,1,4,2,4,4,4,4,4,1,4,4,4,4,1,4,0,2800000.0
493,1,4,4,4,4,4,4,4,1,4,4,4,4,2,4,4,4,4,4,4,4,4,4,4,4,4,4,4,4,4,4,0,0,0,0,0,0,0,0,0,0,1,0,3,0,0,4,4,0,0,0,2,0,0,0,7,6,4,5,1,7,7,7,2,3,3,4,4,4,4,2,2,2,4,4,2,4,2,1,1,1,1,1,4,4,4,2,2,1,4,3,4,4,4,4,3,2,3,3,3,3,1,3,0,1500000.0
494,2,0,0,4,4,4,4,4,4,4,4,4,4,4,4,4,4,4,4,4,4,4,4,4,4,4,4,4,4,4,4,4,4,4,0,0,0,4,0,0,0,0,1,3,1,4,4,4,0,1,1,1,0,0,0,8,8,6,7,4,7,7,7,1,1,1,1,1,1,1,2,1,1,3,3,1,1,1,3,3,3,4,4,3,2,1,1,3,3,1,3,4,4,3,1,3,1,3,1,3,4,1,3,0,4000000.0
495,2,0,3,3,4,3,3,4,2,2,4,4,3,3,3,4,4,4,4,3,3,3,3,3,2,4,3,2,4,4,3,1,1,0,0,0,0,0,0,1,0,1,3,4,4,4,4,4,0,1,1,1,0,0,0,8,8,6,7,4,7,7,7,1,2,2,4,1,4,1,2,1,1,3,3,1,1,1,1,1,3,3,3,3,4,3,2,1,1,4,4,1,3,4,4,3,1,3,1,3,4,1,3,0,3500000.0
496,1,0,0,0,4,4,4,4,4,4,4,4,4,4,4,4,4,4,4,4,4,4,4,4,4,4,4,3,4,4,4,2,2,2,0,0,0,0,0,0,0,0,0,0,0,2,0,4,0,0,0,0,0,0,0,9,10,7,7,4,7,7,7,1,1,1,1,1,1,1,1,1,1,1,2,1,1,1,1,1,1,1,1,1,4,4,3,4,1,3,3,1,1,1,4,2,1,3,4,3,3,2,4,0,3000000.0
497,1,0,0,0,0,4,4,4,4,4,4,4,4,4,4,4,4,4,4,4,4,4,0,4,0,4,4,0,4,4,4,0,0,0,0,0,0,0,0,0,0,0,0,0,0,0,0,0,0,0,0,0,0,0,0,10,10,10,10,10,10,10,10,1,1,1,1,1,1,1,1,1,1,1,1,1,1,1,1,1,1,1,1,1,4,1,1,1,1,1,1,1,4,1,1,1,1,4,1,1,1,1,1,0,5000000.0
498,2,3,4,4,3,1,1,2,2,3,3,3,2,2,3,2,3,3,3,3,3,2,3,3,3,2,2,3,3,3,3,1,2,1,1,0,0,0,0,1,1,1,0,0,0,0,1,0,0,3,3,3,3,3,3,7,6,6,6,5,7,6,7,1,2,2,2,1,4,2,2,1,2,4,4,1,4,3,1,4,3,4,4,4,4,4,1,1,1,4,4,1,4,3,4,3,3,4,4,4,4,1,1,0,4000000.0
499,2,3,2,3,4,3,3,4,4,4,2,3,3,2,4,2,3,3,2,3,3,3,3,4,3,3,3,2,4,3,3,3,1,1,0,0,1,0,0,1,2,1,1,1,2,0,1,0,1,0,1,1,3,1,3,7,7,7,5,7,7,4,4,1,1,1,3,1,1,1,1,1,1,1,1,4,4,4,1,4,4,4,4,4,4,3,1,1,1,4,3,2,3,4,4,4,1,4,4,4,3,1,3,0,5000000.0
500,1,3,2,3,4,4,4,4,3,2,3,2,2,2,4,4,2,2,2,2,3,2,2,3,2,3,2,2,2,3,3,3,3,3,1,0,0,1,2,2,2,2,2,2,2,2,2,2,1,2,2,0,0,0,0,7,6,6,4,2,5,5,6,2,1,1,3,1,1,1,1,4,1,1,1,1,1,1,1,1,2,1,2,3,4,2,1,2,2,4,2,1,1,3,4,3,2,4,4,4,4,3,3,0,3500000.0
501,1,3,2,3,4,2,2,2,3,3,2,2,3,2,3,3,2,3,4,4,4,3,3,3,2,3,3,4,4,4,3,0,0,0,1,1,1,1,1,0,0,2,2,0,0,0,1,0,0,1,1,1,2,2,2,6,5,4,5,3,5,5,3,1,1,2,4,1,4,1,1,2,1,4,4,1,4,4,1,4,4,1,4,4,4,4,1,1,1,4,4,1,4,4,1,4,1,4,1,4,4,1,4,0,4000000.0
502,2,2,2,1,1,1,1,1,0,1,2,2,2,1,2,1,1,1,1,0,1,3,3,2,1,1,2,1,1,1,1,2,2,1,0,0,0,1,2,1,0,2,1,1,2,1,1,1,2,2,2,2,2,0,2,5,6,6,7,3,6,7,5,1,1,1,3,1,1,1,2,1,1,3,3,1,4,3,3,4,3,4,3,3,4,3,4,2,2,4,3,1,3,4,3,3,2,4,3,3,3,2,3,0,4700000.0
